date,product,category,units_sold,revenue,price,discount_pct,ad_spend,promo
2023-03-01,Беговая дорожка,Фитнес,27,1101041.91,47975.69,15.00,148.84,true
2023-03-01,Гантели разборные,Фитнес,72,491902.56,6831.98,0.00,254.07,false
2023-03-01,Палатка туристическая,Туризм,28,494807.60,17671.70,0.00,213.38,true
2023-03-01,Спальный мешок,Туризм,40,307310.00,7682.75,0.00,223.65,false
2023-03-01,Велосипед городской,Велоспорт,19,613460.03,32287.37,0.00,195.65,false
2023-03-01,Лыжный комплект,Зимний спорт,11,258268.23,23478.93,0.00,141.11,false
2023-03-02,Беговая дорожка,Фитнес,18,742094.64,45808.31,10.00,144.64,false
2023-03-02,Гантели разборные,Фитнес,69,482902.71,6998.59,0.00,281.46,false
2023-03-02,Палатка туристическая,Туризм,27,438864.21,16254.23,0.00,222.70,false
2023-03-02,Спальный мешок,Туризм,42,330535.38,7869.89,0.00,242.95,false
2023-03-02,Велосипед городской,Велоспорт,20,557646.20,30980.34,10.00,178.13,false
2023-03-02,Лыжный комплект,Зимний спорт,18,339012.54,20471.77,8.00,135.33,false
2023-03-03,Беговая дорожка,Фитнес,11,558249.34,50749.94,0.00,146.39,false
2023-03-03,Гантели разборные,Фитнес,64,461352.96,7208.64,0.00,291.67,false
2023-03-03,Палатка туристическая,Туризм,26,396451.64,15248.14,0.00,219.97,false
2023-03-03,Спальный мешок,Туризм,39,312889.20,8022.80,0.00,240.26,false
2023-03-03,Велосипед городской,Велоспорт,18,649845.90,36102.55,0.00,193.43,false
2023-03-03,Лыжный комплект,Зимний спорт,22,445697.56,23153.12,12.50,142.38,true
2023-03-04,Беговая дорожка,Фитнес,19,704478.01,46347.24,20.00,145.88,false
2023-03-04,Гантели разборные,Фитнес,95,652266.20,6865.96,0.00,276.05,true
2023-03-04,Палатка туристическая,Туризм,34,525890.24,15467.36,0.00,229.01,false
2023-03-04,Спальный мешок,Туризм,65,498576.65,7670.41,0.00,259.75,false
2023-03-04,Велосипед городской,Велоспорт,26,943100.34,36273.09,0.00,185.13,false
2023-03-04,Лыжный комплект,Зимний спорт,18,386566.38,21475.91,0.00,137.34,false
2023-03-05,Беговая дорожка,Фитнес,16,726399.36,45399.96,0.00,153.74,false
2023-03-05,Гантели разборные,Фитнес,87,626734.08,7203.84,0.00,283.77,false
2023-03-05,Палатка туристическая,Туризм,63,859058.55,16042.17,15.00,228.68,false
2023-03-05,Спальный мешок,Туризм,71,583736.44,8221.64,0.00,233.40,true
2023-03-05,Велосипед городской,Велоспорт,23,819228.26,35618.62,0.00,171.93,false
2023-03-05,Лыжный комплект,Зимний спорт,13,267401.55,20569.35,0.00,129.55,false
2023-03-06,Беговая дорожка,Фитнес,19,914650.12,48139.48,0.00,153.07,true
2023-03-06,Гантели разборные,Фитнес,95,722801.80,7608.44,0.00,226.69,false
2023-03-06,Палатка туристическая,Туризм,34,561876.86,16525.79,0.00,210.55,false
2023-03-06,Спальный мешок,Туризм,55,417970.85,7599.47,0.00,256.91,false
2023-03-06,Велосипед городской,Велоспорт,28,800518.88,31766.62,10.00,170.54,false
2023-03-06,Лыжный комплект,Зимний спорт,12,262650.36,21887.53,0.00,140.68,false
2023-03-07,Беговая дорожка,Фитнес,18,909781.02,50543.39,0.00,160.66,false
2023-03-07,Гантели разборные,Фитнес,106,697858.42,6930.07,5.00,274.56,false
2023-03-07,Палатка туристическая,Туризм,33,584897.28,17724.16,0.00,210.37,true
2023-03-07,Спальный мешок,Туризм,51,422172.90,8277.90,0.00,241.55,false
2023-03-07,Велосипед городской,Велоспорт,19,614535.24,32343.96,0.00,186.11,false
2023-03-07,Лыжный комплект,Зимний спорт,16,345653.44,23481.89,8.00,142.13,false
2023-03-08,Беговая дорожка,Фитнес,20,915848.80,45792.44,0.00,148.10,false
2023-03-08,Гантели разборные,Фитнес,127,853549.22,7680.99,12.50,260.09,true
2023-03-08,Палатка туристическая,Туризм,37,561015.09,15162.57,0.00,209.04,false
2023-03-08,Спальный мешок,Туризм,48,392438.88,8175.81,0.00,217.75,false
2023-03-08,Велосипед городской,Велоспорт,17,563869.26,33168.78,0.00,173.84,false
2023-03-08,Лыжный комплект,Зимний спорт,17,356436.96,20966.88,0.00,136.05,false
2023-03-09,Беговая дорожка,Фитнес,25,1179188.25,53905.74,12.50,155.01,true
2023-03-09,Гантели разборные,Фитнес,68,517372.56,7608.42,0.00,219.35,false
2023-03-09,Палатка туристическая,Туризм,33,450953.91,17081.59,20.00,214.02,false
2023-03-09,Спальный мешок,Туризм,36,300030.48,8334.18,0.00,211.86,false
2023-03-09,Велосипед городской,Велоспорт,17,556926.46,32760.38,0.00,166.09,false
2023-03-09,Лыжный комплект,Зимний спорт,14,289437.26,20674.09,0.00,131.11,false
2023-03-10,Беговая дорожка,Фитнес,14,668028.34,47716.31,0.00,154.09,false
2023-03-10,Гантели разборные,Фитнес,69,470269.50,7174.21,5.00,261.86,false
2023-03-10,Палатка туристическая,Туризм,26,377089.18,16114.92,10.00,233.79,false
2023-03-10,Спальный мешок,Туризм,54,412474.14,7638.41,0.00,235.79,false
2023-03-10,Велосипед городской,Велоспорт,27,702034.56,32501.60,20.00,169.34,false
2023-03-10,Лыжный комплект,Зимний спорт,26,572264.68,22010.18,0.00,142.46,true
2023-03-11,Беговая дорожка,Фитнес,11,523821.76,47620.16,0.00,149.50,false
2023-03-11,Гантели разборные,Фитнес,91,615570.41,6764.51,0.00,229.09,false
2023-03-11,Палатка туристическая,Туризм,60,781474.80,15323.04,15.00,237.39,false
2023-03-11,Спальный мешок,Туризм,72,589740.48,8190.84,0.00,220.22,true
2023-03-11,Велосипед городской,Велоспорт,29,940256.85,36025.17,10.00,184.83,false
2023-03-11,Лыжный комплект,Зимний спорт,20,362502.60,22656.42,20.00,130.94,false
2023-03-12,Беговая дорожка,Фитнес,15,711961.20,47464.08,0.00,153.38,false
2023-03-12,Гантели разборные,Фитнес,96,604832.64,7412.16,15.00,267.29,false
2023-03-12,Палатка туристическая,Туризм,63,882119.07,15219.45,8.00,223.77,true
2023-03-12,Спальный мешок,Туризм,75,566157.00,7548.76,0.00,213.90,false
2023-03-12,Велосипед городской,Велоспорт,28,838010.32,35210.52,15.00,172.32,false
2023-03-12,Лыжный комплект,Зимний спорт,13,269140.04,20703.08,0.00,122.48,true
2023-03-13,Беговая дорожка,Фитнес,17,798123.14,46948.42,0.00,155.53,false
2023-03-13,Гантели разборные,Фитнес,84,599982.60,7518.58,5.00,243.96,false
2023-03-13,Палатка туристическая,Туризм,39,536384.16,16180.52,15.00,221.63,false
2023-03-13,Спальный мешок,Туризм,64,472026.24,7763.58,5.00,242.23,false
2023-03-13,Велосипед городской,Велоспорт,21,659482.53,31403.93,0.00,165.33,true
2023-03-13,Лыжный комплект,Зимний спорт,15,313183.80,20878.92,0.00,119.19,true
2023-03-14,Беговая дорожка,Фитнес,14,726865.72,51918.98,0.00,169.22,false
2023-03-14,Гантели разборные,Фитнес,111,736405.08,7371.42,10.00,257.20,false
2023-03-14,Палатка туристическая,Туризм,40,629867.20,15746.68,0.00,210.34,false
2023-03-14,Спальный мешок,Туризм,49,345460.78,7050.22,0.00,256.26,false
2023-03-14,Велосипед городской,Велоспорт,21,698965.05,33284.05,0.00,178.79,false
2023-03-14,Лыжный комплект,Зимний спорт,12,257452.44,21454.37,0.00,122.42,false
2023-03-15,Беговая дорожка,Фитнес,20,1056294.80,52814.74,0.00,170.49,false
2023-03-15,Гантели разборные,Фитнес,119,690652.20,6828.00,15.00,292.20,true
2023-03-15,Палатка туристическая,Туризм,28,435518.72,17776.28,12.50,220.29,false
2023-03-15,Спальный мешок,Туризм,48,346184.16,7212.17,0.00,256.89,false
2023-03-15,Велосипед городской,Велоспорт,18,588980.16,34443.29,5.00,183.53,false
2023-03-15,Лыжный комплект,Зимний спорт,13,291523.83,22424.91,0.00,117.82,false
2023-03-16,Беговая дорожка,Фитнес,13,707921.24,54455.48,0.00,160.14,false
2023-03-16,Гантели разборные,Фитнес,77,544056.59,7850.74,10.00,246.78,false
2023-03-16,Палатка туристическая,Туризм,38,587954.24,17682.83,12.50,222.01,true
2023-03-16,Спальный мешок,Туризм,52,315709.68,7142.76,15.00,232.08,false
2023-03-16,Велосипед городской,Велоспорт,15,458761.80,30584.12,0.00,160.53,false
2023-03-16,Лыжный комплект,Зимний спорт,14,309872.22,23298.67,5.00,120.23,false
2023-03-17,Беговая дорожка,Фитнес,17,697389.47,48262.25,15.00,163.74,false
2023-03-17,Гантели разборные,Фитнес,81,622344.06,7683.26,0.00,254.25,false
2023-03-17,Палатка туристическая,Туризм,35,534724.40,15277.84,0.00,213.05,true
2023-03-17,Спальный мешок,Туризм,49,392392.49,8008.01,0.00,215.36,false
2023-03-17,Велосипед городской,Велоспорт,21,656359.62,31255.22,0.00,171.62,false
2023-03-17,Лыжный комплект,Зимний спорт,14,315310.52,22522.18,0.00,118.70,false
2023-03-18,Беговая дорожка,Фитнес,12,560446.32,46703.86,0.00,159.05,false
2023-03-18,Гантели разборные,Фитнес,80,598951.20,7486.89,0.00,223.76,false
2023-03-18,Палатка туристическая,Туризм,40,618826.40,15470.66,0.00,234.76,false
2023-03-18,Спальный мешок,Туризм,74,473090.14,6949.03,8.00,229.73,false
2023-03-18,Велосипед городской,Велоспорт,25,811182.00,32447.28,0.00,158.96,false
2023-03-18,Лыжный комплект,Зимний спорт,19,407510.86,23312.97,8.00,121.41,true
2023-03-19,Беговая дорожка,Фитнес,15,729204.30,48613.62,0.00,159.83,false
2023-03-19,Гантели разборные,Фитнес,86,553251.76,6771.75,5.00,271.26,false
2023-03-19,Палатка туристическая,Туризм,48,645818.88,15828.90,15.00,218.10,false
2023-03-19,Спальный мешок,Туризм,69,555558.33,8051.57,0.00,229.59,false
2023-03-19,Велосипед городской,Велоспорт,23,775519.98,33718.26,0.00,164.67,false
2023-03-19,Лыжный комплект,Зимний спорт,15,323074.50,23411.20,8.00,124.24,false
2023-03-20,Беговая дорожка,Фитнес,18,955428.30,53079.35,0.00,162.57,true
2023-03-20,Гантели разборные,Фитнес,86,587782.48,6834.68,0.00,268.62,false
2023-03-20,Палатка туристическая,Туризм,42,682255.56,17099.14,5.00,221.90,true
2023-03-20,Спальный мешок,Туризм,58,463413.04,7989.88,0.00,205.91,false
2023-03-20,Велосипед городской,Велоспорт,27,880140.87,32597.81,0.00,176.23,false
2023-03-20,Лыжный комплект,Зимний спорт,12,266216.88,22184.74,0.00,112.85,false
2023-03-21,Беговая дорожка,Фитнес,15,809710.05,53980.67,0.00,175.47,false
2023-03-21,Гантели разборные,Фитнес,96,671404.80,6993.80,0.00,286.04,false
2023-03-21,Палатка туристическая,Туризм,28,489069.00,17466.75,0.00,220.34,false
2023-03-21,Спальный мешок,Туризм,60,451657.20,7527.62,0.00,211.70,false
2023-03-21,Велосипед городской,Велоспорт,19,570711.93,30037.47,0.00,159.07,false
2023-03-21,Лыжный комплект,Зимний спорт,11,223083.52,20280.32,0.00,113.37,false
2023-03-22,Беговая дорожка,Фитнес,16,875045.76,54690.36,0.00,167.51,false
2023-03-22,Гантели разборные,Фитнес,91,610560.86,6709.46,0.00,246.92,false
2023-03-22,Палатка туристическая,Туризм,37,592273.43,16007.39,0.00,237.53,false
2023-03-22,Спальный мешок,Туризм,60,355741.20,7411.27,20.00,253.12,false
2023-03-22,Велосипед городской,Велоспорт,15,445881.15,34971.08,15.00,174.54,false
2023-03-22,Лыжный комплект,Зимний спорт,14,265173.44,21045.52,10.00,112.82,false
2023-03-23,Беговая дорожка,Фитнес,21,1097640.81,52268.61,0.00,165.95,false
2023-03-23,Гантели разборные,Фитнес,79,588163.69,7445.11,0.00,308.35,false
2023-03-23,Палатка туристическая,Туризм,31,506022.92,16323.32,0.00,238.66,false
2023-03-23,Спальный мешок,Туризм,46,348194.70,7569.45,0.00,211.29,true
2023-03-23,Велосипед городской,Велоспорт,22,613513.78,34858.74,20.00,168.63,false
2023-03-23,Лыжный комплект,Зимний спорт,14,322517.44,23036.96,0.00,128.46,false
2023-03-24,Беговая дорожка,Фитнес,19,931165.30,49008.70,0.00,165.25,false
2023-03-24,Гантели разборные,Фитнес,70,544140.10,7773.43,0.00,246.18,false
2023-03-24,Палатка туристическая,Туризм,33,446745.42,15926.75,15.00,233.69,true
2023-03-24,Спальный мешок,Туризм,63,381756.06,7128.96,15.00,204.74,false
2023-03-24,Велосипед городской,Велоспорт,21,708241.38,33725.78,0.00,156.87,false
2023-03-24,Лыжный комплект,Зимний спорт,15,304858.80,20323.92,0.00,116.66,false
2023-03-25,Беговая дорожка,Фитнес,13,659756.63,50750.51,0.00,168.85,false
2023-03-25,Гантели разборные,Фитнес,87,594388.35,6832.05,0.00,283.24,true
2023-03-25,Палатка туристическая,Туризм,30,488408.70,16280.29,0.00,235.47,false
2023-03-25,Спальный мешок,Туризм,61,433037.78,7098.98,0.00,217.42,false
2023-03-25,Велосипед городской,Велоспорт,25,717768.75,30221.84,5.00,170.66,false
2023-03-25,Лыжный комплект,Зимний спорт,17,346841.99,20402.47,0.00,113.82,false
2023-03-26,Беговая дорожка,Фитнес,17,804303.32,47311.96,0.00,173.56,false
2023-03-26,Гантели разборные,Фитнес,110,758286.10,6893.51,0.00,295.11,true
2023-03-26,Палатка туристическая,Туризм,46,719290.96,15636.76,0.00,215.07,true
2023-03-26,Спальный мешок,Туризм,89,618207.35,6946.15,0.00,208.72,false
2023-03-26,Велосипед городской,Велоспорт,31,963554.71,31082.41,0.00,158.47,false
2023-03-26,Лыжный комплект,Зимний спорт,13,285875.72,21990.44,0.00,112.86,false
2023-03-27,Беговая дорожка,Фитнес,15,822394.80,54826.32,0.00,177.42,false
2023-03-27,Гантели разборные,Фитнес,97,681375.53,7024.49,0.00,281.15,false
2023-03-27,Палатка туристическая,Туризм,43,624922.44,15796.82,8.00,228.31,false
2023-03-27,Спальный мешок,Туризм,48,373384.32,7778.84,0.00,202.09,false
2023-03-27,Велосипед городской,Велоспорт,21,688863.84,32803.04,0.00,163.67,false
2023-03-27,Лыжный комплект,Зимний спорт,21,380528.61,19696.09,8.00,110.19,false
2023-03-28,Беговая дорожка,Фитнес,18,923838.12,51324.34,0.00,180.53,false
2023-03-28,Гантели разборные,Фитнес,70,482772.50,6896.75,0.00,233.97,false
2023-03-28,Палатка туристическая,Туризм,42,712369.14,16961.17,0.00,221.33,false
2023-03-28,Спальный мешок,Туризм,77,461773.62,7496.33,20.00,234.39,false
2023-03-28,Велосипед городской,Велоспорт,18,621883.98,34549.11,0.00,155.52,false
2023-03-28,Лыжный комплект,Зимний спорт,10,211292.10,21129.21,0.00,109.46,false
2023-03-29,Беговая дорожка,Фитнес,19,952136.74,50112.46,0.00,175.97,false
2023-03-29,Гантели разборные,Фитнес,126,820665.72,7236.91,10.00,267.05,false
2023-03-29,Палатка туристическая,Туризм,28,423472.56,15124.02,0.00,234.16,false
2023-03-29,Спальный мешок,Туризм,56,342717.20,7199.94,15.00,242.20,false
2023-03-29,Велосипед городской,Велоспорт,17,511150.90,30067.70,0.00,151.89,false
2023-03-29,Лыжный комплект,Зимний спорт,12,244122.24,20343.52,0.00,116.66,false
2023-03-30,Беговая дорожка,Фитнес,20,944131.00,53950.34,12.50,170.79,false
2023-03-30,Гантели разборные,Фитнес,98,659836.94,6733.03,0.00,309.25,false
2023-03-30,Палатка туристическая,Туризм,27,443818.17,16437.71,0.00,224.07,false
2023-03-30,Спальный мешок,Туризм,35,252837.20,7223.92,0.00,198.91,false
2023-03-30,Велосипед городской,Велоспорт,21,645291.57,30728.17,0.00,147.24,true
2023-03-30,Лыжный комплект,Зимний спорт,19,392217.76,22438.09,8.00,122.12,true
2023-03-31,Беговая дорожка,Фитнес,19,877428.74,51311.62,10.00,184.79,true
2023-03-31,Гантели разборные,Фитнес,80,571997.60,7149.97,0.00,294.63,false
2023-03-31,Палатка туристическая,Туризм,26,400784.54,15414.79,0.00,235.10,false
2023-03-31,Спальный мешок,Туризм,41,304134.72,7417.92,0.00,223.08,false
2023-03-31,Велосипед городской,Велоспорт,19,575170.85,30272.15,0.00,161.62,false
2023-03-31,Лыжный комплект,Зимний спорт,10,236041.20,23604.12,0.00,101.27,false
2023-04-01,Беговая дорожка,Фитнес,12,636322.80,53026.90,0.00,172.03,false
2023-04-01,Гантели разборные,Фитнес,99,753540.48,7611.52,0.00,247.03,false
2023-04-01,Палатка туристическая,Туризм,36,555396.48,15427.68,0.00,223.47,false
2023-04-01,Спальный мешок,Туризм,49,353715.32,7218.68,0.00,222.21,false
2023-04-01,Велосипед городской,Велоспорт,22,744913.62,33859.71,0.00,160.05,false
2023-04-01,Лыжный комплект,Зимний спорт,20,410623.80,20531.19,0.00,115.04,false
2023-04-02,Беговая дорожка,Фитнес,15,736340.55,49089.37,0.00,187.52,false
2023-04-02,Гантели разборные,Фитнес,86,584646.92,6798.22,0.00,261.65,true
2023-04-02,Палатка туристическая,Туризм,32,561478.40,17546.20,0.00,209.21,false
2023-04-02,Спальный мешок,Туризм,68,449873.72,7191.07,8.00,231.79,false
2023-04-02,Велосипед городской,Велоспорт,26,830095.50,31926.75,0.00,150.84,false
2023-04-02,Лыжный комплект,Зимний спорт,17,361586.26,21269.78,0.00,106.88,false
2023-04-03,Беговая дорожка,Фитнес,25,934279.50,46713.98,20.00,178.46,false
2023-04-03,Гантели разборные,Фитнес,106,726574.88,6854.48,0.00,298.16,false
2023-04-03,Палатка туристическая,Туризм,43,644136.13,17119.90,12.50,234.13,false
2023-04-03,Спальный мешок,Туризм,68,492126.88,7866.48,8.00,224.09,false
2023-04-03,Велосипед городской,Велоспорт,21,742142.94,35340.14,0.00,147.37,false
2023-04-03,Лыжный комплект,Зимний спорт,10,217503.50,21750.35,0.00,108.58,false
2023-04-04,Беговая дорожка,Фитнес,18,855074.16,51634.91,8.00,184.71,false
2023-04-04,Гантели разборные,Фитнес,119,764026.41,6758.30,5.00,315.07,false
2023-04-04,Палатка туристическая,Туризм,45,687403.35,17457.86,12.50,212.21,false
2023-04-04,Спальный мешок,Туризм,50,356416.00,7128.32,0.00,204.80,false
2023-04-04,Велосипед городской,Велоспорт,23,702813.07,30557.09,0.00,148.98,false
2023-04-04,Лыжный комплект,Зимний спорт,14,280023.94,20001.71,0.00,101.86,false
2023-04-05,Беговая дорожка,Фитнес,23,961414.95,47772.17,12.50,186.73,false
2023-04-05,Гантели разборные,Фитнес,111,633480.33,6714.16,15.00,297.14,false
2023-04-05,Палатка туристическая,Туризм,28,462185.92,16506.64,0.00,215.03,false
2023-04-05,Спальный мешок,Туризм,43,291166.33,7738.64,12.50,218.23,false
2023-04-05,Велосипед городской,Велоспорт,14,495089.28,35363.52,0.00,148.81,false
2023-04-05,Лыжный комплект,Зимний спорт,19,349950.17,20464.92,10.00,102.60,true
2023-04-06,Беговая дорожка,Фитнес,27,1218280.23,50134.98,10.00,184.35,true
2023-04-06,Гантели разборные,Фитнес,74,493207.78,6664.97,0.00,255.51,false
2023-04-06,Палатка туристическая,Туризм,24,354656.64,14777.36,0.00,216.93,false
2023-04-06,Спальный мешок,Туризм,44,328183.24,7458.71,0.00,206.44,false
2023-04-06,Велосипед городской,Велоспорт,17,556058.78,32709.34,0.00,139.07,false
2023-04-06,Лыжный комплект,Зимний спорт,13,305725.94,23517.38,0.00,97.81,false
2023-04-07,Беговая дорожка,Фитнес,16,776443.04,48527.69,0.00,194.13,false
2023-04-07,Гантели разборные,Фитнес,68,495333.76,7284.32,0.00,301.94,false
2023-04-07,Палатка туристическая,Туризм,30,441431.40,16349.31,10.00,212.76,true
2023-04-07,Спальный мешок,Туризм,48,357932.16,7456.92,0.00,195.37,false
2023-04-07,Велосипед городской,Велоспорт,20,557534.60,31859.12,12.50,153.54,false
2023-04-07,Лыжный комплект,Зимний спорт,15,335734.50,22382.30,0.00,112.24,false
2023-04-08,Беговая дорожка,Фитнес,13,656092.32,50468.64,0.00,187.13,false
2023-04-08,Гантели разборные,Фитнес,78,525910.32,6742.44,0.00,300.93,false
2023-04-08,Палатка туристическая,Туризм,47,813060.05,17299.15,0.00,205.61,true
2023-04-08,Спальный мешок,Туризм,48,368811.84,7683.58,0.00,198.47,false
2023-04-08,Велосипед городской,Велоспорт,23,654737.32,30942.22,8.00,148.08,false
2023-04-08,Лыжный комплект,Зимний спорт,15,332464.05,22164.27,0.00,108.28,false
2023-04-09,Беговая дорожка,Фитнес,21,941964.24,49839.38,10.00,181.13,true
2023-04-09,Гантели разборные,Фитнес,96,625708.80,7084.56,8.00,306.19,false
2023-04-09,Палатка туристическая,Туризм,68,969282.88,16290.47,12.50,204.22,true
2023-04-09,Спальный мешок,Туризм,72,582575.76,8091.33,0.00,193.39,false
2023-04-09,Велосипед городской,Велоспорт,25,738691.75,31102.81,5.00,155.63,false
2023-04-09,Лыжный комплект,Зимний спорт,15,297010.80,19800.72,0.00,102.72,false
2023-04-10,Беговая дорожка,Фитнес,20,1033082.40,51654.12,0.00,180.79,false
2023-04-10,Гантели разборные,Фитнес,91,696423.00,7653.00,0.00,248.70,false
2023-04-10,Палатка туристическая,Туризм,33,559155.63,16944.11,0.00,228.86,false
2023-04-10,Спальный мешок,Туризм,60,367453.80,7204.98,15.00,234.84,false
2023-04-10,Велосипед городской,Велоспорт,25,775689.75,32660.62,5.00,134.44,false
2023-04-10,Лыжный комплект,Зимний спорт,9,186664.77,20740.53,0.00,101.79,false
2023-04-11,Беговая дорожка,Фитнес,20,931631.80,51757.33,10.00,191.63,false
2023-04-11,Гантели разборные,Фитнес,104,707533.84,6803.21,0.00,246.11,false
2023-04-11,Палатка туристическая,Туризм,43,640977.78,14906.46,0.00,232.73,false
2023-04-11,Спальный мешок,Туризм,31,235582.02,7599.42,0.00,197.13,false
2023-04-11,Велосипед городской,Велоспорт,20,701133.60,35056.68,0.00,148.20,false
2023-04-11,Лыжный комплект,Зимний спорт,11,213085.95,21055.93,8.00,93.15,false
2023-04-12,Беговая дорожка,Фитнес,21,1068457.11,50878.91,0.00,187.81,false
2023-04-12,Гантели разборные,Фитнес,101,718983.65,7118.65,0.00,258.11,false
2023-04-12,Палатка туристическая,Туризм,33,481340.97,14586.09,0.00,227.38,false
2023-04-12,Спальный мешок,Туризм,39,278939.70,7152.30,0.00,197.99,false
2023-04-12,Велосипед городской,Велоспорт,16,522831.68,32676.98,0.00,136.67,false
2023-04-12,Лыжный комплект,Зимний спорт,13,265594.16,20430.32,0.00,110.83,false
2023-04-13,Беговая дорожка,Фитнес,14,739034.80,52788.20,0.00,196.50,false
2023-04-13,Гантели разборные,Фитнес,80,534372.80,7260.50,8.00,269.02,false
2023-04-13,Палатка туристическая,Туризм,42,493507.56,14687.73,20.00,204.96,false
2023-04-13,Спальный мешок,Туризм,44,326827.16,7427.89,0.00,225.89,false
2023-04-13,Велосипед городской,Велоспорт,29,773977.81,33361.12,20.00,134.74,true
2023-04-13,Лыжный комплект,Зимний спорт,13,293313.02,22562.54,0.00,95.21,false
2023-04-14,Беговая дорожка,Фитнес,15,656581.20,50025.24,12.50,193.73,false
2023-04-14,Гантели разборные,Фитнес,78,563191.20,7220.40,0.00,318.14,false
2023-04-14,Палатка туристическая,Туризм,27,334471.95,15484.82,20.00,228.53,false
2023-04-14,Спальный мешок,Туризм,44,324717.80,7768.37,5.00,184.37,true
2023-04-14,Велосипед городской,Велоспорт,17,583673.24,34333.72,0.00,141.44,false
2023-04-14,Лыжный комплект,Зимний спорт,15,300856.80,22285.69,10.00,92.84,false
2023-04-15,Беговая дорожка,Фитнес,17,826709.66,48629.98,0.00,188.80,false
2023-04-15,Гантели разборные,Фитнес,81,568689.66,7020.86,0.00,276.82,false
2023-04-15,Палатка туристическая,Туризм,37,560447.14,17311.11,12.50,229.73,false
2023-04-15,Спальный мешок,Туризм,71,466388.35,7507.26,12.50,191.29,true
2023-04-15,Велосипед городской,Велоспорт,38,1142435.80,34358.97,12.50,137.68,true
2023-04-15,Лыжный комплект,Зимний спорт,22,432647.38,22475.18,12.50,100.20,true
2023-04-16,Беговая дорожка,Фитнес,15,727100.10,48473.34,0.00,187.52,false
2023-04-16,Гантели разборные,Фитнес,75,485682.00,7400.87,12.50,282.57,false
2023-04-16,Палатка туристическая,Туризм,39,629979.09,16153.31,0.00,227.68,false
2023-04-16,Спальный мешок,Туризм,72,509710.32,7079.31,0.00,186.85,false
2023-04-16,Велосипед городской,Велоспорт,25,863414.25,34536.57,0.00,132.59,false
2023-04-16,Лыжный комплект,Зимний спорт,20,325770.20,20360.63,20.00,100.54,false
2023-04-17,Беговая дорожка,Фитнес,22,1131309.30,51423.15,0.00,200.81,false
2023-04-17,Гантели разборные,Фитнес,110,831828.80,7562.08,0.00,312.62,true
2023-04-17,Палатка туристическая,Туризм,35,602701.75,17220.05,0.00,203.51,false
2023-04-17,Спальный мешок,Туризм,59,410900.19,6964.41,0.00,198.72,false
2023-04-17,Велосипед городской,Велоспорт,28,837133.64,29897.63,0.00,129.72,false
2023-04-17,Лыжный комплект,Зимний спорт,12,268302.00,22358.50,0.00,88.10,false
2023-04-18,Беговая дорожка,Фитнес,23,1133754.41,49293.67,0.00,200.70,false
2023-04-18,Гантели разборные,Фитнес,103,731263.95,7473.32,5.00,267.16,false
2023-04-18,Палатка туристическая,Туризм,43,584126.19,15981.56,15.00,224.07,false
2023-04-18,Спальный мешок,Туризм,54,364438.44,6748.86,0.00,187.93,false
2023-04-18,Велосипед городской,Велоспорт,16,504566.88,33195.19,5.00,125.04,false
2023-04-18,Лыжный комплект,Зимний спорт,11,236178.91,21470.81,0.00,89.00,false
2023-04-19,Беговая дорожка,Фитнес,18,974300.58,54127.81,0.00,199.92,false
2023-04-19,Гантели разборные,Фитнес,125,835100.00,6680.80,0.00,240.87,false
2023-04-19,Палатка туристическая,Туризм,36,541724.04,15047.89,0.00,202.22,false
2023-04-19,Спальный мешок,Туризм,56,330766.24,7383.17,20.00,211.52,false
2023-04-19,Велосипед городской,Велоспорт,14,474591.60,33899.40,0.00,142.33,false
2023-04-19,Лыжный комплект,Зимний спорт,12,256825.32,21402.11,0.00,96.61,false
2023-04-20,Беговая дорожка,Фитнес,21,1081358.88,54203.45,5.00,192.20,true
2023-04-20,Гантели разборные,Фитнес,72,515113.92,7154.36,0.00,287.69,false
2023-04-20,Палатка туристическая,Туризм,26,438924.46,16881.71,0.00,226.11,false
2023-04-20,Спальный мешок,Туризм,64,458822.40,7169.10,0.00,224.52,true
2023-04-20,Велосипед городской,Велоспорт,18,544248.54,30236.03,0.00,133.24,false
2023-04-20,Лыжный комплект,Зимний спорт,12,252093.12,21007.76,0.00,96.88,false
2023-04-21,Беговая дорожка,Фитнес,17,782890.63,46052.39,0.00,193.90,false
2023-04-21,Гантели разборные,Фитнес,78,561717.00,7201.50,0.00,247.99,false
2023-04-21,Палатка туристическая,Туризм,29,469243.78,16180.82,0.00,213.08,false
2023-04-21,Спальный мешок,Туризм,38,284640.90,7490.55,0.00,222.70,false
2023-04-21,Велосипед городской,Велоспорт,23,639898.41,32731.37,15.00,127.05,false
2023-04-21,Лыжный комплект,Зимний спорт,16,337947.36,21121.71,0.00,86.84,false
2023-04-22,Беговая дорожка,Фитнес,26,1224377.96,47091.46,0.00,195.11,true
2023-04-22,Гантели разборные,Фитнес,80,551528.80,6894.11,0.00,273.98,false
2023-04-22,Палатка туристическая,Туризм,36,567696.24,15769.34,0.00,225.80,false
2023-04-22,Спальный мешок,Туризм,58,399060.30,6880.35,0.00,189.53,false
2023-04-22,Велосипед городской,Велоспорт,23,700302.16,30447.92,0.00,131.78,false
2023-04-22,Лыжный комплект,Зимний спорт,17,406033.95,23884.35,0.00,94.86,false
2023-04-23,Беговая дорожка,Фитнес,14,753467.82,53819.13,0.00,193.06,false
2023-04-23,Гантели разборные,Фитнес,90,616637.70,6851.53,0.00,282.84,false
2023-04-23,Палатка туристическая,Туризм,42,628217.52,16258.22,8.00,213.25,false
2023-04-23,Спальный мешок,Туризм,60,477218.40,7953.64,0.00,173.17,false
2023-04-23,Велосипед городской,Велоспорт,28,985552.96,35198.32,0.00,122.19,true
2023-04-23,Лыжный комплект,Зимний спорт,12,262394.16,21866.18,0.00,85.92,false
2023-04-24,Беговая дорожка,Фитнес,16,832944.80,52059.05,0.00,195.11,false
2023-04-24,Гантели разборные,Фитнес,72,476946.72,6624.26,0.00,287.07,false
2023-04-24,Палатка туристическая,Туризм,36,584426.52,17088.49,5.00,216.35,false
2023-04-24,Спальный мешок,Туризм,48,377350.56,7861.47,0.00,220.70,false
2023-04-24,Велосипед городской,Велоспорт,22,701976.88,31908.04,0.00,124.39,false
2023-04-24,Лыжный комплект,Зимний спорт,11,254007.49,23091.59,0.00,92.94,false
2023-04-25,Беговая дорожка,Фитнес,19,871496.18,45868.22,0.00,203.14,false
2023-04-25,Гантели разборные,Фитнес,102,657335.94,7365.11,12.50,242.36,false
2023-04-25,Палатка туристическая,Туризм,47,605189.86,16095.48,20.00,217.96,false
2023-04-25,Спальный мешок,Туризм,55,400417.60,7280.32,0.00,215.05,false
2023-04-25,Велосипед городской,Велоспорт,12,394727.16,32893.93,0.00,127.56,false
2023-04-25,Лыжный комплект,Зимний спорт,11,245149.52,22286.32,0.00,92.20,false
2023-04-26,Беговая дорожка,Фитнес,25,1269889.50,50795.58,0.00,201.71,true
2023-04-26,Гантели разборные,Фитнес,96,611904.96,6374.01,0.00,250.84,false
2023-04-26,Палатка туристическая,Туризм,31,460935.59,14868.89,0.00,199.41,false
2023-04-26,Спальный мешок,Туризм,54,382197.42,7077.73,0.00,214.86,false
2023-04-26,Велосипед городской,Велоспорт,18,562698.00,31261.00,0.00,122.37,false
2023-04-26,Лыжный комплект,Зимний спорт,18,328845.42,20299.10,10.00,100.78,true
2023-04-27,Беговая дорожка,Фитнес,20,1005296.00,50264.80,0.00,194.38,false
2023-04-27,Гантели разборные,Фитнес,86,571097.62,6640.67,0.00,269.37,false
2023-04-27,Палатка туристическая,Туризм,31,472877.41,16056.96,5.00,216.83,false
2023-04-27,Спальный мешок,Туризм,32,228819.84,7150.62,0.00,196.87,false
2023-04-27,Велосипед городской,Велоспорт,18,560847.06,31158.17,0.00,129.88,false
2023-04-27,Лыжный комплект,Зимний спорт,13,255112.13,22427.45,12.50,101.66,false
2023-04-28,Беговая дорожка,Фитнес,19,902697.03,47510.37,0.00,196.15,false
2023-04-28,Гантели разборные,Фитнес,67,460377.77,7468.81,8.00,309.38,false
2023-04-28,Палатка туристическая,Туризм,26,391056.90,16711.83,10.00,196.66,false
2023-04-28,Спальный мешок,Туризм,36,230227.92,6951.33,8.00,178.32,false
2023-04-28,Велосипед городской,Велоспорт,20,587657.20,33580.42,12.50,134.75,false
2023-04-28,Лыжный комплект,Зимний спорт,15,315690.90,21046.06,0.00,84.17,false
2023-04-29,Беговая дорожка,Фитнес,15,744290.85,53934.12,8.00,210.10,false
2023-04-29,Гантели разборные,Фитнес,92,652323.24,7090.47,0.00,252.39,false
2023-04-29,Палатка туристическая,Туризм,32,444932.80,14635.95,5.00,195.97,false
2023-04-29,Спальный мешок,Туризм,42,327224.52,7791.06,0.00,216.16,false
2023-04-29,Велосипед городской,Велоспорт,25,663949.25,33197.47,20.00,132.43,false
2023-04-29,Лыжный комплект,Зимний спорт,15,325680.75,21712.05,0.00,98.59,false
2023-04-30,Беговая дорожка,Фитнес,19,881725.78,50441.98,8.00,197.14,false
2023-04-30,Гантели разборные,Фитнес,94,610165.28,6491.12,0.00,258.17,false
2023-04-30,Палатка туристическая,Туризм,61,771714.05,14458.34,12.50,195.33,true
2023-04-30,Спальный мешок,Туризм,68,482296.12,7092.59,0.00,202.77,false
2023-04-30,Велосипед городской,Велоспорт,28,871102.12,31110.79,0.00,117.46,false
2023-04-30,Лыжный комплект,Зимний спорт,18,322002.18,21045.89,15.00,94.78,false
2023-05-01,Беговая дорожка,Фитнес,20,939664.60,46983.23,0.00,200.60,false
2023-05-01,Гантели разборные,Фитнес,112,809211.20,7225.10,0.00,294.85,false
2023-05-01,Палатка туристическая,Туризм,24,389018.40,16209.10,0.00,218.54,false
2023-05-01,Спальный мешок,Туризм,43,330152.28,7677.96,0.00,166.11,false
2023-05-01,Велосипед городской,Велоспорт,19,599266.08,31540.32,0.00,121.81,false
2023-05-01,Лыжный комплект,Зимний спорт,14,313176.36,23547.09,5.00,93.56,false
2023-05-02,Беговая дорожка,Фитнес,20,1017803.20,50890.16,0.00,202.66,false
2023-05-02,Гантели разборные,Фитнес,136,776710.96,6526.98,12.50,283.31,false
2023-05-02,Палатка туристическая,Туризм,35,468757.80,15756.56,15.00,192.71,false
2023-05-02,Спальный мешок,Туризм,53,396656.24,7484.08,0.00,162.36,false
2023-05-02,Велосипед городской,Велоспорт,27,724158.36,33525.85,20.00,126.09,true
2023-05-02,Лыжный комплект,Зимний спорт,12,230001.00,21904.86,12.50,88.20,true
2023-05-03,Беговая дорожка,Фитнес,18,878399.46,48799.97,0.00,199.95,false
2023-05-03,Гантели разборные,Фитнес,122,702430.86,7197.04,20.00,254.17,false
2023-05-03,Палатка туристическая,Туризм,31,513262.04,16556.84,0.00,202.46,false
2023-05-03,Спальный мешок,Туризм,59,389821.85,7181.68,8.00,186.96,false
2023-05-03,Велосипед городской,Велоспорт,17,497948.70,34460.11,15.00,108.69,true
2023-05-03,Лыжный комплект,Зимний спорт,9,212678.19,23630.91,0.00,79.76,false
2023-05-04,Беговая дорожка,Фитнес,21,959742.00,45702.00,0.00,203.70,false
2023-05-04,Гантели разборные,Фитнес,104,755626.56,7265.64,0.00,268.67,false
2023-05-04,Палатка туристическая,Туризм,48,596849.76,15542.96,20.00,215.63,true
2023-05-04,Спальный мешок,Туризм,31,243908.00,7868.00,0.00,169.57,false
2023-05-04,Велосипед городской,Велоспорт,13,411216.13,31632.01,0.00,112.40,false
2023-05-04,Лыжный комплект,Зимний спорт,9,211300.65,23477.85,0.00,94.02,false
2023-05-05,Беговая дорожка,Фитнес,22,897287.82,45317.56,10.00,197.54,false
2023-05-05,Гантели разборные,Фитнес,97,692689.61,7141.13,0.00,282.40,false
2023-05-05,Палатка туристическая,Туризм,33,442290.09,14891.92,10.00,190.19,true
2023-05-05,Спальный мешок,Туризм,28,218410.08,7800.36,0.00,197.69,false
2023-05-05,Велосипед городской,Велоспорт,17,513723.51,30219.03,0.00,108.61,false
2023-05-05,Лыжный комплект,Зимний спорт,14,335221.74,23944.41,0.00,90.22,true
2023-05-06,Беговая дорожка,Фитнес,16,733176.96,45823.56,0.00,213.75,false
2023-05-06,Гантели разборные,Фитнес,78,529431.24,6787.58,0.00,291.62,false
2023-05-06,Палатка туристическая,Туризм,35,513275.00,14665.00,0.00,191.24,false
2023-05-06,Спальный мешок,Туризм,62,480188.14,7744.97,0.00,164.53,false
2023-05-06,Велосипед городской,Велоспорт,24,755123.28,31463.47,0.00,118.33,false
2023-05-06,Лыжный комплект,Зимний спорт,17,302613.26,22250.97,20.00,82.86,false
2023-05-07,Беговая дорожка,Фитнес,14,617607.62,47950.90,8.00,214.67,false
2023-05-07,Гантели разборные,Фитнес,84,578060.28,6881.67,0.00,246.46,false
2023-05-07,Палатка туристическая,Туризм,47,706879.06,16347.81,8.00,202.50,false
2023-05-07,Спальный мешок,Туризм,75,521361.75,7317.36,5.00,193.80,false
2023-05-07,Велосипед городской,Велоспорт,23,720827.82,31340.34,0.00,119.80,false
2023-05-07,Лыжный комплект,Зимний спорт,12,260570.76,21714.23,0.00,92.08,false
2023-05-08,Беговая дорожка,Фитнес,23,1042649.34,45332.58,0.00,201.64,false
2023-05-08,Гантели разборные,Фитнес,104,662632.88,6371.47,0.00,287.18,false
2023-05-08,Палатка туристическая,Туризм,44,651233.00,14800.75,0.00,194.82,false
2023-05-08,Спальный мешок,Туризм,45,303125.85,7321.89,8.00,165.52,false
2023-05-08,Велосипед городской,Велоспорт,14,455403.20,32528.80,0.00,120.86,false
2023-05-08,Лыжный комплект,Зимний спорт,8,182719.04,22839.88,0.00,91.88,false
2023-05-09,Беговая дорожка,Фитнес,17,850662.15,52672.58,5.00,200.78,false
2023-05-09,Гантели разборные,Фитнес,162,966723.66,6819.92,12.50,236.13,false
2023-05-09,Палатка туристическая,Туризм,35,524521.90,14986.34,0.00,209.79,false
2023-05-09,Спальный мешок,Туризм,28,224680.96,8024.32,0.00,171.67,false
2023-05-09,Велосипед городской,Велоспорт,14,465073.84,33219.56,0.00,105.80,false
2023-05-09,Лыжный комплект,Зимний спорт,11,225802.39,23459.99,12.50,94.92,false
2023-05-10,Беговая дорожка,Фитнес,23,1157639.91,50332.17,0.00,212.93,true
2023-05-10,Гантели разборные,Фитнес,82,601015.72,7329.46,0.00,296.46,false
2023-05-10,Палатка туристическая,Туризм,34,533268.92,15684.38,0.00,202.80,false
2023-05-10,Спальный мешок,Туризм,78,434083.26,6956.47,20.00,190.86,true
2023-05-10,Велосипед городской,Велоспорт,11,381704.73,34700.43,0.00,119.23,false
2023-05-10,Лыжный комплект,Зимний спорт,11,230316.13,20937.83,0.00,77.42,false
2023-05-11,Беговая дорожка,Фитнес,21,944785.17,44989.77,0.00,205.21,false
2023-05-11,Гантели разборные,Фитнес,96,663453.12,6910.97,0.00,232.48,false
2023-05-11,Палатка туристическая,Туризм,30,392718.00,14960.69,12.50,192.38,true
2023-05-11,Спальный мешок,Туризм,61,384072.47,7870.34,20.00,172.33,false
2023-05-11,Велосипед городской,Велоспорт,22,564284.16,32061.60,20.00,108.35,false
2023-05-11,Лыжный комплект,Зимний спорт,14,301811.16,21557.94,0.00,79.85,false
2023-05-12,Беговая дорожка,Фитнес,24,1001923.44,49113.90,15.00,217.74,false
2023-05-12,Гантели разборные,Фитнес,131,674321.19,6434.37,20.00,309.79,false
2023-05-12,Палатка туристическая,Туризм,21,341389.02,16256.62,0.00,191.32,false
2023-05-12,Спальный мешок,Туризм,38,258444.46,7392.58,8.00,167.09,false
2023-05-12,Велосипед городской,Велоспорт,15,524927.55,34995.17,0.00,121.94,false
2023-05-12,Лыжный комплект,Зимний спорт,12,247716.12,20643.01,0.00,85.27,false
2023-05-13,Беговая дорожка,Фитнес,17,832308.95,48959.35,0.00,207.03,false
2023-05-13,Гантели разборные,Фитнес,79,580552.83,7348.77,0.00,268.28,false
2023-05-13,Палатка туристическая,Туризм,33,547799.01,16599.97,0.00,195.14,false
2023-05-13,Спальный мешок,Туризм,84,463239.84,6893.45,20.00,157.13,false
2023-05-13,Велосипед городской,Велоспорт,19,642435.79,33812.41,0.00,111.36,false
2023-05-13,Лыжный комплект,Зимний спорт,18,344668.14,21883.69,12.50,78.33,false
2023-05-14,Беговая дорожка,Фитнес,18,854378.10,47465.45,0.00,205.42,false
2023-05-14,Гантели разборные,Фитнес,142,784815.54,6908.58,20.00,265.18,false
2023-05-14,Палатка туристическая,Туризм,35,552532.75,15786.65,0.00,178.95,false
2023-05-14,Спальный мешок,Туризм,53,404938.02,7640.34,0.00,180.08,false
2023-05-14,Велосипед городской,Велоспорт,27,928320.48,34382.24,0.00,110.20,true
2023-05-14,Лыжный комплект,Зимний спорт,10,237740.30,23774.03,0.00,83.66,false
2023-05-15,Беговая дорожка,Фитнес,21,937647.48,44649.88,0.00,206.97,false
2023-05-15,Гантели разборные,Фитнес,99,701537.76,7086.24,0.00,251.54,false
2023-05-15,Палатка туристическая,Туризм,44,727440.12,16532.73,0.00,207.99,false
2023-05-15,Спальный мешок,Туризм,56,387591.68,8142.68,15.00,194.96,false
2023-05-15,Велосипед городской,Велоспорт,19,594866.06,31308.74,0.00,111.89,true
2023-05-15,Лыжный комплект,Зимний спорт,11,250959.17,24015.23,5.00,82.00,false
2023-05-16,Беговая дорожка,Фитнес,27,1286361.81,47643.03,0.00,212.54,true
2023-05-16,Гантели разборные,Фитнес,95,643878.65,6777.67,0.00,276.88,false
2023-05-16,Палатка туристическая,Туризм,39,480457.77,14493.45,15.00,193.99,false
2023-05-16,Спальный мешок,Туризм,40,318026.40,7950.66,0.00,162.91,false
2023-05-16,Велосипед городской,Велоспорт,15,539958.90,35997.26,0.00,99.34,false
2023-05-16,Лыжный комплект,Зимний спорт,10,242469.40,24246.94,0.00,88.72,false
2023-05-17,Беговая дорожка,Фитнес,25,1108629.75,49272.43,10.00,214.71,false
2023-05-17,Гантели разборные,Фитнес,80,550604.80,6882.56,0.00,311.76,false
2023-05-17,Палатка туристическая,Туризм,29,477476.88,16464.72,0.00,181.05,false
2023-05-17,Спальный мешок,Туризм,33,241842.15,7328.55,0.00,174.55,false
2023-05-17,Велосипед городской,Велоспорт,14,459554.06,32825.29,0.00,114.58,false
2023-05-17,Лыжный комплект,Зимний спорт,10,225885.20,22588.52,0.00,83.56,false
2023-05-18,Беговая дорожка,Фитнес,33,1709062.74,51789.78,0.00,207.92,true
2023-05-18,Гантели разборные,Фитнес,89,530055.52,6473.56,8.00,304.15,false
2023-05-18,Палатка туристическая,Туризм,31,375960.87,15159.71,20.00,195.54,false
2023-05-18,Спальный мешок,Туризм,46,318550.92,7289.50,5.00,167.21,false
2023-05-18,Велосипед городской,Велоспорт,12,394078.08,32839.84,0.00,103.51,false
2023-05-18,Лыжный комплект,Зимний спорт,10,242852.90,24285.29,0.00,90.47,false
2023-05-19,Беговая дорожка,Фитнес,17,885470.16,52086.48,0.00,204.38,false
2023-05-19,Гантели разборные,Фитнес,75,533181.75,7109.09,0.00,296.19,false
2023-05-19,Палатка туристическая,Туризм,21,350896.14,16709.34,0.00,177.91,false
2023-05-19,Спальный мешок,Туризм,42,289578.24,6894.72,0.00,190.93,false
2023-05-19,Велосипед городской,Велоспорт,17,614384.59,36140.27,0.00,108.10,false
2023-05-19,Лыжный комплект,Зимний спорт,13,309473.19,23805.63,0.00,74.76,false
2023-05-20,Беговая дорожка,Фитнес,20,905700.20,47668.43,5.00,215.84,false
2023-05-20,Гантели разборные,Фитнес,83,614547.77,7404.19,0.00,268.76,false
2023-05-20,Палатка туристическая,Туризм,29,482067.29,16623.01,0.00,184.08,false
2023-05-20,Спальный мешок,Туризм,49,381012.73,7775.77,0.00,190.01,false
2023-05-20,Велосипед городской,Велоспорт,18,593526.24,32973.68,0.00,105.27,false
2023-05-20,Лыжный комплект,Зимний спорт,12,271347.96,22612.33,0.00,91.89,false
2023-05-21,Беговая дорожка,Фитнес,16,823148.48,51446.78,0.00,205.32,false
2023-05-21,Гантели разборные,Фитнес,108,693579.24,6980.47,8.00,254.47,false
2023-05-21,Палатка туристическая,Туризм,24,415118.88,17296.62,0.00,181.69,false
2023-05-21,Спальный мешок,Туризм,47,328936.55,6998.65,0.00,157.71,false
2023-05-21,Велосипед городской,Велоспорт,20,604366.20,32845.99,8.00,104.48,false
2023-05-21,Лыжный комплект,Зимний спорт,16,336938.88,21058.68,0.00,86.99,false
2023-05-22,Беговая дорожка,Фитнес,19,984232.87,51801.73,0.00,215.98,false
2023-05-22,Гантели разборные,Фитнес,112,757243.20,6761.10,0.00,284.70,false
2023-05-22,Палатка туристическая,Туризм,31,492859.08,15898.68,0.00,193.07,true
2023-05-22,Спальный мешок,Туризм,52,392270.32,7543.66,0.00,139.29,false
2023-05-22,Велосипед городской,Велоспорт,16,560748.80,35046.80,0.00,111.97,false
2023-05-22,Лыжный комплект,Зимний спорт,17,310532.71,20876.15,12.50,91.75,true
2023-05-23,Беговая дорожка,Фитнес,18,882674.28,49037.46,0.00,210.97,false
2023-05-23,Гантели разборные,Фитнес,77,565935.37,7349.81,0.00,236.89,false
2023-05-23,Палатка туристическая,Туризм,33,534680.19,16202.43,0.00,181.92,false
2023-05-23,Спальный мешок,Туризм,41,312080.93,7611.73,0.00,183.17,false
2023-05-23,Велосипед городской,Велоспорт,12,440072.28,36672.69,0.00,109.81,false
2023-05-23,Лыжный комплект,Зимний спорт,10,233915.60,23391.56,0.00,89.13,false
2023-05-24,Беговая дорожка,Фитнес,20,1005929.80,50296.49,0.00,211.08,false
2023-05-24,Гантели разборные,Фитнес,111,730285.65,6579.15,0.00,271.25,false
2023-05-24,Палатка туристическая,Туризм,23,362902.51,15778.37,0.00,186.39,false
2023-05-24,Спальный мешок,Туризм,38,286155.58,7530.41,0.00,183.41,false
2023-05-24,Велосипед городской,Велоспорт,16,458413.28,35813.53,20.00,91.37,false
2023-05-24,Лыжный комплект,Зимний спорт,13,282583.86,21737.22,0.00,84.61,false
2023-05-25,Беговая дорожка,Фитнес,21,924948.99,44045.19,0.00,220.69,false
2023-05-25,Гантели разборные,Фитнес,77,544510.12,7071.56,0.00,233.31,false
2023-05-25,Палатка туристическая,Туризм,23,343436.69,14932.03,0.00,176.67,false
2023-05-25,Спальный мешок,Туризм,53,362372.66,7197.08,5.00,164.89,true
2023-05-25,Велосипед городской,Велоспорт,13,429745.29,33057.33,0.00,92.94,false
2023-05-25,Лыжный комплект,Зимний спорт,15,320944.80,22522.44,5.00,90.38,false
2023-05-26,Беговая дорожка,Фитнес,19,872583.36,45925.44,0.00,208.01,false
2023-05-26,Гантели разборные,Фитнес,91,527528.82,6301.11,8.00,228.58,false
2023-05-26,Палатка туристическая,Туризм,32,493314.56,17128.97,10.00,167.50,true
2023-05-26,Спальный мешок,Туризм,41,334808.87,8166.07,0.00,144.80,true
2023-05-26,Велосипед городской,Велоспорт,10,366866.90,36686.69,0.00,91.54,false
2023-05-26,Лыжный комплект,Зимний спорт,12,269940.84,24451.17,8.00,76.26,false
2023-05-27,Беговая дорожка,Фитнес,21,922483.38,43927.78,0.00,213.79,false
2023-05-27,Гантели разборные,Фитнес,73,535592.24,7336.88,0.00,294.59,false
2023-05-27,Палатка туристическая,Туризм,32,443996.80,15416.55,10.00,187.01,false
2023-05-27,Спальный мешок,Туризм,54,363357.36,7476.49,10.00,161.53,false
2023-05-27,Велосипед городской,Велоспорт,21,654845.52,33894.69,8.00,97.02,false
2023-05-27,Лыжный комплект,Зимний спорт,16,379297.12,23706.07,0.00,79.93,false
2023-05-28,Беговая дорожка,Фитнес,15,775882.80,51725.52,0.00,220.76,false
2023-05-28,Гантели разборные,Фитнес,124,817189.76,6937.10,5.00,303.68,false
2023-05-28,Палатка туристическая,Туризм,32,487790.08,15243.44,0.00,190.59,false
2023-05-28,Спальный мешок,Туризм,39,312854.88,8021.92,0.00,150.83,false
2023-05-28,Велосипед городской,Велоспорт,16,547405.12,34212.82,0.00,90.28,false
2023-05-28,Лыжный комплект,Зимний спорт,10,238267.40,23826.74,0.00,82.36,false
2023-05-29,Беговая дорожка,Фитнес,22,1002463.44,45566.52,0.00,208.98,false
2023-05-29,Гантели разборные,Фитнес,93,597629.16,6426.12,0.00,266.11,false
2023-05-29,Палатка туристическая,Туризм,40,592279.20,17419.98,15.00,192.12,false
2023-05-29,Спальный мешок,Туризм,52,428367.16,8237.83,0.00,146.25,false
2023-05-29,Велосипед городской,Велоспорт,17,621739.47,36572.91,0.00,99.66,false
2023-05-29,Лыжный комплект,Зимний спорт,13,290602.52,22354.04,0.00,92.41,false
2023-05-30,Беговая дорожка,Фитнес,17,872125.84,51301.52,0.00,208.58,true
2023-05-30,Гантели разборные,Фитнес,111,641818.65,6802.53,15.00,277.11,false
2023-05-30,Палатка туристическая,Туризм,27,402119.64,14893.32,0.00,180.38,false
2023-05-30,Спальный мешок,Туризм,36,278249.76,7729.16,0.00,141.56,false
2023-05-30,Велосипед городской,Велоспорт,11,406391.81,36944.71,0.00,98.86,false
2023-05-30,Лыжный комплект,Зимний спорт,11,231669.46,21060.86,0.00,83.98,false
2023-05-31,Беговая дорожка,Фитнес,23,1067674.72,46420.64,0.00,221.83,false
2023-05-31,Гантели разборные,Фитнес,76,505569.48,6652.23,0.00,239.73,false
2023-05-31,Палатка туристическая,Туризм,26,388591.32,14945.82,0.00,172.84,false
2023-05-31,Спальный мешок,Туризм,43,355347.70,8263.90,0.00,145.50,false
2023-05-31,Велосипед городской,Велоспорт,12,404711.52,33725.96,0.00,87.66,false
2023-05-31,Лыжный комплект,Зимний спорт,11,233132.35,21193.85,0.00,88.31,false
2023-06-01,Беговая дорожка,Фитнес,20,993368.60,49668.43,0.00,214.83,false
2023-06-01,Гантели разборные,Фитнес,76,569500.68,7493.43,0.00,279.95,false
2023-06-01,Палатка туристическая,Туризм,33,495103.62,16670.15,10.00,182.21,false
2023-06-01,Спальный мешок,Туризм,44,276147.08,6973.41,10.00,149.96,false
2023-06-01,Велосипед городской,Велоспорт,15,471095.25,31406.35,0.00,106.42,false
2023-06-01,Лыжный комплект,Зимний спорт,19,368617.29,24251.14,20.00,90.70,true
2023-06-02,Беговая дорожка,Фитнес,18,911057.58,50614.31,0.00,219.98,false
2023-06-02,Гантели разборные,Фитнес,69,450386.46,6527.34,0.00,244.05,false
2023-06-02,Палатка туристическая,Туризм,25,403339.50,16133.58,0.00,182.67,false
2023-06-02,Спальный мешок,Туризм,35,235056.15,7462.10,10.00,166.96,false
2023-06-02,Велосипед городской,Велоспорт,14,472195.22,33728.23,0.00,107.28,false
2023-06-02,Лыжный комплект,Зимний спорт,12,293293.32,24441.11,0.00,84.22,false
2023-06-03,Беговая дорожка,Фитнес,15,771489.30,51432.62,0.00,214.55,false
2023-06-03,Гантели разборные,Фитнес,103,661804.87,7559.17,15.00,221.86,true
2023-06-03,Палатка туристическая,Туризм,43,565185.55,16429.82,20.00,179.43,false
2023-06-03,Спальный мешок,Туризм,55,402810.65,7323.83,0.00,130.46,false
2023-06-03,Велосипед городской,Велоспорт,16,589539.84,36846.24,0.00,105.54,false
2023-06-03,Лыжный комплект,Зимний спорт,11,261954.55,23814.05,0.00,80.08,false
2023-06-04,Беговая дорожка,Фитнес,19,859103.24,45215.96,0.00,204.74,false
2023-06-04,Гантели разборные,Фитнес,113,723627.14,6740.82,5.00,280.52,false
2023-06-04,Палатка туристическая,Туризм,27,452488.68,16758.84,0.00,170.52,false
2023-06-04,Спальный мешок,Туризм,46,333083.24,7240.94,0.00,172.49,false
2023-06-04,Велосипед городской,Велоспорт,22,666731.78,31901.04,5.00,96.40,false
2023-06-04,Лыжный комплект,Зимний спорт,21,439886.37,20946.97,0.00,77.14,true
2023-06-05,Беговая дорожка,Фитнес,21,1057401.45,50352.45,0.00,209.30,false
2023-06-05,Гантели разборные,Фитнес,104,715370.24,6878.56,0.00,293.00,false
2023-06-05,Палатка туристическая,Туризм,27,413571.69,15317.47,0.00,156.98,false
2023-06-05,Спальный мешок,Туризм,41,333150.01,8125.61,0.00,129.17,false
2023-06-05,Велосипед городской,Велоспорт,16,518126.24,32382.89,0.00,94.81,false
2023-06-05,Лыжный комплект,Зимний спорт,16,313260.96,21281.31,8.00,86.38,false
2023-06-06,Беговая дорожка,Фитнес,24,1208050.56,50335.44,0.00,216.47,true
2023-06-06,Гантели разборные,Фитнес,80,597853.60,7473.17,0.00,265.31,false
2023-06-06,Палатка туристическая,Туризм,35,546336.00,15609.60,0.00,180.75,false
2023-06-06,Спальный мешок,Туризм,35,278653.20,7961.52,0.00,138.39,false
2023-06-06,Велосипед городской,Велоспорт,13,428761.71,32981.67,0.00,86.44,false
2023-06-06,Лыжный комплект,Зимний спорт,8,173985.84,23639.38,8.00,79.47,false
2023-06-07,Беговая дорожка,Фитнес,21,1047572.61,49884.41,0.00,205.47,false
2023-06-07,Гантели разборные,Фитнес,90,634113.90,7045.71,0.00,257.80,true
2023-06-07,Палатка туристическая,Туризм,22,296748.76,15415.52,12.50,157.12,false
2023-06-07,Спальный мешок,Туризм,40,305581.60,7639.54,0.00,166.81,true
2023-06-07,Велосипед городской,Велоспорт,12,422763.24,35230.27,0.00,86.27,false
2023-06-07,Лыжный комплект,Зимний спорт,6,140769.54,23461.59,0.00,82.10,false
2023-06-08,Беговая дорожка,Фитнес,23,1029086.93,44742.91,0.00,211.96,false
2023-06-08,Гантели разборные,Фитнес,74,551818.74,7457.01,0.00,290.17,false
2023-06-08,Палатка туристическая,Туризм,22,334257.88,15193.54,0.00,165.33,false
2023-06-08,Спальный мешок,Туризм,32,256053.12,8001.66,0.00,131.58,true
2023-06-08,Велосипед городской,Велоспорт,11,395341.87,35940.17,0.00,92.96,false
2023-06-08,Лыжный комплект,Зимний спорт,15,328825.65,23827.95,8.00,81.11,false
2023-06-09,Беговая дорожка,Фитнес,15,699965.25,46664.35,0.00,217.64,false
2023-06-09,Гантели разборные,Фитнес,80,551225.60,7252.97,5.00,236.08,false
2023-06-09,Палатка туристическая,Туризм,23,389151.72,16919.64,0.00,176.43,false
2023-06-09,Спальный мешок,Туризм,37,289678.55,7829.15,0.00,169.32,false
2023-06-09,Велосипед городской,Велоспорт,10,367289.70,36728.97,0.00,80.81,false
2023-06-09,Лыжный комплект,Зимний спорт,12,284776.08,23731.34,0.00,83.94,false
2023-06-10,Беговая дорожка,Фитнес,14,627880.40,44848.60,0.00,205.65,false
2023-06-10,Гантели разборные,Фитнес,95,522997.80,6476.76,15.00,277.81,false
2023-06-10,Палатка туристическая,Туризм,36,547296.48,15202.68,0.00,171.82,false
2023-06-10,Спальный мешок,Туризм,46,338544.36,7359.66,0.00,148.61,false
2023-06-10,Велосипед городской,Велоспорт,23,699471.86,34756.37,12.50,83.03,false
2023-06-10,Лыжный комплект,Зимний спорт,10,233386.00,24566.95,5.00,91.31,false
2023-06-11,Беговая дорожка,Фитнес,15,736966.95,49131.13,0.00,216.81,false
2023-06-11,Гантели разборные,Фитнес,94,524928.90,6569.82,15.00,253.10,false
2023-06-11,Палатка туристическая,Туризм,31,543559.27,17534.17,0.00,163.40,false
2023-06-11,Спальный мешок,Туризм,45,319359.60,7096.88,0.00,139.68,false
2023-06-11,Велосипед городской,Велоспорт,21,735279.30,35013.30,0.00,99.66,true
2023-06-11,Лыжный комплект,Зимний спорт,8,180866.24,22608.28,0.00,88.14,false
2023-06-12,Беговая дорожка,Фитнес,22,1017682.82,46258.31,0.00,209.40,false
2023-06-12,Гантели разборные,Фитнес,119,742373.17,6780.90,8.00,280.94,false
2023-06-12,Палатка туристическая,Туризм,36,508759.20,15361.08,8.00,164.03,false
2023-06-12,Спальный мешок,Туризм,43,339597.23,7897.61,0.00,154.81,false
2023-06-12,Велосипед городской,Велоспорт,13,457296.06,35176.62,0.00,94.79,false
2023-06-12,Лыжный комплект,Зимний спорт,11,264098.12,24008.92,0.00,83.18,false
2023-06-13,Беговая дорожка,Фитнес,16,791956.16,49497.26,0.00,208.01,false
2023-06-13,Гантели разборные,Фитнес,79,527088.79,6672.01,0.00,283.89,false
2023-06-13,Палатка туристическая,Туризм,38,559373.68,15495.11,5.00,170.75,false
2023-06-13,Спальный мешок,Туризм,36,302352.12,8398.67,0.00,129.24,false
2023-06-13,Велосипед городской,Велоспорт,13,451518.60,34732.20,0.00,80.67,false
2023-06-13,Лыжный комплект,Зимний спорт,10,219601.80,23115.98,5.00,96.28,false
2023-06-14,Беговая дорожка,Фитнес,26,1236855.88,47571.38,0.00,211.63,false
2023-06-14,Гантели разборные,Фитнес,107,655692.79,6808.85,10.00,281.51,false
2023-06-14,Палатка туристическая,Туризм,28,433150.20,16283.85,5.00,162.31,false
2023-06-14,Спальный мешок,Туризм,28,223255.48,7973.41,0.00,133.02,false
2023-06-14,Велосипед городской,Велоспорт,14,503228.46,35944.89,0.00,87.65,true
2023-06-14,Лыжный комплект,Зимний спорт,8,196155.44,24519.43,0.00,92.97,false
2023-06-15,Беговая дорожка,Фитнес,26,1176450.08,45248.08,0.00,216.79,false
2023-06-15,Гантели разборные,Фитнес,65,434138.25,6679.05,0.00,231.69,false
2023-06-15,Палатка туристическая,Туризм,32,413790.40,16163.69,20.00,167.01,false
2023-06-15,Спальный мешок,Туризм,52,371921.68,7152.34,0.00,126.67,true
2023-06-15,Велосипед городской,Велоспорт,11,390947.92,35540.72,0.00,85.55,false
2023-06-15,Лыжный комплект,Зимний спорт,14,307296.64,21949.76,0.00,91.60,false
2023-06-16,Беговая дорожка,Фитнес,19,938652.06,49402.74,0.00,209.54,false
2023-06-16,Гантели разборные,Фитнес,71,504479.85,7105.35,0.00,266.18,false
2023-06-16,Палатка туристическая,Туризм,24,341316.24,16253.15,12.50,163.30,false
2023-06-16,Спальный мешок,Туризм,35,247932.30,7083.78,0.00,140.69,false
2023-06-16,Велосипед городской,Велоспорт,12,438757.80,36563.15,0.00,91.62,false
2023-06-16,Лыжный комплект,Зимний спорт,13,298527.84,22963.68,0.00,86.17,false
2023-06-17,Беговая дорожка,Фитнес,14,687955.24,49139.66,0.00,219.09,false
2023-06-17,Гантели разборные,Фитнес,85,607171.15,7143.19,0.00,293.34,false
2023-06-17,Палатка туристическая,Туризм,36,570179.52,17215.57,8.00,145.10,false
2023-06-17,Спальный мешок,Туризм,37,308967.76,8350.48,0.00,117.58,false
2023-06-17,Велосипед городской,Велоспорт,21,661573.71,31503.51,0.00,91.56,false
2023-06-17,Лыжный комплект,Зимний спорт,7,158296.25,22613.75,0.00,86.97,false
2023-06-18,Беговая дорожка,Фитнес,19,865435.37,45549.23,0.00,218.92,false
2023-06-18,Гантели разборные,Фитнес,77,551864.39,7167.07,0.00,283.04,false
2023-06-18,Палатка туристическая,Туризм,22,352751.08,16878.04,5.00,168.60,false
2023-06-18,Спальный мешок,Туризм,35,294160.30,8404.58,0.00,127.89,false
2023-06-18,Велосипед городской,Велоспорт,17,570561.31,33562.43,0.00,79.78,false
2023-06-18,Лыжный комплект,Зимний спорт,25,426821.75,21341.09,20.00,97.59,true
2023-06-19,Беговая дорожка,Фитнес,18,945338.58,52518.81,0.00,214.05,false
2023-06-19,Гантели разборные,Фитнес,110,709991.70,7593.50,15.00,282.24,false
2023-06-19,Палатка туристическая,Туризм,31,545298.68,17590.28,0.00,160.05,false
2023-06-19,Спальный мешок,Туризм,47,355667.33,7567.39,0.00,163.70,true
2023-06-19,Велосипед городской,Велоспорт,21,662789.82,31561.42,0.00,84.23,false
2023-06-19,Лыжный комплект,Зимний спорт,15,311336.85,20755.79,0.00,83.01,false
2023-06-20,Беговая дорожка,Фитнес,28,1164371.04,48923.15,15.00,202.10,false
2023-06-20,Гантели разборные,Фитнес,95,616307.75,6828.89,5.00,273.92,false
2023-06-20,Палатка туристическая,Туризм,24,406569.36,17831.99,5.00,167.82,false
2023-06-20,Спальный мешок,Туризм,35,270238.15,7721.09,0.00,152.34,false
2023-06-20,Велосипед городской,Велоспорт,16,545153.76,34072.11,0.00,96.67,false
2023-06-20,Лыжный комплект,Зимний спорт,12,253194.48,22934.29,8.00,89.41,false
2023-06-21,Беговая дорожка,Фитнес,17,893812.91,52577.23,0.00,209.98,false
2023-06-21,Гантели разборные,Фитнес,90,611715.60,6796.84,0.00,217.85,false
2023-06-21,Палатка туристическая,Туризм,30,522874.80,17429.16,0.00,157.73,false
2023-06-21,Спальный мешок,Туризм,30,245214.60,8173.82,0.00,112.02,false
2023-06-21,Велосипед городской,Велоспорт,13,413215.40,31785.80,0.00,84.95,false
2023-06-21,Лыжный комплект,Зимний спорт,11,245990.91,22362.81,0.00,94.04,false
2023-06-22,Беговая дорожка,Фитнес,32,1167216.64,45594.40,20.00,211.28,true
2023-06-22,Гантели разборные,Фитнес,75,545411.25,7654.90,5.00,281.57,false
2023-06-22,Палатка туристическая,Туризм,20,326856.60,16342.83,0.00,143.25,false
2023-06-22,Спальный мешок,Туризм,26,212486.56,8172.56,0.00,142.58,false
2023-06-22,Велосипед городской,Велоспорт,11,384565.83,34960.53,0.00,78.46,false
2023-06-22,Лыжный комплект,Зимний спорт,14,272384.28,22889.44,15.00,86.95,false
2023-06-23,Беговая дорожка,Фитнес,25,1115100.00,50976.00,12.50,204.09,false
2023-06-23,Гантели разборные,Фитнес,74,509268.74,6882.01,0.00,225.61,false
2023-06-23,Палатка туристическая,Туризм,19,299778.39,15777.81,0.00,140.45,false
2023-06-23,Спальный мешок,Туризм,43,267019.25,7762.19,20.00,160.40,false
2023-06-23,Велосипед городской,Велоспорт,15,513378.60,34225.24,0.00,96.56,false
2023-06-23,Лыжный комплект,Зимний спорт,16,337830.24,22225.67,5.00,83.13,false
2023-06-24,Беговая дорожка,Фитнес,23,945514.13,51386.63,20.00,200.81,false
2023-06-24,Гантели разборные,Фитнес,58,447539.02,7716.19,0.00,279.24,false
2023-06-24,Палатка туристическая,Туризм,28,470004.92,16785.89,0.00,153.55,false
2023-06-24,Спальный мешок,Туризм,36,236183.04,7718.40,15.00,137.24,false
2023-06-24,Велосипед городской,Велоспорт,31,842219.47,33960.46,20.00,83.54,true
2023-06-24,Лыжный комплект,Зимний спорт,17,367501.41,21617.73,0.00,101.83,true
2023-06-25,Беговая дорожка,Фитнес,20,905256.40,45262.82,0.00,198.23,false
2023-06-25,Гантели разборные,Фитнес,72,546452.64,7589.62,0.00,273.82,false
2023-06-25,Палатка туристическая,Туризм,28,491625.68,17558.06,0.00,162.67,false
2023-06-25,Спальный мешок,Туризм,45,319320.00,7096.00,0.00,147.20,false
2023-06-25,Велосипед городской,Велоспорт,25,769916.25,36231.35,15.00,81.68,false
2023-06-25,Лыжный комплект,Зимний спорт,11,251597.17,22872.47,0.00,84.62,false
2023-06-26,Беговая дорожка,Фитнес,17,842733.86,49572.58,0.00,200.17,false
2023-06-26,Гантели разборные,Фитнес,86,604199.88,7025.58,0.00,241.49,false
2023-06-26,Палатка туристическая,Туризм,29,489786.22,16889.18,0.00,155.57,false
2023-06-26,Спальный мешок,Туризм,38,292963.28,7709.56,0.00,144.41,false
2023-06-26,Велосипед городской,Велоспорт,18,616462.74,34247.93,0.00,76.63,false
2023-06-26,Лыжный комплект,Зимний спорт,11,253400.40,23036.40,0.00,100.96,false
2023-06-27,Беговая дорожка,Фитнес,19,895594.26,47136.54,0.00,205.13,false
2023-06-27,Гантели разборные,Фитнес,91,596131.90,7278.77,10.00,204.06,false
2023-06-27,Палатка туристическая,Туризм,32,453524.48,16197.31,12.50,147.85,false
2023-06-27,Спальный мешок,Туризм,40,268560.00,8392.50,20.00,149.20,false
2023-06-27,Велосипед городской,Велоспорт,15,475769.85,31717.99,0.00,86.46,false
2023-06-27,Лыжный комплект,Зимний спорт,9,186844.68,20760.52,0.00,95.30,false
2023-06-28,Беговая дорожка,Фитнес,23,1011140.03,51720.72,15.00,202.39,false
2023-06-28,Гантели разборные,Фитнес,86,644428.96,7493.36,0.00,218.86,false
2023-06-28,Палатка туристическая,Туризм,24,394604.88,16441.87,0.00,134.58,false
2023-06-28,Спальный мешок,Туризм,31,236020.36,7613.56,0.00,151.76,false
2023-06-28,Велосипед городской,Велоспорт,11,371526.21,33775.11,0.00,98.26,false
2023-06-28,Лыжный комплект,Зимний спорт,12,251368.44,20947.37,0.00,103.41,false
2023-06-29,Беговая дорожка,Фитнес,22,1023631.18,46528.69,0.00,208.39,false
2023-06-29,Гантели разборные,Фитнес,124,681082.40,6865.75,20.00,261.75,false
2023-06-29,Палатка туристическая,Туризм,19,306594.45,16136.55,0.00,134.71,false
2023-06-29,Спальный мешок,Туризм,34,219220.44,7585.48,15.00,120.97,false
2023-06-29,Велосипед городской,Велоспорт,10,360950.40,36095.04,0.00,85.12,false
2023-06-29,Лыжный комплект,Зимний спорт,13,277942.60,22505.47,5.00,90.66,false
2023-06-30,Беговая дорожка,Фитнес,15,708190.65,47212.71,0.00,200.52,false
2023-06-30,Гантели разборные,Фитнес,63,470780.10,7472.70,0.00,236.91,false
2023-06-30,Палатка туристическая,Туризм,16,279547.68,17471.73,0.00,132.21,false
2023-06-30,Спальный мешок,Туризм,25,204146.75,8165.87,0.00,151.07,false
2023-06-30,Велосипед городской,Велоспорт,14,447446.58,31960.47,0.00,95.49,false
2023-06-30,Лыжный комплект,Зимний спорт,12,277729.20,23144.10,0.00,96.53,false
2023-07-01,Беговая дорожка,Фитнес,26,962276.90,46263.31,20.00,200.54,true
2023-07-01,Гантели разборные,Фитнес,71,468649.70,6600.70,0.00,257.99,false
2023-07-01,Палатка туристическая,Туризм,33,474166.44,15965.20,10.00,137.67,false
2023-07-01,Спальный мешок,Туризм,46,359595.80,7817.30,0.00,130.51,false
2023-07-01,Велосипед городской,Велоспорт,18,627999.66,34888.87,0.00,98.85,false
2023-07-01,Лыжный комплект,Зимний спорт,16,303111.68,21049.43,10.00,107.11,false
2023-07-02,Беговая дорожка,Фитнес,19,985454.57,51866.03,0.00,195.80,true
2023-07-02,Гантели разборные,Фитнес,90,642076.20,7134.18,0.00,277.61,false
2023-07-02,Палатка туристическая,Туризм,27,462374.46,17124.98,0.00,138.63,false
2023-07-02,Спальный мешок,Туризм,48,359601.12,7491.69,0.00,149.85,false
2023-07-02,Велосипед городской,Велоспорт,15,494445.90,32963.06,0.00,87.81,false
2023-07-02,Лыжный комплект,Зимний спорт,13,312700.57,24053.89,0.00,90.81,false
2023-07-03,Беговая дорожка,Фитнес,21,1008653.10,48031.10,0.00,209.90,false
2023-07-03,Гантели разборные,Фитнес,97,583378.37,6873.38,12.50,235.88,false
2023-07-03,Палатка туристическая,Туризм,26,388561.68,15731.24,5.00,127.78,false
2023-07-03,Спальный мешок,Туризм,40,334223.20,8355.58,0.00,121.00,false
2023-07-03,Велосипед городской,Велоспорт,13,419254.16,32250.32,0.00,92.68,false
2023-07-03,Лыжный комплект,Зимний спорт,11,263910.79,23991.89,0.00,103.83,false
2023-07-04,Беговая дорожка,Фитнес,20,1041007.20,52050.36,0.00,200.09,false
2023-07-04,Гантели разборные,Фитнес,106,711856.78,6715.63,0.00,198.85,false
2023-07-04,Палатка туристическая,Туризм,24,397632.96,16568.04,0.00,124.64,false
2023-07-04,Спальный мешок,Туризм,34,246928.74,7262.61,0.00,133.22,false
2023-07-04,Велосипед городской,Велоспорт,20,526033.20,32877.08,20.00,99.32,false
2023-07-04,Лыжный комплект,Зимний спорт,13,265599.10,20430.70,0.00,101.40,false
2023-07-05,Беговая дорожка,Фитнес,18,907248.42,50402.69,0.00,201.49,false
2023-07-05,Гантели разборные,Фитнес,84,651844.20,7760.05,0.00,268.96,false
2023-07-05,Палатка туристическая,Туризм,23,352868.07,17046.77,10.00,133.30,false
2023-07-05,Спальный мешок,Туризм,28,207013.24,7393.33,0.00,110.84,false
2023-07-05,Велосипед городской,Велоспорт,12,362346.00,32821.20,8.00,83.44,false
2023-07-05,Лыжный комплект,Зимний спорт,13,273434.33,21033.41,0.00,90.16,false
2023-07-06,Беговая дорожка,Фитнес,17,782292.23,46017.19,0.00,203.28,false
2023-07-06,Гантели разборные,Фитнес,81,574163.64,7088.44,0.00,195.43,false
2023-07-06,Палатка туристическая,Туризм,19,328193.27,17273.33,0.00,143.51,false
2023-07-06,Спальный мешок,Туризм,33,258463.59,7832.23,0.00,122.27,false
2023-07-06,Велосипед городской,Велоспорт,14,469959.70,33568.55,0.00,80.13,false
2023-07-06,Лыжный комплект,Зимний спорт,13,297417.64,22878.28,0.00,100.83,false
2023-07-07,Беговая дорожка,Фитнес,18,876123.36,48673.52,0.00,200.01,false
2023-07-07,Гантели разборные,Фитнес,142,791348.96,6966.11,20.00,239.92,true
2023-07-07,Палатка туристическая,Туризм,23,385570.39,16763.93,0.00,139.93,true
2023-07-07,Спальный мешок,Туризм,35,258647.20,7778.86,5.00,142.44,false
2023-07-07,Велосипед городской,Велоспорт,11,388604.81,35327.71,0.00,85.23,false
2023-07-07,Лыжный комплект,Зимний спорт,18,383969.52,21331.64,0.00,104.80,true
2023-07-08,Беговая дорожка,Фитнес,16,737884.00,46117.75,0.00,208.29,false
2023-07-08,Гантели разборные,Фитнес,91,555628.71,7632.26,20.00,266.29,false
2023-07-08,Палатка туристическая,Туризм,31,437085.74,16587.70,15.00,134.23,false
2023-07-08,Спальный мешок,Туризм,40,284702.00,7117.55,0.00,100.73,false
2023-07-08,Велосипед городской,Велоспорт,16,554596.32,34662.27,0.00,82.19,false
2023-07-08,Лыжный комплект,Зимний спорт,12,280937.52,23411.46,0.00,103.33,false
2023-07-09,Беговая дорожка,Фитнес,22,945601.58,53727.36,20.00,206.83,false
2023-07-09,Гантели разборные,Фитнес,78,594346.74,7619.83,0.00,236.54,false
2023-07-09,Палатка туристическая,Туризм,34,527052.02,15501.53,0.00,137.49,false
2023-07-09,Спальный мешок,Туризм,47,369398.85,7859.55,0.00,108.72,false
2023-07-09,Велосипед городской,Велоспорт,18,557511.48,30972.86,0.00,92.58,false
2023-07-09,Лыжный комплект,Зимний спорт,22,383420.18,20503.76,15.00,106.18,false
2023-07-10,Беговая дорожка,Фитнес,19,805445.15,52989.81,20.00,202.41,false
2023-07-10,Гантели разборные,Фитнес,80,567052.80,7088.16,0.00,186.27,true
2023-07-10,Палатка туристическая,Туризм,37,598140.89,17962.18,10.00,136.65,true
2023-07-10,Спальный мешок,Туризм,45,376129.80,8358.44,0.00,115.89,false
2023-07-10,Велосипед городской,Велоспорт,15,534864.90,35657.66,0.00,88.83,false
2023-07-10,Лыжный комплект,Зимний спорт,15,336646.95,22443.13,0.00,101.09,false
2023-07-11,Беговая дорожка,Фитнес,24,938430.72,48876.60,20.00,193.76,false
2023-07-11,Гантели разборные,Фитнес,89,635561.46,7141.14,0.00,212.88,false
2023-07-11,Палатка туристическая,Туризм,30,519055.50,17301.85,0.00,118.14,true
2023-07-11,Спальный мешок,Туризм,36,277331.40,7703.65,0.00,133.78,false
2023-07-11,Велосипед городской,Велоспорт,16,467804.64,33414.62,12.50,76.61,false
2023-07-11,Лыжный комплект,Зимний спорт,13,282068.54,21697.58,0.00,111.70,false
2023-07-12,Беговая дорожка,Фитнес,17,849857.03,49991.59,0.00,196.58,false
2023-07-12,Гантели разборные,Фитнес,128,741237.76,6812.84,15.00,186.05,false
2023-07-12,Палатка туристическая,Туризм,20,306070.60,15303.53,0.00,144.15,false
2023-07-12,Спальный мешок,Туризм,28,197540.84,7426.34,5.00,105.15,false
2023-07-12,Велосипед городской,Велоспорт,11,326482.53,32978.03,10.00,86.43,false
2023-07-12,Лыжный комплект,Зимний спорт,13,256567.87,21928.88,10.00,96.55,false
2023-07-13,Беговая дорожка,Фитнес,16,839769.60,52485.60,0.00,194.12,false
2023-07-13,Гантели разборные,Фитнес,82,630869.46,7693.53,0.00,186.47,false
2023-07-13,Палатка туристическая,Туризм,19,318658.88,16771.52,0.00,142.58,false
2023-07-13,Спальный мешок,Туризм,25,187306.50,7492.26,0.00,132.26,false
2023-07-13,Велосипед городской,Велоспорт,19,608316.92,33701.76,5.00,98.42,false
2023-07-13,Лыжный комплект,Зимний спорт,14,282579.78,20184.27,0.00,96.92,false
2023-07-14,Беговая дорожка,Фитнес,16,778532.16,54064.74,10.00,190.89,false
2023-07-14,Гантели разборные,Фитнес,56,394311.12,7411.86,5.00,230.79,false
2023-07-14,Палатка туристическая,Туризм,19,317801.98,16726.42,0.00,122.73,false
2023-07-14,Спальный мешок,Туризм,43,303132.80,8056.69,12.50,110.85,false
2023-07-14,Велосипед городской,Велоспорт,13,438862.84,33758.68,0.00,85.49,false
2023-07-14,Лыжный комплект,Зимний спорт,16,374520.96,23407.56,0.00,117.01,false
2023-07-15,Беговая дорожка,Фитнес,14,744278.36,53162.74,0.00,184.93,false
2023-07-15,Гантели разборные,Фитнес,69,526242.30,7626.70,0.00,208.57,false
2023-07-15,Палатка туристическая,Туризм,26,464644.18,17870.93,0.00,138.48,false
2023-07-15,Спальный мешок,Туризм,77,459277.28,7455.80,20.00,139.38,true
2023-07-15,Велосипед городской,Велоспорт,16,547889.60,34243.10,0.00,100.96,false
2023-07-15,Лыжный комплект,Зимний спорт,15,311031.45,20735.43,0.00,112.64,true
2023-07-16,Беговая дорожка,Фитнес,18,910593.90,50588.55,0.00,199.20,false
2023-07-16,Гантели разборные,Фитнес,90,654403.50,7271.15,0.00,199.69,false
2023-07-16,Палатка туристическая,Туризм,25,431148.50,17245.94,0.00,129.01,false
2023-07-16,Спальный мешок,Туризм,53,380415.98,7177.66,0.00,104.79,false
2023-07-16,Велосипед городской,Велоспорт,29,859759.81,31207.25,5.00,86.49,true
2023-07-16,Лыжный комплект,Зимний спорт,20,401597.40,22310.97,10.00,102.32,true
2023-07-17,Беговая дорожка,Фитнес,15,791506.80,52767.12,0.00,184.62,false
2023-07-17,Гантели разборные,Фитнес,84,608308.68,7241.77,0.00,201.53,false
2023-07-17,Палатка туристическая,Туризм,39,613229.37,17091.12,8.00,128.72,true
2023-07-17,Спальный мешок,Туризм,45,356641.65,7925.37,0.00,114.62,false
2023-07-17,Велосипед городской,Велоспорт,17,549144.20,35891.78,10.00,86.58,false
2023-07-17,Лыжный комплект,Зимний спорт,15,305658.00,20377.20,0.00,103.94,false
2023-07-18,Беговая дорожка,Фитнес,18,926675.10,51481.95,0.00,192.39,false
2023-07-18,Гантели разборные,Фитнес,90,590013.00,7284.11,10.00,193.06,false
2023-07-18,Палатка туристическая,Туризм,23,381314.01,16578.87,0.00,127.55,false
2023-07-18,Спальный мешок,Туризм,21,156145.50,7435.50,0.00,141.84,false
2023-07-18,Велосипед городской,Велоспорт,14,430796.94,30771.21,0.00,80.96,false
2023-07-18,Лыжный комплект,Зимний спорт,14,292532.66,20895.19,0.00,101.73,false
2023-07-19,Беговая дорожка,Фитнес,26,1135193.28,47457.91,8.00,189.89,false
2023-07-19,Гантели разборные,Фитнес,93,689581.05,7414.85,0.00,195.10,false
2023-07-19,Палатка туристическая,Туризм,15,245984.70,16398.98,0.00,115.17,false
2023-07-19,Спальный мешок,Туризм,33,252102.18,7639.46,0.00,119.58,false
2023-07-19,Велосипед городской,Велоспорт,10,353275.10,35327.51,0.00,87.26,false
2023-07-19,Лыжный комплект,Зимний спорт,12,257169.48,21430.79,0.00,112.32,false
2023-07-20,Беговая дорожка,Фитнес,17,916046.36,53885.08,0.00,183.80,false
2023-07-20,Гантели разборные,Фитнес,68,531874.24,7821.68,0.00,174.09,false
2023-07-20,Палатка туристическая,Туризм,19,296282.20,15593.80,0.00,126.30,false
2023-07-20,Спальный мешок,Туризм,33,207938.94,7201.35,12.50,118.43,false
2023-07-20,Велосипед городской,Велоспорт,18,540980.10,30054.45,0.00,78.81,false
2023-07-20,Лыжный комплект,Зимний спорт,15,328099.80,21873.32,0.00,112.24,false
2023-07-21,Беговая дорожка,Фитнес,11,603466.38,54860.58,0.00,193.21,false
2023-07-21,Гантели разборные,Фитнес,62,414807.28,6690.44,0.00,197.46,false
2023-07-21,Палатка туристическая,Туризм,13,226291.78,17407.06,0.00,115.43,false
2023-07-21,Спальный мешок,Туризм,33,260766.00,7902.00,0.00,142.73,false
2023-07-21,Велосипед городской,Велоспорт,16,539978.72,33748.67,0.00,80.41,false
2023-07-21,Лыжный комплект,Зимний спорт,15,303921.60,20261.44,0.00,120.20,false
2023-07-22,Беговая дорожка,Фитнес,13,625679.73,48129.21,0.00,196.04,false
2023-07-22,Гантели разборные,Фитнес,85,516181.20,7590.90,20.00,243.94,false
2023-07-22,Палатка туристическая,Туризм,28,453110.56,16182.52,0.00,135.70,false
2023-07-22,Спальный мешок,Туризм,42,300842.22,7162.91,0.00,98.35,false
2023-07-22,Велосипед городской,Велоспорт,25,789787.50,31591.50,0.00,99.38,false
2023-07-22,Лыжный комплект,Зимний спорт,24,408426.00,20020.89,15.00,106.26,false
2023-07-23,Беговая дорожка,Фитнес,14,712932.50,50923.75,0.00,184.15,false
2023-07-23,Гантели разборные,Фитнес,96,628208.64,7270.93,10.00,212.41,false
2023-07-23,Палатка туристическая,Туризм,32,488724.48,15272.64,0.00,112.12,false
2023-07-23,Спальный мешок,Туризм,47,380221.54,8089.82,0.00,99.81,false
2023-07-23,Велосипед городской,Велоспорт,22,716157.42,35383.28,8.00,85.38,false
2023-07-23,Лыжный комплект,Зимний спорт,15,285999.15,21790.42,12.50,114.75,false
2023-07-24,Беговая дорожка,Фитнес,22,1025660.68,46620.94,0.00,195.40,false
2023-07-24,Гантели разборные,Фитнес,84,572453.28,6814.92,0.00,250.00,false
2023-07-24,Палатка туристическая,Туризм,23,349295.94,15186.78,0.00,117.10,false
2023-07-24,Спальный мешок,Туризм,45,351341.10,8218.51,5.00,125.68,false
2023-07-24,Велосипед городской,Велоспорт,15,475396.50,31693.10,0.00,86.08,false
2023-07-24,Лыжный комплект,Зимний спорт,13,296052.38,22773.26,0.00,123.61,false
2023-07-25,Беговая дорожка,Фитнес,16,796977.92,49811.12,0.00,185.95,false
2023-07-25,Гантели разборные,Фитнес,113,690597.24,7189.97,15.00,186.42,false
2023-07-25,Палатка туристическая,Туризм,23,381271.69,16577.03,0.00,126.69,false
2023-07-25,Спальный мешок,Туризм,37,287161.81,7761.13,0.00,105.39,false
2023-07-25,Велосипед городской,Велоспорт,25,700768.25,31145.26,10.00,93.85,true
2023-07-25,Лыжный комплект,Зимний спорт,20,389305.60,22900.32,15.00,119.80,true
2023-07-26,Беговая дорожка,Фитнес,14,672015.96,48001.14,0.00,186.81,false
2023-07-26,Гантели разборные,Фитнес,81,558504.72,7494.70,8.00,248.50,false
2023-07-26,Палатка туристическая,Туризм,21,345492.42,16452.02,0.00,123.80,false
2023-07-26,Спальный мешок,Туризм,32,256160.32,8005.01,0.00,114.50,false
2023-07-26,Велосипед городской,Велоспорт,13,415507.95,31962.15,0.00,99.11,false
2023-07-26,Лыжный комплект,Зимний спорт,16,304112.32,20659.81,8.00,126.78,false
2023-07-27,Беговая дорожка,Фитнес,17,843054.65,49591.45,0.00,182.54,false
2023-07-27,Гантели разборные,Фитнес,70,516977.30,7774.10,5.00,176.60,false
2023-07-27,Палатка туристическая,Туризм,16,264284.96,16517.81,0.00,120.27,false
2023-07-27,Спальный мешок,Туризм,34,278181.88,8181.82,0.00,93.41,true
2023-07-27,Велосипед городской,Велоспорт,14,443730.00,35216.66,10.00,82.66,false
2023-07-27,Лыжный комплект,Зимний спорт,15,312971.40,20864.76,0.00,109.89,false
2023-07-28,Беговая дорожка,Фитнес,16,780398.24,48774.89,0.00,189.25,false
2023-07-28,Гантели разборные,Фитнес,59,433634.66,7349.74,0.00,182.79,false
2023-07-28,Палатка туристическая,Туризм,20,328167.80,16408.39,0.00,121.60,false
2023-07-28,Спальный мешок,Туризм,28,221036.76,7894.17,0.00,104.83,false
2023-07-28,Велосипед городской,Велоспорт,11,391242.06,35567.46,0.00,88.08,false
2023-07-28,Лыжный комплект,Зимний спорт,15,343698.45,22913.23,0.00,113.19,false
2023-07-29,Беговая дорожка,Фитнес,18,956682.54,53149.03,0.00,189.29,false
2023-07-29,Гантели разборные,Фитнес,62,456799.26,7367.73,0.00,217.16,false
2023-07-29,Палатка туристическая,Туризм,24,369779.52,15407.48,0.00,126.67,false
2023-07-29,Спальный мешок,Туризм,49,356432.37,7274.13,0.00,107.15,true
2023-07-29,Велосипед городской,Велоспорт,16,549808.16,34363.01,0.00,84.90,false
2023-07-29,Лыжный комплект,Зимний спорт,24,478291.68,22775.80,12.50,119.32,true
2023-07-30,Беговая дорожка,Фитнес,15,802786.20,53519.08,0.00,189.63,false
2023-07-30,Гантели разборные,Фитнес,84,605952.48,7213.72,0.00,210.41,false
2023-07-30,Палатка туристическая,Туризм,25,385905.75,15436.23,0.00,121.80,false
2023-07-30,Спальный мешок,Туризм,36,262282.32,7285.62,0.00,140.12,false
2023-07-30,Велосипед городской,Велоспорт,21,703606.68,33505.08,0.00,106.31,false
2023-07-30,Лыжный комплект,Зимний спорт,16,343908.00,23363.32,8.00,116.90,false
2023-07-31,Беговая дорожка,Фитнес,12,634333.92,52861.16,0.00,178.50,false
2023-07-31,Гантели разборные,Фитнес,130,787542.60,7572.52,20.00,166.09,true
2023-07-31,Палатка туристическая,Туризм,34,472588.10,15108.32,8.00,111.49,false
2023-07-31,Спальный мешок,Туризм,40,281084.40,7027.11,0.00,104.72,false
2023-07-31,Велосипед городской,Велоспорт,23,689376.47,29972.89,0.00,96.95,false
2023-07-31,Лыжный комплект,Зимний спорт,20,370647.20,20143.87,8.00,124.26,false
2023-08-01,Беговая дорожка,Фитнес,23,1096202.54,51805.41,8.00,180.94,false
2023-08-01,Гантели разборные,Фитнес,96,670579.20,6985.20,0.00,217.80,false
2023-08-01,Палатка туристическая,Туризм,30,379279.80,14873.72,15.00,104.98,false
2023-08-01,Спальный мешок,Туризм,28,221440.80,7908.60,0.00,102.68,false
2023-08-01,Велосипед городской,Велоспорт,10,308038.60,35204.41,12.50,106.36,false
2023-08-01,Лыжный комплект,Зимний спорт,19,395711.48,23141.03,10.00,120.84,true
2023-08-02,Беговая дорожка,Фитнес,18,905331.24,50296.18,0.00,177.85,false
2023-08-02,Гантели разборные,Фитнес,90,635184.90,7057.61,0.00,237.90,false
2023-08-02,Палатка туристическая,Туризм,21,370497.54,17642.74,0.00,100.66,false
2023-08-02,Спальный мешок,Туризм,33,210035.10,7273.95,12.50,121.52,false
2023-08-02,Велосипед городской,Велоспорт,10,310193.60,31019.36,0.00,96.71,false
2023-08-02,Лыжный комплект,Зимний спорт,18,395020.26,21945.57,0.00,128.53,true
2023-08-03,Беговая дорожка,Фитнес,23,1124136.27,48875.49,0.00,172.64,false
2023-08-03,Гантели разборные,Фитнес,75,523973.25,6986.31,0.00,176.18,false
2023-08-03,Палатка туристическая,Туризм,13,226637.06,17433.62,0.00,123.03,false
2023-08-03,Спальный мешок,Туризм,28,204379.28,7299.26,0.00,94.17,false
2023-08-03,Велосипед городской,Велоспорт,18,557563.50,30975.75,0.00,97.97,false
2023-08-03,Лыжный комплект,Зимний спорт,13,279463.73,21497.21,0.00,123.00,false
2023-08-04,Беговая дорожка,Фитнес,16,811908.48,50744.28,0.00,171.73,false
2023-08-04,Гантели разборные,Фитнес,52,391711.32,7532.91,0.00,178.70,false
2023-08-04,Палатка туристическая,Туризм,19,285866.78,15045.62,0.00,95.37,false
2023-08-04,Спальный мешок,Туризм,30,226955.70,7565.19,0.00,90.38,false
2023-08-04,Велосипед городской,Велоспорт,18,571025.34,31723.63,0.00,109.04,false
2023-08-04,Лыжный комплект,Зимний спорт,14,311529.26,22252.09,0.00,118.29,false
2023-08-05,Беговая дорожка,Фитнес,14,670981.36,53252.48,10.00,180.75,false
2023-08-05,Гантели разборные,Фитнес,58,410724.10,7081.45,0.00,195.56,false
2023-08-05,Палатка туристическая,Туризм,20,317361.80,15868.09,0.00,120.15,false
2023-08-05,Спальный мешок,Туризм,46,349626.22,8000.60,5.00,135.91,false
2023-08-05,Велосипед городской,Велоспорт,19,650752.28,34250.12,0.00,90.70,false
2023-08-05,Лыжный комплект,Зимний спорт,19,410983.87,21630.73,0.00,136.71,false
2023-08-06,Беговая дорожка,Фитнес,16,775463.36,48466.46,0.00,179.08,false
2023-08-06,Гантели разборные,Фитнес,95,560588.35,6743.92,12.50,188.70,false
2023-08-06,Палатка туристическая,Туризм,27,444548.79,16464.77,0.00,99.13,false
2023-08-06,Спальный мешок,Туризм,75,467112.00,7327.24,15.00,95.70,true
2023-08-06,Велосипед городской,Велоспорт,29,763157.04,32894.71,20.00,88.08,false
2023-08-06,Лыжный комплект,Зимний спорт,19,422392.04,22231.16,0.00,135.90,false
2023-08-07,Беговая дорожка,Фитнес,21,778130.22,46317.28,20.00,173.36,false
2023-08-07,Гантели разборные,Фитнес,78,511310.28,6555.26,0.00,187.28,false
2023-08-07,Палатка туристическая,Туризм,21,344247.12,17255.49,5.00,105.74,false
2023-08-07,Спальный мешок,Туризм,34,273364.42,8040.13,0.00,90.51,false
2023-08-07,Велосипед городской,Велоспорт,22,647133.30,34606.06,15.00,88.90,false
2023-08-07,Лыжный комплект,Зимний спорт,26,524945.20,20190.20,0.00,130.34,true
2023-08-08,Беговая дорожка,Фитнес,18,890217.00,49456.50,0.00,169.09,false
2023-08-08,Гантели разборные,Фитнес,91,666872.57,7328.27,0.00,178.31,false
2023-08-08,Палатка туристическая,Туризм,29,432466.27,14912.63,0.00,97.83,false
2023-08-08,Спальный мешок,Туризм,31,207494.47,7275.40,8.00,99.46,false
2023-08-08,Велосипед городской,Велоспорт,12,383519.16,31959.93,0.00,109.67,false
2023-08-08,Лыжный комплект,Зимний спорт,18,370071.00,20559.50,0.00,139.41,false
2023-08-09,Беговая дорожка,Фитнес,16,851194.72,53199.67,0.00,175.93,false
2023-08-09,Гантели разборные,Фитнес,85,575495.05,6770.53,0.00,197.00,false
2023-08-09,Палатка туристическая,Туризм,17,277161.71,16303.63,0.00,120.01,false
2023-08-09,Спальный мешок,Туризм,30,227686.80,7589.56,0.00,107.06,false
2023-08-09,Велосипед городской,Велоспорт,11,364090.98,33099.18,0.00,109.15,false
2023-08-09,Лыжный комплект,Зимний спорт,14,328824.44,23487.46,0.00,123.21,false
2023-08-10,Беговая дорожка,Фитнес,13,654317.43,50332.11,0.00,173.67,false
2023-08-10,Гантели разборные,Фитнес,82,552102.72,6732.96,0.00,151.76,false
2023-08-10,Палатка туристическая,Туризм,18,266085.36,14782.52,0.00,108.53,false
2023-08-10,Спальный мешок,Туризм,32,223884.80,6996.40,0.00,122.76,false
2023-08-10,Велосипед городской,Велоспорт,12,384593.40,32049.45,0.00,106.71,false
2023-08-10,Лыжный комплект,Зимний спорт,14,295546.72,21110.48,0.00,139.67,false
2023-08-11,Беговая дорожка,Фитнес,15,745958.25,49730.55,0.00,161.23,false
2023-08-11,Гантели разборные,Фитнес,60,414411.00,6906.85,0.00,213.94,false
2023-08-11,Палатка туристическая,Туризм,14,240799.72,17199.98,0.00,107.19,false
2023-08-11,Спальный мешок,Туризм,25,185678.75,7427.15,0.00,102.82,false
2023-08-11,Велосипед городской,Велоспорт,17,502161.47,29538.91,0.00,101.92,false
2023-08-11,Лыжный комплект,Зимний спорт,22,398493.04,20700.94,12.50,133.12,false
2023-08-12,Беговая дорожка,Фитнес,17,816146.88,48008.64,0.00,174.02,false
2023-08-12,Гантели разборные,Фитнес,78,523349.58,6709.61,0.00,218.41,false
2023-08-12,Палатка туристическая,Туризм,17,287575.74,16916.22,0.00,104.92,false
2023-08-12,Спальный мешок,Туризм,46,314809.28,6843.68,0.00,140.81,false
2023-08-12,Велосипед городской,Велоспорт,20,612690.60,35010.89,12.50,112.66,false
2023-08-12,Лыжный комплект,Зимний спорт,16,341302.56,21331.41,0.00,133.49,false
2023-08-13,Беговая дорожка,Фитнес,14,636161.12,49391.40,8.00,159.56,false
2023-08-13,Гантели разборные,Фитнес,66,504882.18,7649.73,0.00,200.55,false
2023-08-13,Палатка туристическая,Туризм,26,426076.82,16387.57,0.00,96.19,false
2023-08-13,Спальный мешок,Туризм,37,279146.50,7544.50,0.00,131.38,false
2023-08-13,Велосипед городской,Велоспорт,23,771392.40,33538.80,0.00,107.92,false
2023-08-13,Лыжный комплект,Зимний спорт,21,339459.54,20205.93,20.00,135.31,false
2023-08-14,Беговая дорожка,Фитнес,19,870689.06,48237.62,5.00,166.80,true
2023-08-14,Гантели разборные,Фитнес,64,480338.56,7505.29,0.00,219.75,false
2023-08-14,Палатка туристическая,Туризм,25,408784.75,16351.39,0.00,106.05,false
2023-08-14,Спальный мешок,Туризм,33,253151.25,7671.25,0.00,115.82,false
2023-08-14,Велосипед городской,Велоспорт,18,608003.28,33777.96,0.00,108.53,false
2023-08-14,Лыжный комплект,Зимний спорт,17,380300.37,22370.61,0.00,133.23,false
2023-08-15,Беговая дорожка,Фитнес,16,854420.80,53401.30,0.00,163.22,false
2023-08-15,Гантели разборные,Фитнес,120,797571.60,7595.92,12.50,188.25,true
2023-08-15,Палатка туристическая,Туризм,18,294824.34,16379.13,0.00,115.28,false
2023-08-15,Спальный мешок,Туризм,25,178447.25,7137.89,0.00,115.64,false
2023-08-15,Велосипед городской,Велоспорт,16,495381.12,33653.61,8.00,108.78,false
2023-08-15,Лыжный комплект,Зимний спорт,12,250336.56,20861.38,0.00,136.62,false
2023-08-16,Беговая дорожка,Фитнес,19,877219.55,46169.45,0.00,158.72,false
2023-08-16,Гантели разборные,Фитнес,82,528836.86,6449.23,0.00,195.98,false
2023-08-16,Палатка туристическая,Туризм,29,373563.79,15154.72,15.00,87.30,true
2023-08-16,Спальный мешок,Туризм,23,168265.47,7315.89,0.00,103.75,false
2023-08-16,Велосипед городской,Велоспорт,13,448783.53,34521.81,0.00,103.34,false
2023-08-16,Лыжный комплект,Зимний спорт,9,212196.51,23577.39,0.00,135.67,false
2023-08-17,Беговая дорожка,Фитнес,15,812295.15,54153.01,0.00,170.42,false
2023-08-17,Гантели разборные,Фитнес,71,483441.84,6809.04,0.00,171.55,false
2023-08-17,Палатка туристическая,Туризм,20,310016.20,15500.81,0.00,86.74,false
2023-08-17,Спальный мешок,Туризм,29,190947.89,7156.97,8.00,109.87,false
2023-08-17,Велосипед городской,Велоспорт,17,462473.95,32005.12,15.00,103.08,false
2023-08-17,Лыжный комплект,Зимний спорт,11,262561.09,23869.19,0.00,136.49,false
2023-08-18,Беговая дорожка,Фитнес,12,607080.96,50590.08,0.00,164.95,false
2023-08-18,Гантели разборные,Фитнес,54,355235.22,6578.43,0.00,210.59,false
2023-08-18,Палатка туристическая,Туризм,24,301500.48,15703.15,20.00,87.81,false
2023-08-18,Спальный мешок,Туризм,23,156290.98,6795.26,0.00,131.53,false
2023-08-18,Велосипед городской,Велоспорт,15,507999.45,33866.63,0.00,97.22,false
2023-08-18,Лыжный комплект,Зимний спорт,24,484221.60,20175.90,0.00,137.94,false
2023-08-19,Беговая дорожка,Фитнес,12,566386.44,47198.87,0.00,163.03,false
2023-08-19,Гантели разборные,Фитнес,60,433863.00,7231.05,0.00,155.98,false
2023-08-19,Палатка туристическая,Туризм,25,389817.25,15592.69,0.00,98.89,false
2023-08-19,Спальный мешок,Туризм,42,315721.98,7517.19,0.00,126.05,false
2023-08-19,Велосипед городской,Велоспорт,21,658780.29,31370.49,0.00,105.33,false
2023-08-19,Лыжный комплект,Зимний спорт,20,415673.00,20783.65,0.00,152.71,false
2023-08-20,Беговая дорожка,Фитнес,14,687257.34,51673.48,5.00,152.21,false
2023-08-20,Гантели разборные,Фитнес,61,395902.20,6490.20,0.00,193.42,false
2023-08-20,Палатка туристическая,Туризм,28,450607.08,16093.11,0.00,99.18,false
2023-08-20,Спальный мешок,Туризм,79,482169.39,6975.33,12.50,119.95,true
2023-08-20,Велосипед городской,Велоспорт,22,719920.30,34445.94,5.00,108.63,true
2023-08-20,Лыжный комплект,Зимний спорт,22,415232.62,22204.95,15.00,154.31,false
2023-08-21,Беговая дорожка,Фитнес,18,927902.16,51550.12,0.00,163.66,false
2023-08-21,Гантели разборные,Фитнес,62,444494.12,7169.26,0.00,172.53,false
2023-08-21,Палатка туристическая,Туризм,16,272536.48,17033.53,0.00,108.52,false
2023-08-21,Спальный мешок,Туризм,27,195215.94,7230.22,0.00,102.85,false
2023-08-21,Велосипед городской,Велоспорт,20,667030.80,33351.54,0.00,98.81,false
2023-08-21,Лыжный комплект,Зимний спорт,20,429329.80,21466.49,0.00,147.80,false
2023-08-22,Беговая дорожка,Фитнес,14,759199.98,54228.57,0.00,162.63,false
2023-08-22,Гантели разборные,Фитнес,110,669295.00,7158.23,15.00,191.78,false
2023-08-22,Палатка туристическая,Туризм,22,360723.66,16396.53,0.00,107.86,false
2023-08-22,Спальный мешок,Туризм,43,269093.14,7822.48,20.00,133.51,false
2023-08-22,Велосипед городской,Велоспорт,15,514573.80,34304.92,0.00,119.02,false
2023-08-22,Лыжный комплект,Зимний спорт,19,366294.73,20293.34,5.00,139.94,false
2023-08-23,Беговая дорожка,Фитнес,13,698000.42,53692.34,0.00,162.38,false
2023-08-23,Гантели разборные,Фитнес,75,563997.75,7519.97,0.00,208.62,false
2023-08-23,Палатка туристическая,Туризм,14,224423.92,16030.28,0.00,104.73,false
2023-08-23,Спальный мешок,Туризм,25,197461.00,7898.44,0.00,90.85,false
2023-08-23,Велосипед городской,Велоспорт,15,456052.05,34746.83,12.50,118.58,false
2023-08-23,Лыжный комплект,Зимний спорт,15,357149.55,23809.97,0.00,151.22,true
2023-08-24,Беговая дорожка,Фитнес,17,904107.26,53182.78,0.00,145.71,false
2023-08-24,Гантели разборные,Фитнес,78,502241.22,6438.99,0.00,211.34,false
2023-08-24,Палатка туристическая,Туризм,16,253608.16,15850.51,0.00,101.09,false
2023-08-24,Спальный мешок,Туризм,34,251178.06,8029.99,8.00,139.64,false
2023-08-24,Велосипед городской,Велоспорт,15,481542.75,32102.85,0.00,120.10,false
2023-08-24,Лыжный комплект,Зимний спорт,16,324759.36,20297.46,0.00,159.12,false
2023-08-25,Беговая дорожка,Фитнес,16,785453.28,49090.83,0.00,144.45,false
2023-08-25,Гантели разборные,Фитнес,66,449509.50,7567.50,10.00,189.53,false
2023-08-25,Палатка туристическая,Туризм,20,317749.40,15887.47,0.00,96.15,false
2023-08-25,Спальный мешок,Туризм,39,244053.42,6801.94,8.00,98.81,false
2023-08-25,Велосипед городской,Велоспорт,15,458658.75,30577.25,0.00,113.67,false
2023-08-25,Лыжный комплект,Зимний спорт,19,444774.42,23409.18,0.00,150.83,false
2023-08-26,Беговая дорожка,Фитнес,12,559641.48,46636.79,0.00,154.15,false
2023-08-26,Гантели разборные,Фитнес,68,501997.08,7382.31,0.00,151.65,false
2023-08-26,Палатка туристическая,Туризм,21,334204.29,15914.49,0.00,106.13,false
2023-08-26,Спальный мешок,Туризм,41,275077.61,6709.21,0.00,142.45,false
2023-08-26,Велосипед городской,Велоспорт,30,934856.40,33871.61,8.00,119.24,false
2023-08-26,Лыжный комплект,Зимний спорт,20,428982.00,21449.10,0.00,150.89,false
2023-08-27,Беговая дорожка,Фитнес,12,641512.08,53459.34,0.00,158.87,false
2023-08-27,Гантели разборные,Фитнес,71,521693.80,7347.80,0.00,218.57,false
2023-08-27,Палатка туристическая,Туризм,29,425422.17,15945.36,8.00,86.68,false
2023-08-27,Спальный мешок,Туризм,38,303301.94,7981.63,0.00,125.51,false
2023-08-27,Велосипед городской,Велоспорт,18,626482.98,34804.61,0.00,119.99,false
2023-08-27,Лыжный комплект,Зимний спорт,11,263420.85,23947.35,0.00,145.72,false
2023-08-28,Беговая дорожка,Фитнес,22,1067005.94,48500.27,0.00,154.10,true
2023-08-28,Гантели разборные,Фитнес,69,496450.17,7194.93,0.00,151.29,false
2023-08-28,Палатка туристическая,Туризм,26,366169.70,16095.38,12.50,88.84,false
2023-08-28,Спальный мешок,Туризм,40,279146.00,7585.49,8.00,111.38,false
2023-08-28,Велосипед городской,Велоспорт,19,625632.38,32928.02,0.00,116.26,false
2023-08-28,Лыжный комплект,Зимний спорт,14,330017.66,23572.69,0.00,155.70,false
2023-08-29,Беговая дорожка,Фитнес,22,1061801.18,48263.69,0.00,158.40,true
2023-08-29,Гантели разборные,Фитнес,83,516230.95,6547.00,5.00,188.75,false
2023-08-29,Палатка туристическая,Туризм,19,268151.18,14856.02,5.00,95.64,false
2023-08-29,Спальный мешок,Туризм,45,308341.35,6852.03,0.00,142.17,true
2023-08-29,Велосипед городской,Велоспорт,24,616350.48,30213.26,15.00,110.66,true
2023-08-29,Лыжный комплект,Зимний спорт,18,376277.04,20904.28,0.00,160.74,false
2023-08-30,Беговая дорожка,Фитнес,19,760610.09,50040.13,20.00,151.46,false
2023-08-30,Гантели разборные,Фитнес,73,477976.99,6547.63,0.00,177.53,false
2023-08-30,Палатка туристическая,Туризм,17,265075.39,15592.67,0.00,106.07,false
2023-08-30,Спальный мешок,Туризм,63,377247.78,7044.78,15.00,115.83,true
2023-08-30,Велосипед городской,Велоспорт,17,470009.20,30719.55,10.00,120.84,false
2023-08-30,Лыжный комплект,Зимний спорт,19,334768.79,20728.72,15.00,149.43,false
2023-08-31,Беговая дорожка,Фитнес,13,641969.51,49382.27,0.00,139.21,false
2023-08-31,Гантели разборные,Фитнес,56,359313.36,6416.31,0.00,214.40,false
2023-08-31,Палатка туристическая,Туризм,18,271943.46,15107.97,0.00,86.48,false
2023-08-31,Спальный мешок,Туризм,32,233210.24,7287.82,0.00,125.97,false
2023-08-31,Велосипед городской,Велоспорт,15,450365.25,34313.54,12.50,118.46,false
2023-08-31,Лыжный комплект,Зимний спорт,20,440014.60,23913.83,8.00,154.55,false
2023-09-01,Беговая дорожка,Фитнес,16,731597.92,45724.87,0.00,147.83,false
2023-09-01,Гантели разборные,Фитнес,45,326326.50,7251.70,0.00,167.11,false
2023-09-01,Палатка туристическая,Туризм,14,236035.66,16859.69,0.00,86.95,false
2023-09-01,Спальный мешок,Туризм,35,235500.30,6728.58,0.00,131.93,false
2023-09-01,Велосипед городской,Велоспорт,18,550518.84,30584.38,0.00,116.07,false
2023-09-01,Лыжный комплект,Зимний спорт,19,436908.61,22995.19,0.00,161.49,false
2023-09-02,Беговая дорожка,Фитнес,12,590527.92,49210.66,0.00,145.59,false
2023-09-02,Гантели разборные,Фитнес,53,336887.08,7062.62,10.00,207.68,false
2023-09-02,Палатка туристическая,Туризм,25,359665.00,14386.60,0.00,102.46,false
2023-09-02,Спальный мешок,Туризм,33,264898.26,8027.22,0.00,125.10,false
2023-09-02,Велосипед городской,Велоспорт,19,609325.82,32069.78,0.00,124.43,false
2023-09-02,Лыжный комплект,Зимний спорт,16,365464.48,22841.53,0.00,162.52,false
2023-09-03,Беговая дорожка,Фитнес,11,574771.23,52251.93,0.00,137.21,false
2023-09-03,Гантели разборные,Фитнес,95,634788.10,6681.98,0.00,145.37,true
2023-09-03,Палатка туристическая,Туризм,21,314387.64,14970.84,0.00,82.27,false
2023-09-03,Спальный мешок,Туризм,59,354010.03,6857.34,12.50,106.91,true
2023-09-03,Велосипед городской,Велоспорт,21,719817.00,34277.00,0.00,114.02,false
2023-09-03,Лыжный комплект,Зимний спорт,19,446838.58,23517.82,0.00,152.14,false
2023-09-04,Беговая дорожка,Фитнес,13,643410.82,49493.14,0.00,143.46,false
2023-09-04,Гантели разборные,Фитнес,52,375407.76,7219.38,0.00,186.97,false
2023-09-04,Палатка туристическая,Туризм,28,420123.20,17147.88,12.50,98.85,false
2023-09-04,Спальный мешок,Туризм,48,344329.44,7173.53,0.00,101.43,true
2023-09-04,Велосипед городской,Велоспорт,23,799596.38,34765.06,0.00,120.57,true
2023-09-04,Лыжный комплект,Зимний спорт,16,375200.48,23450.03,0.00,158.49,false
2023-09-05,Беговая дорожка,Фитнес,19,878681.98,46246.42,0.00,149.16,false
2023-09-05,Гантели разборные,Фитнес,57,364838.76,6400.68,0.00,181.16,false
2023-09-05,Палатка туристическая,Туризм,23,359631.45,15636.15,0.00,109.51,false
2023-09-05,Спальный мешок,Туризм,39,263764.80,6763.20,0.00,100.56,false
2023-09-05,Велосипед городской,Велоспорт,17,514184.89,30246.17,0.00,116.47,false
2023-09-05,Лыжный комплект,Зимний спорт,20,369716.60,23107.28,20.00,154.03,false
2023-09-06,Беговая дорожка,Фитнес,15,686006.85,52267.19,12.50,141.32,false
2023-09-06,Гантели разборные,Фитнес,64,431173.12,6737.08,0.00,127.55,false
2023-09-06,Палатка туристическая,Туризм,18,265020.48,16359.29,10.00,79.70,false
2023-09-06,Спальный мешок,Туризм,41,255779.73,7129.74,12.50,110.66,false
2023-09-06,Велосипед городской,Велоспорт,16,501233.12,34051.17,8.00,132.63,false
2023-09-06,Лыжный комплект,Зимний спорт,15,359782.95,23985.53,0.00,163.11,false
2023-09-07,Беговая дорожка,Фитнес,14,686256.48,49018.32,0.00,142.93,false
2023-09-07,Гантели разборные,Фитнес,49,344317.12,7026.88,0.00,182.12,false
2023-09-07,Палатка туристическая,Туризм,25,398700.25,15948.01,0.00,82.94,true
2023-09-07,Спальный мешок,Туризм,24,186895.20,7787.30,0.00,118.90,false
2023-09-07,Велосипед городской,Велоспорт,16,477456.64,34104.05,12.50,114.73,false
2023-09-07,Лыжный комплект,Зимний спорт,18,418955.58,23275.31,0.00,158.74,false
2023-09-08,Беговая дорожка,Фитнес,12,565611.72,47134.31,0.00,130.94,false
2023-09-08,Гантели разборные,Фитнес,69,384062.28,6957.65,20.00,125.19,false
2023-09-08,Палатка туристическая,Туризм,34,398243.70,14641.31,20.00,98.95,true
2023-09-08,Спальный мешок,Туризм,40,283666.80,7091.67,0.00,142.62,false
2023-09-08,Велосипед городской,Велоспорт,36,928119.96,32226.39,20.00,126.28,true
2023-09-08,Лыжный комплект,Зимний спорт,15,351523.50,23434.90,0.00,163.60,false
2023-09-09,Беговая дорожка,Фитнес,7,349656.37,49950.91,0.00,133.23,false
2023-09-09,Гантели разборные,Фитнес,62,427156.44,6889.62,0.00,185.82,false
2023-09-09,Палатка туристическая,Туризм,26,402486.76,15480.26,0.00,104.96,false
2023-09-09,Спальный мешок,Туризм,52,359426.08,6912.04,0.00,118.42,false
2023-09-09,Велосипед городской,Велоспорт,17,568827.48,33460.44,0.00,120.26,false
2023-09-09,Лыжный комплект,Зимний спорт,26,491229.96,23616.82,20.00,162.83,false
2023-09-10,Беговая дорожка,Фитнес,19,747673.75,49189.06,20.00,142.51,true
2023-09-10,Гантели разборные,Фитнес,68,474881.40,6983.55,0.00,170.93,false
2023-09-10,Палатка туристическая,Туризм,18,285147.36,15841.52,0.00,104.48,false
2023-09-10,Спальный мешок,Туризм,51,405426.03,7949.53,0.00,138.83,false
2023-09-10,Велосипед городской,Велоспорт,21,661799.25,31514.25,0.00,140.28,false
2023-09-10,Лыжный комплект,Зимний спорт,20,443837.20,22191.86,0.00,170.98,false
2023-09-11,Беговая дорожка,Фитнес,13,650950.43,50073.11,0.00,137.81,false
2023-09-11,Гантели разборные,Фитнес,90,549945.90,6641.85,8.00,164.36,true
2023-09-11,Палатка туристическая,Туризм,17,288945.43,16996.79,0.00,81.82,false
2023-09-11,Спальный мешок,Туризм,43,288323.17,7888.46,15.00,131.88,false
2023-09-11,Велосипед городской,Велоспорт,23,690297.39,33347.70,10.00,119.55,false
2023-09-11,Лыжный комплект,Зимний спорт,20,423924.80,23551.37,10.00,178.58,false
2023-09-12,Беговая дорожка,Фитнес,21,874190.94,52035.17,20.00,129.77,false
2023-09-12,Гантели разборные,Фитнес,106,569163.82,6711.84,20.00,174.86,false
2023-09-12,Палатка туристическая,Туризм,20,327791.20,16389.56,0.00,81.59,false
2023-09-12,Спальный мешок,Туризм,38,262137.68,6898.36,0.00,108.68,false
2023-09-12,Велосипед городской,Велоспорт,14,428199.24,33984.06,10.00,129.56,false
2023-09-12,Лыжный комплект,Зимний спорт,16,319709.28,22202.03,10.00,177.66,false
2023-09-13,Беговая дорожка,Фитнес,16,764506.56,47781.66,0.00,125.08,false
2023-09-13,Гантели разборные,Фитнес,52,378567.80,7280.15,0.00,135.59,false
2023-09-13,Палатка туристическая,Туризм,24,369660.24,15402.51,0.00,86.61,true
2023-09-13,Спальный мешок,Туризм,40,291788.00,7678.63,5.00,128.69,false
2023-09-13,Велосипед городской,Велоспорт,14,470421.56,33601.54,0.00,128.04,false
2023-09-13,Лыжный комплект,Зимний спорт,20,448677.80,23614.62,5.00,179.03,false
2023-09-14,Беговая дорожка,Фитнес,22,898334.58,45370.44,10.00,137.64,false
2023-09-14,Гантели разборные,Фитнес,71,498905.64,7026.84,0.00,203.44,false
2023-09-14,Палатка туристическая,Туризм,16,264216.48,16513.53,0.00,89.76,false
2023-09-14,Спальный мешок,Туризм,25,194536.00,7781.44,0.00,135.76,false
2023-09-14,Велосипед городской,Велоспорт,14,482965.98,34497.57,0.00,136.26,false
2023-09-14,Лыжный комплект,Зимний спорт,21,453718.44,21605.64,0.00,177.98,true
2023-09-15,Беговая дорожка,Фитнес,13,648366.81,49874.37,0.00,135.72,false
2023-09-15,Гантели разборные,Фитнес,51,354032.82,6941.82,0.00,191.45,false
2023-09-15,Палатка туристическая,Туризм,15,233080.50,15538.70,0.00,86.25,false
2023-09-15,Спальный мешок,Туризм,30,221470.50,7382.35,0.00,137.35,false
2023-09-15,Велосипед городской,Велоспорт,18,590416.20,34527.26,5.00,145.62,true
2023-09-15,Лыжный комплект,Зимний спорт,32,564270.40,22041.81,20.00,170.54,true
2023-09-16,Беговая дорожка,Фитнес,19,860852.38,45308.02,0.00,127.12,true
2023-09-16,Гантели разборные,Фитнес,80,438904.80,6454.48,15.00,179.69,false
2023-09-16,Палатка туристическая,Туризм,33,541088.46,16396.62,0.00,87.43,true
2023-09-16,Спальный мешок,Туризм,41,291592.00,7112.00,0.00,121.39,false
2023-09-16,Велосипед городской,Велоспорт,23,714635.07,31071.09,0.00,128.85,false
2023-09-16,Лыжный комплект,Зимний спорт,26,616329.48,23704.98,0.00,184.05,true
2023-09-17,Беговая дорожка,Фитнес,20,810260.80,45014.49,10.00,126.67,false
2023-09-17,Гантели разборные,Фитнес,68,464009.56,6823.67,0.00,119.12,false
2023-09-17,Палатка туристическая,Туризм,26,359243.30,15790.91,12.50,78.64,false
2023-09-17,Спальный мешок,Туризм,42,334013.82,7952.71,0.00,134.62,true
2023-09-17,Велосипед городской,Велоспорт,29,902544.38,31122.22,0.00,139.84,false
2023-09-17,Лыжный комплект,Зимний спорт,15,365392.95,24359.53,0.00,181.64,false
2023-09-18,Беговая дорожка,Фитнес,16,717713.92,44857.12,0.00,126.11,false
2023-09-18,Гантели разборные,Фитнес,64,433119.36,6767.49,0.00,118.66,false
2023-09-18,Палатка туристическая,Туризм,23,345610.65,15026.55,0.00,92.40,false
2023-09-18,Спальный мешок,Туризм,35,241630.20,6903.72,0.00,118.07,false
2023-09-18,Велосипед городской,Велоспорт,23,786883.82,34212.34,0.00,141.48,true
2023-09-18,Лыжный комплект,Зимний спорт,16,380085.76,23755.36,0.00,171.68,false
2023-09-19,Беговая дорожка,Фитнес,19,774373.50,44300.54,8.00,133.80,false
2023-09-19,Гантели разборные,Фитнес,83,481289.61,6821.97,15.00,144.96,false
2023-09-19,Палатка туристическая,Туризм,22,335105.54,15232.07,0.00,88.71,false
2023-09-19,Спальный мешок,Туризм,34,241590.40,7479.58,5.00,131.54,false
2023-09-19,Велосипед городской,Велоспорт,13,431130.57,33163.89,0.00,142.21,false
2023-09-19,Лыжный комплект,Зимний спорт,20,399024.00,23472.00,15.00,169.77,true
2023-09-20,Беговая дорожка,Фитнес,14,654295.74,46735.41,0.00,133.44,false
2023-09-20,Гантели разборные,Фитнес,68,463922.52,6822.39,0.00,115.44,false
2023-09-20,Палатка туристическая,Туризм,23,324206.16,16109.62,12.50,105.41,false
2023-09-20,Спальный мешок,Туризм,37,233956.18,7025.71,10.00,149.56,false
2023-09-20,Велосипед городской,Велоспорт,15,474872.25,31658.15,0.00,145.55,false
2023-09-20,Лыжный комплект,Зимний спорт,24,478955.28,22173.86,10.00,184.96,true
2023-09-21,Беговая дорожка,Фитнес,23,842222.97,45772.98,20.00,132.81,false
2023-09-21,Гантели разборные,Фитнес,94,613871.70,7256.17,10.00,174.43,true
2023-09-21,Палатка туристическая,Туризм,19,286974.67,15103.93,0.00,81.54,false
2023-09-21,Спальный мешок,Туризм,24,187383.60,7807.65,0.00,145.18,false
2023-09-21,Велосипед городской,Велоспорт,18,578857.32,32158.74,0.00,149.24,false
2023-09-21,Лыжный комплект,Зимний спорт,16,340327.36,21270.46,0.00,186.50,false
2023-09-22,Беговая дорожка,Фитнес,13,654435.34,50341.18,0.00,118.94,false
2023-09-22,Гантели разборные,Фитнес,52,390112.32,7502.16,0.00,147.12,false
2023-09-22,Палатка туристическая,Туризм,15,246561.60,16437.44,0.00,96.78,false
2023-09-22,Спальный мешок,Туризм,35,266593.60,7616.96,0.00,139.87,false
2023-09-22,Велосипед городской,Велоспорт,30,790169.40,32923.73,20.00,153.32,false
2023-09-22,Лыжный комплект,Зимний спорт,20,435343.20,22912.81,5.00,178.06,false
2023-09-23,Беговая дорожка,Фитнес,14,621392.24,46721.22,5.00,114.48,false
2023-09-23,Гантели разборные,Фитнес,55,392658.75,7139.25,0.00,166.17,false
2023-09-23,Палатка туристическая,Туризм,27,391325.31,15753.84,8.00,107.74,false
2023-09-23,Спальный мешок,Туризм,41,303904.71,7412.31,0.00,152.25,false
2023-09-23,Велосипед городской,Велоспорт,40,1027302.40,32103.20,20.00,147.83,true
2023-09-23,Лыжный комплект,Зимний спорт,21,421490.58,22938.26,12.50,188.47,true
2023-09-24,Беговая дорожка,Фитнес,13,579900.10,44607.70,0.00,117.29,false
2023-09-24,Гантели разборные,Фитнес,63,367370.01,6664.31,12.50,153.33,false
2023-09-24,Палатка туристическая,Туризм,30,420922.80,15250.83,8.00,90.55,false
2023-09-24,Спальный мешок,Туризм,58,365924.90,7210.35,12.50,130.37,false
2023-09-24,Велосипед городской,Велоспорт,24,841873.44,35078.06,0.00,138.59,false
2023-09-24,Лыжный комплект,Зимний спорт,18,416973.60,23165.20,0.00,176.48,false
2023-09-25,Беговая дорожка,Фитнес,10,521267.10,52126.71,0.00,120.06,false
2023-09-25,Гантели разборные,Фитнес,60,435418.20,7256.97,0.00,178.05,false
2023-09-25,Палатка туристическая,Туризм,22,367968.70,16725.85,0.00,103.11,false
2023-09-25,Спальный мешок,Туризм,41,305115.03,7441.83,0.00,154.72,false
2023-09-25,Велосипед городской,Велоспорт,18,606646.26,33702.57,0.00,148.66,false
2023-09-25,Лыжный комплект,Зимний спорт,21,438704.91,24577.30,15.00,187.79,false
2023-09-26,Беговая дорожка,Фитнес,12,522390.36,45823.71,5.00,119.85,false
2023-09-26,Гантели разборные,Фитнес,54,380632.50,7048.75,0.00,124.86,false
2023-09-26,Палатка туристическая,Туризм,21,336356.37,16016.97,0.00,108.22,false
2023-09-26,Спальный мешок,Туризм,68,421483.04,7747.85,20.00,133.71,true
2023-09-26,Велосипед городской,Велоспорт,16,561051.20,35065.70,0.00,143.67,false
2023-09-26,Лыжный комплект,Зимний спорт,15,351374.70,23424.98,0.00,177.01,false
2023-09-27,Беговая дорожка,Фитнес,15,719068.20,47937.88,0.00,111.78,false
2023-09-27,Гантели разборные,Фитнес,53,391452.70,7385.90,0.00,162.92,false
2023-09-27,Палатка туристическая,Туризм,21,296832.48,16629.27,15.00,107.40,false
2023-09-27,Спальный мешок,Туризм,37,304629.88,8233.24,0.00,140.52,false
2023-09-27,Велосипед городской,Велоспорт,18,654295.14,36349.73,0.00,140.14,true
2023-09-27,Лыжный комплект,Зимний спорт,17,357569.16,21033.48,0.00,187.76,false
2023-09-28,Беговая дорожка,Фитнес,15,664354.95,46621.40,5.00,112.52,false
2023-09-28,Гантели разборные,Фитнес,53,367578.85,6935.45,0.00,113.26,false
2023-09-28,Палатка туристическая,Туризм,21,322449.96,15354.76,0.00,101.96,false
2023-09-28,Спальный мешок,Туризм,33,230603.01,6987.97,0.00,145.59,true
2023-09-28,Велосипед городской,Велоспорт,17,548237.59,32249.27,0.00,142.24,false
2023-09-28,Лыжный комплект,Зимний спорт,18,406862.28,22603.46,0.00,185.31,false
2023-09-29,Беговая дорожка,Фитнес,21,778163.40,46319.25,20.00,112.41,false
2023-09-29,Гантели разборные,Фитнес,59,414829.59,7031.01,0.00,125.57,true
2023-09-29,Палатка туристическая,Туризм,23,299950.36,16301.65,20.00,80.52,false
2023-09-29,Спальный мешок,Туризм,32,230368.96,7825.03,8.00,127.72,false
2023-09-29,Велосипед городской,Велоспорт,18,643606.92,35755.94,0.00,157.57,false
2023-09-29,Лыжный комплект,Зимний спорт,18,413360.82,22964.49,0.00,179.05,false
2023-09-30,Беговая дорожка,Фитнес,11,491052.32,44641.12,0.00,111.76,false
2023-09-30,Гантели разборные,Фитнес,43,290886.83,6764.81,0.00,137.59,false
2023-09-30,Палатка туристическая,Туризм,30,452283.90,15076.13,0.00,107.34,false
2023-09-30,Спальный мешок,Туризм,42,309670.20,7373.10,0.00,121.39,true
2023-09-30,Велосипед городской,Велоспорт,23,801165.21,34833.27,0.00,162.61,false
2023-09-30,Лыжный комплект,Зимний спорт,25,612394.00,24495.76,0.00,191.86,false
2023-10-01,Беговая дорожка,Фитнес,13,577557.63,44427.51,0.00,112.77,false
2023-10-01,Гантели разборные,Фитнес,52,382075.20,7347.60,0.00,174.48,false
2023-10-01,Палатка туристическая,Туризм,23,361969.63,16566.11,5.00,95.54,false
2023-10-01,Спальный мешок,Туризм,70,502250.70,7972.24,10.00,164.91,false
2023-10-01,Велосипед городской,Велоспорт,37,1059095.40,35780.25,20.00,142.13,false
2023-10-01,Лыжный комплект,Зимний спорт,17,377947.57,22232.21,0.00,190.84,false
2023-10-02,Беговая дорожка,Фитнес,14,715178.10,51084.15,0.00,113.03,true
2023-10-02,Гантели разборные,Фитнес,59,385995.11,6542.29,0.00,128.24,false
2023-10-02,Палатка туристическая,Туризм,18,303213.42,16845.19,0.00,103.50,false
2023-10-02,Спальный мешок,Туризм,32,258186.88,8068.34,0.00,116.06,false
2023-10-02,Велосипед городской,Велоспорт,22,780229.56,35464.98,0.00,162.10,false
2023-10-02,Лыжный комплект,Зимний спорт,22,510055.26,23184.33,0.00,187.50,true
2023-10-03,Беговая дорожка,Фитнес,14,726184.90,51870.35,0.00,108.40,false
2023-10-03,Гантели разборные,Фитнес,61,385100.32,6645.39,5.00,151.60,false
2023-10-03,Палатка туристическая,Туризм,25,338527.50,15045.66,10.00,87.11,false
2023-10-03,Спальный мешок,Туризм,35,277401.60,7925.76,0.00,144.42,false
2023-10-03,Велосипед городской,Велоспорт,24,722922.72,33468.65,10.00,146.94,false
2023-10-03,Лыжный комплект,Зимний спорт,21,465122.49,22148.69,0.00,195.29,false
2023-10-04,Беговая дорожка,Фитнес,26,1244811.10,47877.35,0.00,113.37,true
2023-10-04,Гантели разборные,Фитнес,90,486012.60,6750.17,20.00,180.14,false
2023-10-04,Палатка туристическая,Туризм,27,361243.53,15740.46,15.00,98.84,false
2023-10-04,Спальный мешок,Туризм,34,276956.52,8145.78,0.00,157.76,false
2023-10-04,Велосипед городской,Велоспорт,16,517297.92,34032.76,5.00,166.57,false
2023-10-04,Лыжный комплект,Зимний спорт,19,405983.07,21367.53,0.00,187.64,false
2023-10-05,Беговая дорожка,Фитнес,16,765919.84,47869.99,0.00,105.58,true
2023-10-05,Гантели разборные,Фитнес,63,465620.40,7390.80,0.00,185.42,false
2023-10-05,Палатка туристическая,Туризм,13,208984.49,16075.73,0.00,91.55,false
2023-10-05,Спальный мешок,Туризм,31,238659.39,7698.69,0.00,162.25,false
2023-10-05,Велосипед городской,Велоспорт,17,613468.63,36086.39,0.00,158.60,false
2023-10-05,Лыжный комплект,Зимний спорт,26,522438.02,21841.05,8.00,185.97,false
2023-10-06,Беговая дорожка,Фитнес,14,730273.74,52162.41,0.00,112.29,false
2023-10-06,Гантели разборные,Фитнес,63,398546.82,7442.52,15.00,164.89,false
2023-10-06,Палатка туристическая,Туризм,17,263985.86,15528.58,0.00,102.09,false
2023-10-06,Спальный мешок,Туризм,34,276124.20,8121.30,0.00,125.55,false
2023-10-06,Велосипед городской,Велоспорт,23,754028.32,32783.84,0.00,150.56,false
2023-10-06,Лыжный комплект,Зимний спорт,17,403525.26,23736.78,0.00,196.03,false
2023-10-07,Беговая дорожка,Фитнес,14,627618.60,44829.90,0.00,106.98,false
2023-10-07,Гантели разборные,Фитнес,86,511876.30,7002.41,15.00,153.86,true
2023-10-07,Палатка туристическая,Туризм,18,283561.38,15753.41,0.00,111.26,false
2023-10-07,Спальный мешок,Туризм,47,339573.12,7224.96,0.00,132.11,false
2023-10-07,Велосипед городской,Велоспорт,27,985524.30,36500.90,0.00,153.37,false
2023-10-07,Лыжный комплект,Зимний спорт,27,583837.74,24026.24,10.00,202.61,false
2023-10-08,Беговая дорожка,Фитнес,12,495155.64,44851.05,8.00,99.73,false
2023-10-08,Гантели разборные,Фитнес,38,269027.08,7079.66,0.00,160.83,false
2023-10-08,Палатка туристическая,Туризм,22,325101.04,14777.32,0.00,98.44,false
2023-10-08,Спальный мешок,Туризм,57,417858.45,8145.39,10.00,137.45,false
2023-10-08,Велосипед городской,Велоспорт,23,765315.34,33274.58,0.00,149.63,false
2023-10-08,Лыжный комплект,Зимний спорт,30,586286.70,21714.32,10.00,201.23,true
2023-10-09,Беговая дорожка,Фитнес,13,610778.87,49455.78,5.00,98.98,false
2023-10-09,Гантели разборные,Фитнес,67,480003.41,7164.23,0.00,187.13,false
2023-10-09,Палатка туристическая,Туризм,23,377219.32,16400.84,0.00,104.07,false
2023-10-09,Спальный мешок,Туризм,49,353471.79,7213.71,0.00,134.53,false
2023-10-09,Велосипед городской,Велоспорт,19,668413.92,35179.68,0.00,173.18,false
2023-10-09,Лыжный комплект,Зимний спорт,20,488021.80,24401.09,0.00,200.02,false
2023-10-10,Беговая дорожка,Фитнес,14,631079.26,45077.09,0.00,97.81,false
2023-10-10,Гантели разборные,Фитнес,51,382739.19,7504.69,0.00,188.33,false
2023-10-10,Палатка туристическая,Туризм,35,433266.40,15473.79,20.00,100.01,false
2023-10-10,Спальный мешок,Туризм,59,424870.21,7201.19,0.00,124.23,true
2023-10-10,Велосипед городской,Велоспорт,20,677550.00,33877.50,0.00,169.78,false
2023-10-10,Лыжный комплект,Зимний спорт,18,421959.06,23442.17,0.00,196.44,false
2023-10-11,Беговая дорожка,Фитнес,18,804314.70,44684.15,0.00,105.60,false
2023-10-11,Гантели разборные,Фитнес,90,635776.20,7064.18,0.00,161.26,true
2023-10-11,Палатка туристическая,Туризм,35,521712.45,14906.07,0.00,111.29,true
2023-10-11,Спальный мешок,Туризм,39,279795.75,7174.25,0.00,148.87,false
2023-10-11,Велосипед городской,Велоспорт,20,643759.60,35764.42,10.00,154.30,false
2023-10-11,Лыжный комплект,Зимний спорт,22,482650.52,24376.29,10.00,189.68,false
2023-10-12,Беговая дорожка,Фитнес,11,537950.60,48904.60,0.00,98.79,false
2023-10-12,Гантели разборные,Фитнес,51,360893.34,7076.34,0.00,115.06,false
2023-10-12,Палатка туристическая,Туризм,10,175512.30,17551.23,0.00,95.80,false
2023-10-12,Спальный мешок,Туризм,37,267604.72,7232.56,0.00,144.01,false
2023-10-12,Велосипед городской,Велоспорт,18,573938.82,34658.14,8.00,163.30,false
2023-10-12,Лыжный комплект,Зимний спорт,22,455642.44,20711.02,0.00,196.81,false
2023-10-13,Беговая дорожка,Фитнес,11,580076.97,52734.27,0.00,101.33,false
2023-10-13,Гантели разборные,Фитнес,42,284945.64,6784.42,0.00,107.93,false
2023-10-13,Палатка туристическая,Туризм,16,264152.32,16509.52,0.00,115.35,false
2023-10-13,Спальный мешок,Туризм,32,256670.08,8020.94,0.00,143.51,false
2023-10-13,Велосипед городской,Велоспорт,19,631167.46,33219.34,0.00,172.03,false
2023-10-13,Лыжный комплект,Зимний спорт,13,294887.45,22683.65,0.00,190.42,false
2023-10-14,Беговая дорожка,Фитнес,17,735159.73,48049.66,10.00,98.78,true
2023-10-14,Гантели разборные,Фитнес,49,373404.01,7620.49,0.00,186.73,false
2023-10-14,Палатка туристическая,Туризм,22,376434.08,17110.64,0.00,94.28,false
2023-10-14,Спальный мешок,Туризм,53,381695.40,7201.80,0.00,161.75,false
2023-10-14,Велосипед городской,Велоспорт,27,948592.62,35133.06,0.00,158.98,false
2023-10-14,Лыжный комплект,Зимний спорт,23,528009.16,22956.92,0.00,194.02,false
2023-10-15,Беговая дорожка,Фитнес,12,565942.32,47161.86,0.00,93.89,false
2023-10-15,Гантели разборные,Фитнес,54,413288.46,7653.49,0.00,158.15,false
2023-10-15,Палатка туристическая,Туризм,24,379046.88,15793.62,0.00,97.69,false
2023-10-15,Спальный мешок,Туризм,37,291947.39,7890.47,0.00,178.23,false
2023-10-15,Велосипед городской,Велоспорт,24,864963.36,36040.14,0.00,170.44,false
2023-10-15,Лыжный комплект,Зимний спорт,19,444244.89,23381.31,0.00,209.88,false
2023-10-16,Беговая дорожка,Фитнес,13,601610.23,52888.82,12.50,100.57,false
2023-10-16,Гантели разборные,Фитнес,59,427119.88,7239.32,0.00,106.98,false
2023-10-16,Палатка туристическая,Туризм,30,457649.10,15254.97,0.00,99.35,false
2023-10-16,Спальный мешок,Туризм,40,310313.20,7757.83,0.00,140.62,false
2023-10-16,Велосипед городской,Велоспорт,26,912700.88,36951.46,5.00,174.97,false
2023-10-16,Лыжный комплект,Зимний спорт,21,471417.66,24400.50,8.00,197.09,false
2023-10-17,Беговая дорожка,Фитнес,13,590837.00,45449.00,0.00,103.20,false
2023-10-17,Гантели разборные,Фитнес,54,395560.26,7325.19,0.00,125.14,false
2023-10-17,Палатка туристическая,Туризм,21,336917.70,16043.70,0.00,109.69,false
2023-10-17,Спальный мешок,Туризм,48,356218.08,7421.21,0.00,181.68,false
2023-10-17,Велосипед городской,Велоспорт,26,756867.80,32344.78,10.00,178.76,true
2023-10-17,Лыжный комплект,Зимний спорт,19,428627.46,22559.34,0.00,201.19,false
2023-10-18,Беговая дорожка,Фитнес,18,847449.18,47080.51,0.00,90.96,false
2023-10-18,Гантели разборные,Фитнес,69,508873.62,7374.98,0.00,123.85,false
2023-10-18,Палатка туристическая,Туризм,17,288048.68,16944.04,0.00,108.53,false
2023-10-18,Спальный мешок,Туризм,36,293742.00,8159.50,0.00,148.81,false
2023-10-18,Велосипед городской,Велоспорт,20,670430.20,33521.51,0.00,161.78,false
2023-10-18,Лыжный комплект,Зимний спорт,19,415925.20,21890.80,0.00,191.85,false
2023-10-19,Беговая дорожка,Фитнес,15,733528.65,48901.91,0.00,97.24,false
2023-10-19,Гантели разборные,Фитнес,35,253927.45,7255.07,0.00,118.51,false
2023-10-19,Палатка туристическая,Туризм,23,331864.47,16975.16,15.00,96.84,false
2023-10-19,Спальный мешок,Туризм,45,331625.70,8422.24,12.50,156.02,false
2023-10-19,Велосипед городской,Велоспорт,18,632292.66,35127.37,0.00,178.18,false
2023-10-19,Лыжный комплект,Зимний спорт,15,328784.85,21918.99,0.00,211.58,false
2023-10-20,Беговая дорожка,Фитнес,10,459502.50,45950.25,0.00,98.92,false
2023-10-20,Гантели разборные,Фитнес,41,284944.67,6949.87,0.00,121.88,false
2023-10-20,Палатка туристическая,Туризм,15,266356.50,17757.10,0.00,101.61,false
2023-10-20,Спальный мешок,Туризм,55,370977.20,7100.04,5.00,163.44,false
2023-10-20,Велосипед городской,Велоспорт,29,816715.98,33132.49,15.00,183.45,true
2023-10-20,Лыжный комплект,Зимний спорт,23,501091.34,21786.58,0.00,205.37,true
2023-10-21,Беговая дорожка,Фитнес,10,485145.50,51067.95,5.00,94.63,false
2023-10-21,Гантели разборные,Фитнес,105,588457.80,7005.45,20.00,189.40,true
2023-10-21,Палатка туристическая,Туризм,22,359620.14,17767.79,8.00,92.32,false
2023-10-21,Спальный мешок,Туризм,63,496303.29,7877.83,0.00,170.86,false
2023-10-21,Велосипед городской,Велоспорт,30,1050607.80,35020.26,0.00,183.42,false
2023-10-21,Лыжный комплект,Зимний спорт,23,537824.41,23383.67,0.00,200.73,false
2023-10-22,Беговая дорожка,Фитнес,12,585373.92,48781.16,0.00,92.58,false
2023-10-22,Гантели разборные,Фитнес,60,379629.00,7030.16,10.00,131.47,false
2023-10-22,Палатка туристическая,Туризм,29,484300.87,16700.03,0.00,111.22,false
2023-10-22,Спальный мешок,Туризм,54,445305.60,8246.40,0.00,144.53,true
2023-10-22,Велосипед городской,Велоспорт,26,859209.78,33046.53,0.00,175.04,false
2023-10-22,Лыжный комплект,Зимний спорт,34,640029.26,21513.58,12.50,198.19,false
2023-10-23,Беговая дорожка,Фитнес,14,648140.08,46295.72,0.00,97.77,false
2023-10-23,Гантели разборные,Фитнес,61,440333.38,7218.58,0.00,136.68,false
2023-10-23,Палатка туристическая,Туризм,23,382468.15,16629.05,0.00,107.42,false
2023-10-23,Спальный мешок,Туризм,65,417912.30,8036.77,20.00,154.18,false
2023-10-23,Велосипед городской,Велоспорт,27,867061.26,32113.38,0.00,177.96,false
2023-10-23,Лыжный комплект,Зимний спорт,25,557451.00,22298.04,0.00,197.36,false
2023-10-24,Беговая дорожка,Фитнес,17,764624.64,44977.92,0.00,89.43,false
2023-10-24,Гантели разборные,Фитнес,75,486216.00,7203.20,10.00,164.05,false
2023-10-24,Палатка туристическая,Туризм,21,345624.72,16458.32,0.00,97.26,false
2023-10-24,Спальный мешок,Туризм,47,360111.18,7661.94,0.00,146.07,false
2023-10-24,Велосипед городской,Велоспорт,18,606873.60,33715.20,0.00,180.47,false
2023-10-24,Лыжный комплект,Зимний спорт,31,645412.25,23794.00,12.50,203.77,true
2023-10-25,Беговая дорожка,Фитнес,13,673847.07,51834.39,0.00,86.08,false
2023-10-25,Гантели разборные,Фитнес,56,424004.00,7571.50,0.00,135.96,false
2023-10-25,Палатка туристическая,Туризм,21,297680.88,15407.91,8.00,120.13,false
2023-10-25,Спальный мешок,Туризм,36,293079.24,8141.09,0.00,175.49,false
2023-10-25,Велосипед городской,Велоспорт,16,556364.80,34772.80,0.00,183.52,false
2023-10-25,Лыжный комплект,Зимний спорт,17,410850.05,24167.65,0.00,200.75,false
2023-10-26,Беговая дорожка,Фитнес,16,740412.96,46275.81,0.00,100.54,true
2023-10-26,Гантели разборные,Фитнес,49,305938.36,6937.38,10.00,123.73,false
2023-10-26,Палатка туристическая,Туризм,19,285924.16,15840.68,5.00,109.89,false
2023-10-26,Спальный мешок,Туризм,35,288423.80,8240.68,0.00,159.48,false
2023-10-26,Велосипед городской,Велоспорт,22,723694.62,36550.23,10.00,187.65,false
2023-10-26,Лыжный комплект,Зимний спорт,16,337936.00,21121.00,0.00,203.02,false
2023-10-27,Беговая дорожка,Фитнес,12,625819.44,52151.62,0.00,100.99,true
2023-10-27,Гантели разборные,Фитнес,49,361632.25,7380.25,0.00,162.01,false
2023-10-27,Палатка туристическая,Туризм,14,244843.62,17488.83,0.00,101.33,false
2023-10-27,Спальный мешок,Туризм,43,269347.27,7369.28,15.00,143.29,false
2023-10-27,Велосипед городской,Велоспорт,26,858665.34,33025.59,0.00,172.81,false
2023-10-27,Лыжный комплект,Зимний спорт,28,648817.68,23172.06,0.00,201.95,false
2023-10-28,Беговая дорожка,Фитнес,8,429684.00,53710.50,0.00,87.51,false
2023-10-28,Гантели разборные,Фитнес,41,281855.32,6874.52,0.00,178.32,false
2023-10-28,Палатка туристическая,Туризм,21,348310.41,16586.21,0.00,123.62,false
2023-10-28,Спальный мешок,Туризм,55,395254.20,7186.44,0.00,155.79,false
2023-10-28,Велосипед городской,Велоспорт,45,1190796.75,33077.69,20.00,178.13,true
2023-10-28,Лыжный комплект,Зимний спорт,22,521958.80,23725.40,0.00,203.69,false
2023-10-29,Беговая дорожка,Фитнес,18,737010.36,48170.61,15.00,101.33,true
2023-10-29,Гантели разборные,Фитнес,69,439043.55,7271.94,12.50,150.66,false
2023-10-29,Палатка туристическая,Туризм,32,449343.68,15602.21,10.00,100.32,false
2023-10-29,Спальный мешок,Туризм,79,556351.18,7824.91,10.00,181.14,true
2023-10-29,Велосипед городской,Велоспорт,29,918028.06,31656.14,0.00,182.44,false
2023-10-29,Лыжный комплект,Зимний спорт,18,398431.26,22135.07,0.00,214.80,false
2023-10-30,Беговая дорожка,Фитнес,11,533469.75,48497.25,0.00,94.77,false
2023-10-30,Гантели разборные,Фитнес,66,457589.22,6933.17,0.00,147.25,false
2023-10-30,Палатка туристическая,Туризм,27,455740.83,16879.29,0.00,127.32,false
2023-10-30,Спальный мешок,Туризм,41,343682.91,8382.51,0.00,189.39,false
2023-10-30,Велосипед городской,Велоспорт,32,845250.88,31075.40,15.00,180.63,true
2023-10-30,Лыжный комплект,Зимний спорт,25,536055.00,21442.20,0.00,209.55,false
2023-10-31,Беговая дорожка,Фитнес,21,901042.38,53633.48,20.00,93.40,true
2023-10-31,Гантели разборные,Фитнес,54,412927.20,7646.80,0.00,111.96,false
2023-10-31,Палатка туристическая,Туризм,23,385451.02,16758.74,0.00,127.45,false
2023-10-31,Спальный мешок,Туризм,50,356576.00,7131.52,0.00,195.03,false
2023-10-31,Велосипед городской,Велоспорт,19,682372.27,35914.33,0.00,173.65,false
2023-10-31,Лыжный комплект,Зимний спорт,27,563734.89,20879.07,0.00,199.66,true
2023-11-01,Беговая дорожка,Фитнес,11,577523.32,52502.12,0.00,97.42,false
2023-11-01,Гантели разборные,Фитнес,67,492435.26,7349.78,0.00,173.28,false
2023-11-01,Палатка туристическая,Туризм,29,379578.68,15398.73,15.00,102.40,false
2023-11-01,Спальный мешок,Туризм,49,330072.33,7484.63,10.00,164.98,false
2023-11-01,Велосипед городской,Велоспорт,20,662000.00,33100.00,0.00,185.43,false
2023-11-01,Лыжный комплект,Зимний спорт,16,379375.52,23710.97,0.00,199.64,false
2023-11-02,Беговая дорожка,Фитнес,11,577458.86,52496.26,0.00,94.08,false
2023-11-02,Гантели разборные,Фитнес,52,394226.56,7581.28,0.00,151.97,false
2023-11-02,Палатка туристическая,Туризм,19,307620.45,17598.42,8.00,116.45,false
2023-11-02,Спальный мешок,Туризм,36,296571.24,8238.09,0.00,174.45,false
2023-11-02,Велосипед городской,Велоспорт,20,713658.20,35682.91,0.00,196.49,false
2023-11-02,Лыжный комплект,Зимний спорт,26,473653.96,20819.96,12.50,203.44,false
2023-11-03,Беговая дорожка,Фитнес,10,461692.20,46169.22,0.00,85.83,false
2023-11-03,Гантели разборные,Фитнес,52,365403.48,7026.99,0.00,190.69,false
2023-11-03,Палатка туристическая,Туризм,16,271527.20,16970.45,0.00,105.79,false
2023-11-03,Спальный мешок,Туризм,62,389522.44,7391.31,15.00,150.12,false
2023-11-03,Велосипед городской,Велоспорт,33,987649.08,34204.30,12.50,187.19,false
2023-11-03,Лыжный комплект,Зимний спорт,35,634658.85,20147.90,10.00,218.59,false
2023-11-04,Беговая дорожка,Фитнес,9,469158.03,52128.67,0.00,89.17,false
2023-11-04,Гантели разборные,Фитнес,46,354027.04,7696.24,0.00,159.43,false
2023-11-04,Палатка туристическая,Туризм,25,395071.00,15802.84,0.00,123.22,false
2023-11-04,Спальный мешок,Туризм,47,374026.94,7958.02,0.00,196.50,false
2023-11-04,Велосипед городской,Велоспорт,35,1154385.75,32982.45,0.00,198.68,false
2023-11-04,Лыжный комплект,Зимний спорт,26,489304.66,20910.46,10.00,216.92,false
2023-11-05,Беговая дорожка,Фитнес,10,472669.30,47266.93,0.00,93.59,false
2023-11-05,Гантели разборные,Фитнес,63,425349.54,6751.58,0.00,157.42,false
2023-11-05,Палатка туристическая,Туризм,28,384331.64,15251.26,10.00,115.27,false
2023-11-05,Спальный мешок,Туризм,51,364861.14,7154.14,0.00,157.88,false
2023-11-05,Велосипед городской,Велоспорт,30,983064.00,32768.80,0.00,189.88,false
2023-11-05,Лыжный комплект,Зимний спорт,18,426480.66,23693.37,0.00,204.81,false
2023-11-06,Беговая дорожка,Фитнес,9,467286.30,51920.70,0.00,82.78,false
2023-11-06,Гантели разборные,Фитнес,80,545767.20,6822.09,0.00,115.99,true
2023-11-06,Палатка туристическая,Туризм,22,337394.86,15336.13,0.00,122.39,false
2023-11-06,Спальный мешок,Туризм,44,342886.28,7792.87,0.00,187.31,false
2023-11-06,Велосипед городской,Велоспорт,22,681957.54,30998.07,0.00,193.81,false
2023-11-06,Лыжный комплект,Зимний спорт,29,559569.79,20973.39,8.00,208.27,false
2023-11-07,Беговая дорожка,Фитнес,12,639172.08,53264.34,0.00,88.41,false
2023-11-07,Гантели разборные,Фитнес,54,422296.74,7820.31,0.00,126.74,false
2023-11-07,Палатка туристическая,Туризм,31,434495.69,15573.32,10.00,112.17,false
2023-11-07,Спальный мешок,Туризм,50,367944.50,7358.89,0.00,164.24,false
2023-11-07,Велосипед городской,Велоспорт,23,730894.92,31778.04,0.00,186.74,false
2023-11-07,Лыжный комплект,Зимний спорт,22,494560.88,23663.20,5.00,221.12,false
2023-11-08,Беговая дорожка,Фитнес,17,810527.19,47678.07,0.00,80.59,true
2023-11-08,Гантели разборные,Фитнес,65,495752.40,7626.96,0.00,173.65,false
2023-11-08,Палатка туристическая,Туризм,34,487432.84,16866.19,15.00,127.86,false
2023-11-08,Спальный мешок,Туризм,41,308858.33,7533.13,0.00,159.56,false
2023-11-08,Велосипед городской,Велоспорт,20,701814.20,35090.71,0.00,187.50,true
2023-11-08,Лыжный комплект,Зимний спорт,19,427381.44,22493.76,0.00,208.30,false
2023-11-09,Беговая дорожка,Фитнес,14,685930.42,48995.03,0.00,86.42,true
2023-11-09,Гантели разборные,Фитнес,49,330673.07,6748.43,0.00,155.04,false
2023-11-09,Палатка туристическая,Туризм,21,318309.39,15157.59,0.00,115.06,false
2023-11-09,Спальный мешок,Туризм,38,269114.10,7081.95,0.00,203.03,false
2023-11-09,Велосипед городской,Велоспорт,22,730838.24,33219.92,0.00,192.21,false
2023-11-09,Лыжный комплект,Зимний спорт,19,365358.98,22622.85,15.00,220.41,false
2023-11-10,Беговая дорожка,Фитнес,17,758389.04,48490.34,8.00,90.04,true
2023-11-10,Гантели разборные,Фитнес,56,406246.40,7254.40,0.00,111.98,false
2023-11-10,Палатка туристическая,Туризм,19,329440.24,17338.96,0.00,110.25,false
2023-11-10,Спальный мешок,Туризм,40,318856.40,7971.41,0.00,156.76,false
2023-11-10,Велосипед городской,Велоспорт,25,884527.50,35381.10,0.00,185.19,false
2023-11-10,Лыжный комплект,Зимний спорт,25,517259.25,20690.37,0.00,221.95,false
2023-11-11,Беговая дорожка,Фитнес,12,564652.92,47054.41,0.00,79.07,false
2023-11-11,Гантели разборные,Фитнес,85,526087.10,7073.44,12.50,174.77,true
2023-11-11,Палатка туристическая,Туризм,27,401912.55,17512.53,15.00,131.18,false
2023-11-11,Спальный мешок,Туризм,57,408501.90,8190.51,12.50,177.95,false
2023-11-11,Велосипед городской,Велоспорт,28,904319.08,32297.11,0.00,188.60,false
2023-11-11,Лыжный комплект,Зимний спорт,30,591876.60,21444.80,8.00,221.58,false
2023-11-12,Беговая дорожка,Фитнес,10,520578.80,52057.88,0.00,78.53,false
2023-11-12,Гантели разборные,Фитнес,54,309606.84,6745.25,15.00,159.06,false
2023-11-12,Палатка туристическая,Туризм,27,405676.89,16331.59,8.00,136.99,false
2023-11-12,Спальный мешок,Туризм,76,491021.56,7383.78,12.50,171.05,false
2023-11-12,Велосипед городской,Велоспорт,34,1022038.98,34354.25,12.50,196.34,false
2023-11-12,Лыжный комплект,Зимний спорт,31,625323.32,20171.72,0.00,220.72,false
2023-11-13,Беговая дорожка,Фитнес,13,624574.73,48044.21,0.00,84.30,false
2023-11-13,Гантели разборные,Фитнес,65,445254.55,6850.07,0.00,188.16,false
2023-11-13,Палатка туристическая,Туризм,29,450325.34,15528.46,0.00,126.09,false
2023-11-13,Спальный мешок,Туризм,38,300263.46,7901.67,0.00,166.93,false
2023-11-13,Велосипед городской,Велоспорт,24,749151.36,35673.87,12.50,188.30,true
2023-11-13,Лыжный комплект,Зимний спорт,18,404355.24,22464.18,0.00,217.37,false
2023-11-14,Беговая дорожка,Фитнес,14,692098.82,49435.63,0.00,93.90,false
2023-11-14,Гантели разборные,Фитнес,62,472117.60,7614.80,0.00,164.23,false
2023-11-14,Палатка туристическая,Туризм,32,490904.64,15340.77,0.00,136.49,false
2023-11-14,Спальный мешок,Туризм,89,508144.61,7136.87,20.00,206.47,false
2023-11-14,Велосипед городской,Велоспорт,33,877840.59,31295.56,15.00,185.36,false
2023-11-14,Лыжный комплект,Зимний спорт,17,403147.35,23714.55,0.00,214.50,false
2023-11-15,Беговая дорожка,Фитнес,16,716913.12,49785.64,10.00,90.47,false
2023-11-15,Гантели разборные,Фитнес,55,427651.40,7775.48,0.00,112.07,false
2023-11-15,Палатка туристическая,Туризм,20,324406.20,16220.31,0.00,132.88,false
2023-11-15,Спальный мешок,Туризм,40,284635.20,7115.88,0.00,212.71,false
2023-11-15,Велосипед городской,Велоспорт,34,897587.08,31058.38,15.00,192.69,false
2023-11-15,Лыжный комплект,Зимний спорт,15,349055.40,23270.36,0.00,214.47,false
2023-11-16,Беговая дорожка,Фитнес,11,525159.69,47741.79,0.00,90.30,false
2023-11-16,Гантели разборные,Фитнес,58,385733.64,6650.58,0.00,141.02,false
2023-11-16,Палатка туристическая,Туризм,26,400629.06,15408.81,0.00,131.08,false
2023-11-16,Спальный мешок,Туризм,35,280073.50,8002.10,0.00,171.01,false
2023-11-16,Велосипед городской,Велоспорт,22,760961.74,34589.17,0.00,203.86,false
2023-11-16,Лыжный комплект,Зимний спорт,25,500422.75,20016.91,0.00,222.96,false
2023-11-17,Беговая дорожка,Фитнес,11,501922.52,48030.86,5.00,92.27,false
2023-11-17,Гантели разборные,Фитнес,46,326839.20,7105.20,0.00,122.24,false
2023-11-17,Палатка туристическая,Туризм,21,337103.55,17836.16,10.00,115.50,false
2023-11-17,Спальный мешок,Туризм,43,300849.07,6996.49,0.00,165.86,false
2023-11-17,Велосипед городской,Велоспорт,22,707886.30,32176.65,0.00,206.33,false
2023-11-17,Лыжный комплект,Зимний спорт,25,537318.00,21492.72,0.00,214.56,false
2023-11-18,Беговая дорожка,Фитнес,9,420933.60,49232.00,5.00,84.94,false
2023-11-18,Гантели разборные,Фитнес,61,440357.78,7218.98,0.00,186.66,false
2023-11-18,Палатка туристическая,Туризм,23,398158.98,17311.26,0.00,135.05,false
2023-11-18,Спальный мешок,Туризм,77,536467.47,6967.11,0.00,209.76,false
2023-11-18,Велосипед городской,Велоспорт,30,835350.00,30266.31,8.00,209.67,false
2023-11-18,Лыжный комплект,Зимний спорт,21,460485.69,21927.89,0.00,211.17,false
2023-11-19,Беговая дорожка,Фитнес,11,589864.11,53624.01,0.00,84.93,false
2023-11-19,Гантели разборные,Фитнес,61,473120.88,7756.08,0.00,136.86,false
2023-11-19,Палатка туристическая,Туризм,25,410202.75,16408.11,0.00,134.00,false
2023-11-19,Спальный мешок,Туризм,61,464033.10,7607.10,0.00,177.89,false
2023-11-19,Велосипед городской,Велоспорт,47,1664284.10,35410.30,0.00,205.12,true
2023-11-19,Лыжный комплект,Зимний спорт,18,418288.50,23238.25,0.00,212.11,false
2023-11-20,Беговая дорожка,Фитнес,8,427302.00,53412.75,0.00,81.48,false
2023-11-20,Гантели разборные,Фитнес,71,517599.94,7290.14,0.00,160.86,true
2023-11-20,Палатка туристическая,Туризм,19,324573.58,17082.82,0.00,141.06,false
2023-11-20,Спальный мешок,Туризм,67,525217.69,7839.07,0.00,167.55,false
2023-11-20,Велосипед городской,Велоспорт,30,899186.70,29972.89,0.00,202.55,false
2023-11-20,Лыжный комплект,Зимний спорт,30,595083.90,23336.62,15.00,223.33,false
2023-11-21,Беговая дорожка,Фитнес,17,831629.97,48919.41,0.00,75.36,true
2023-11-21,Гантели разборные,Фитнес,53,358395.01,6762.17,0.00,174.79,false
2023-11-21,Палатка туристическая,Туризм,19,314812.52,16569.08,0.00,144.20,false
2023-11-21,Спальный мешок,Туризм,52,349288.16,7301.17,8.00,192.50,false
2023-11-21,Велосипед городской,Велоспорт,26,907883.34,34918.59,0.00,204.85,false
2023-11-21,Лыжный комплект,Зимний спорт,17,388473.80,22851.40,0.00,207.74,false
2023-11-22,Беговая дорожка,Фитнес,14,660602.18,47185.87,0.00,88.22,false
2023-11-22,Гантели разборные,Фитнес,58,425215.98,7331.31,0.00,127.63,false
2023-11-22,Палатка туристическая,Туризм,21,327098.73,15576.13,0.00,136.42,false
2023-11-22,Спальный мешок,Туризм,34,244272.66,7184.49,0.00,204.47,false
2023-11-22,Велосипед городской,Велоспорт,19,604578.29,31819.91,0.00,212.41,false
2023-11-22,Лыжный комплект,Зимний спорт,23,464643.01,20201.87,0.00,218.36,false
2023-11-23,Беговая дорожка,Фитнес,7,348858.23,49836.89,0.00,79.33,false
2023-11-23,Гантели разборные,Фитнес,52,346619.52,6665.76,0.00,126.41,false
2023-11-23,Палатка туристическая,Туризм,17,242476.78,15014.05,5.00,144.87,false
2023-11-23,Спальный мешок,Туризм,51,368406.66,7223.66,0.00,180.55,false
2023-11-23,Велосипед городской,Велоспорт,23,716641.36,34620.36,10.00,207.05,false
2023-11-23,Лыжный комплект,Зимний спорт,23,452822.62,21875.49,10.00,210.05,false
2023-11-24,Беговая дорожка,Фитнес,11,450426.24,46797.53,12.50,90.84,false
2023-11-24,Гантели разборные,Фитнес,43,274459.54,6718.72,5.00,187.87,false
2023-11-24,Палатка туристическая,Туризм,20,346656.40,17332.82,0.00,143.06,false
2023-11-24,Спальный мешок,Туризм,36,292715.28,8130.98,0.00,218.57,false
2023-11-24,Велосипед городской,Велоспорт,27,812385.18,30088.34,0.00,194.01,false
2023-11-24,Лыжный комплект,Зимний спорт,29,592699.97,20437.93,0.00,210.70,true
2023-11-25,Беговая дорожка,Фитнес,10,474939.70,49993.65,5.00,85.21,false
2023-11-25,Гантели разборные,Фитнес,35,236758.20,6764.52,0.00,129.73,false
2023-11-25,Палатка туристическая,Туризм,30,462479.70,15415.99,0.00,147.14,false
2023-11-25,Спальный мешок,Туризм,69,505157.97,7321.13,0.00,177.75,false
2023-11-25,Велосипед городской,Велоспорт,28,899504.20,32125.15,0.00,203.62,false
2023-11-25,Лыжный комплект,Зимний спорт,19,404996.78,21315.62,0.00,213.60,false
2023-11-26,Беговая дорожка,Фитнес,13,567041.67,54523.24,20.00,81.33,false
2023-11-26,Гантели разборные,Фитнес,57,382654.68,6713.24,0.00,190.25,false
2023-11-26,Палатка туристическая,Туризм,28,489218.80,17472.10,0.00,134.06,false
2023-11-26,Спальный мешок,Туризм,59,384927.21,7249.10,10.00,210.99,false
2023-11-26,Велосипед городской,Велоспорт,25,857575.75,34303.03,0.00,200.65,false
2023-11-26,Лыжный комплект,Зимний спорт,29,574319.77,23298.98,15.00,218.04,true
2023-11-27,Беговая дорожка,Фитнес,10,463961.30,46396.13,0.00,84.60,false
2023-11-27,Гантели разборные,Фитнес,59,419362.56,7107.84,0.00,154.75,false
2023-11-27,Палатка туристическая,Туризм,29,502223.45,17318.05,0.00,149.95,false
2023-11-27,Спальный мешок,Туризм,67,538158.74,8032.22,0.00,214.65,false
2023-11-27,Велосипед городской,Велоспорт,21,711416.37,33876.97,0.00,214.35,false
2023-11-27,Лыжный комплект,Зимний спорт,21,489920.34,23329.54,0.00,216.18,false
2023-11-28,Беговая дорожка,Фитнес,14,704112.64,52940.80,5.00,87.75,false
2023-11-28,Гантели разборные,Фитнес,80,595018.40,7437.73,0.00,123.54,false
2023-11-28,Палатка туристическая,Туризм,29,478253.79,16491.51,0.00,131.69,false
2023-11-28,Спальный мешок,Туризм,57,376058.07,6944.75,5.00,216.77,false
2023-11-28,Велосипед городской,Велоспорт,26,869344.32,33436.32,0.00,211.93,false
2023-11-28,Лыжный комплект,Зимний спорт,21,453584.88,21599.28,0.00,207.76,false
2023-11-29,Беговая дорожка,Фитнес,17,694892.00,51095.00,20.00,91.67,false
2023-11-29,Гантели разборные,Фитнес,71,468960.68,7548.66,12.50,123.01,false
2023-11-29,Палатка туристическая,Туризм,31,437251.90,16594.00,15.00,137.28,false
2023-11-29,Спальный мешок,Туризм,57,395670.06,6941.58,0.00,208.93,false
2023-11-29,Велосипед городской,Велоспорт,24,813792.72,33908.03,0.00,202.67,false
2023-11-29,Лыжный комплект,Зимний спорт,24,483543.60,20147.65,0.00,221.66,false
2023-11-30,Беговая дорожка,Фитнес,10,516578.20,51657.82,0.00,90.94,false
2023-11-30,Гантели разборные,Фитнес,50,364835.00,7296.70,0.00,167.73,false
2023-11-30,Палатка туристическая,Туризм,35,550560.85,15730.31,0.00,127.61,true
2023-11-30,Спальный мешок,Туризм,64,418222.72,7687.92,15.00,227.77,false
2023-11-30,Велосипед городской,Велоспорт,35,952613.20,34021.90,20.00,216.69,false
2023-11-30,Лыжный комплект,Зимний спорт,35,574343.70,20512.28,20.00,212.74,false
2023-12-01,Беговая дорожка,Фитнес,11,517227.04,47020.64,0.00,82.39,false
2023-12-01,Гантели разборные,Фитнес,51,345727.98,6778.98,0.00,165.55,false
2023-12-01,Палатка туристическая,Туризм,21,324358.44,15445.64,0.00,143.56,false
2023-12-01,Спальный мешок,Туризм,42,301570.08,7180.24,0.00,194.48,false
2023-12-01,Велосипед городской,Велоспорт,23,782558.44,34024.28,0.00,214.78,false
2023-12-01,Лыжный комплект,Зимний спорт,25,504616.00,20184.64,0.00,208.31,false
2023-12-02,Беговая дорожка,Фитнес,7,379817.27,54259.61,0.00,81.62,false
2023-12-02,Гантели разборные,Фитнес,60,355435.80,6969.32,15.00,183.87,false
2023-12-02,Палатка туристическая,Туризм,31,458722.19,16911.41,12.50,142.88,false
2023-12-02,Спальный мешок,Туризм,53,385258.59,7269.03,0.00,220.11,false
2023-12-02,Велосипед городской,Велоспорт,33,1134095.16,34366.52,0.00,219.56,false
2023-12-02,Лыжный комплект,Зимний спорт,25,570615.00,22824.60,0.00,222.60,false
2023-12-03,Беговая дорожка,Фитнес,8,431230.56,53903.82,0.00,79.14,false
2023-12-03,Гантели разборные,Фитнес,53,398963.86,7527.62,0.00,206.64,false
2023-12-03,Палатка туристическая,Туризм,38,528696.66,15458.96,10.00,149.96,false
2023-12-03,Спальный мешок,Туризм,87,633346.08,7279.84,0.00,186.32,false
2023-12-03,Велосипед городской,Велоспорт,34,1185330.78,34862.67,0.00,204.56,false
2023-12-03,Лыжный комплект,Зимний спорт,24,478421.28,20983.39,5.00,212.55,false
2023-12-04,Беговая дорожка,Фитнес,10,482110.60,48211.06,0.00,81.51,false
2023-12-04,Гантели разборные,Фитнес,73,509231.94,6975.78,0.00,146.64,false
2023-12-04,Палатка туристическая,Туризм,28,471102.52,16825.09,0.00,141.61,false
2023-12-04,Спальный мешок,Туризм,58,443965.64,7654.58,0.00,227.06,false
2023-12-04,Велосипед городской,Велоспорт,36,955023.48,31209.92,15.00,204.22,false
2023-12-04,Лыжный комплект,Зимний спорт,22,483570.78,21980.49,0.00,219.47,false
2023-12-05,Беговая дорожка,Фитнес,22,976042.10,49295.06,10.00,87.81,true
2023-12-05,Гантели разборные,Фитнес,107,623057.79,6850.55,15.00,193.32,true
2023-12-05,Палатка туристическая,Туризм,38,553976.16,15345.60,5.00,141.15,false
2023-12-05,Спальный мешок,Туризм,67,532563.57,7948.71,0.00,216.82,true
2023-12-05,Велосипед городской,Велоспорт,22,744177.72,33826.26,0.00,210.09,false
2023-12-05,Лыжный комплект,Зимний спорт,30,504173.70,19771.51,15.00,203.02,false
2023-12-06,Беговая дорожка,Фитнес,19,945039.29,52356.75,5.00,87.49,false
2023-12-06,Гантели разборные,Фитнес,71,495438.71,6978.01,0.00,202.33,true
2023-12-06,Палатка туристическая,Туризм,22,371182.24,16871.92,0.00,163.33,false
2023-12-06,Спальный мешок,Туризм,60,432676.20,7211.27,0.00,194.71,true
2023-12-06,Велосипед городской,Велоспорт,26,850690.10,32718.85,0.00,218.02,false
2023-12-06,Лыжный комплект,Зимний спорт,20,425902.20,21295.11,0.00,209.36,false
2023-12-07,Беговая дорожка,Фитнес,16,762648.96,47665.56,0.00,90.37,true
2023-12-07,Гантели разборные,Фитнес,71,476837.42,7675.45,12.50,151.57,false
2023-12-07,Палатка туристическая,Туризм,20,331504.40,16575.22,0.00,146.15,false
2023-12-07,Спальный мешок,Туризм,42,303248.40,7220.20,0.00,233.66,false
2023-12-07,Велосипед городской,Велоспорт,24,767691.36,31987.14,0.00,208.87,false
2023-12-07,Лыжный комплект,Зимний спорт,21,475500.27,22642.87,0.00,218.94,false
2023-12-08,Беговая дорожка,Фитнес,12,583162.20,48596.85,0.00,90.64,false
2023-12-08,Гантели разборные,Фитнес,47,348016.20,7404.60,0.00,186.51,false
2023-12-08,Палатка туристическая,Туризм,18,283969.80,15776.10,0.00,160.36,false
2023-12-08,Спальный мешок,Туризм,55,388715.80,7067.56,0.00,222.26,true
2023-12-08,Велосипед городской,Велоспорт,32,987069.44,30845.92,0.00,221.60,false
2023-12-08,Лыжный комплект,Зимний спорт,25,564417.25,22576.69,0.00,215.98,false
2023-12-09,Беговая дорожка,Фитнес,9,433114.74,48123.86,0.00,82.33,false
2023-12-09,Гантели разборные,Фитнес,78,484759.86,6905.41,10.00,133.97,true
2023-12-09,Палатка туристическая,Туризм,31,468111.78,15895.14,5.00,142.22,false
2023-12-09,Спальный мешок,Туризм,75,513225.75,6843.01,0.00,238.46,false
2023-12-09,Велосипед городской,Велоспорт,38,1134374.48,33168.85,10.00,222.81,true
2023-12-09,Лыжный комплект,Зимний спорт,27,569761.56,21102.28,0.00,209.24,false
2023-12-10,Беговая дорожка,Фитнес,13,673410.40,51800.80,0.00,90.39,false
2023-12-10,Гантели разборные,Фитнес,76,523761.60,6891.60,0.00,136.53,false
2023-12-10,Палатка туристическая,Туризм,34,513730.48,15109.72,0.00,154.68,false
2023-12-10,Спальный мешок,Туризм,64,476593.28,7446.77,0.00,207.05,false
2023-12-10,Велосипед городской,Велоспорт,38,1238190.48,32583.96,0.00,217.52,false
2023-12-10,Лыжный комплект,Зимний спорт,32,597716.80,21347.03,12.50,202.80,false
2023-12-11,Беговая дорожка,Фитнес,11,585522.52,53229.32,0.00,92.65,false
2023-12-11,Гантели разборные,Фитнес,57,409418.46,7560.82,5.00,188.43,false
2023-12-11,Палатка туристическая,Туризм,30,511475.10,17049.17,0.00,154.55,false
2023-12-11,Спальный мешок,Туризм,50,325394.00,6850.40,5.00,240.02,false
2023-12-11,Велосипед городской,Велоспорт,28,925627.08,33058.11,0.00,213.69,false
2023-12-11,Лыжный комплект,Зимний спорт,24,484385.52,20182.73,0.00,210.12,false
2023-12-12,Беговая дорожка,Фитнес,22,908764.78,51634.36,20.00,82.58,true
2023-12-12,Гантели разборные,Фитнес,64,443112.96,6923.64,0.00,203.39,false
2023-12-12,Палатка туристическая,Туризм,35,501396.70,15917.36,10.00,155.70,false
2023-12-12,Спальный мешок,Туризм,54,413857.08,7664.02,0.00,191.39,false
2023-12-12,Велосипед городской,Велоспорт,25,691279.50,30055.63,8.00,211.84,false
2023-12-12,Лыжный комплект,Зимний спорт,30,569056.80,20618.00,8.00,220.59,false
2023-12-13,Беговая дорожка,Фитнес,11,545415.97,49583.27,0.00,80.09,false
2023-12-13,Гантели разборные,Фитнес,78,480217.14,6691.98,8.00,154.41,false
2023-12-13,Палатка туристическая,Туризм,24,346439.76,16038.87,10.00,157.49,false
2023-12-13,Спальный мешок,Туризм,46,369484.88,8032.28,0.00,228.32,false
2023-12-13,Велосипед городской,Велоспорт,24,703169.76,31846.46,8.00,214.79,false
2023-12-13,Лыжный комплект,Зимний спорт,18,368182.98,20454.61,0.00,216.96,false
2023-12-14,Беговая дорожка,Фитнес,12,632358.24,52696.52,0.00,80.69,false
2023-12-14,Гантели разборные,Фитнес,60,441485.40,7358.09,0.00,152.62,false
2023-12-14,Палатка туристическая,Туризм,26,385882.64,14841.64,0.00,162.29,false
2023-12-14,Спальный мешок,Туризм,36,241919.64,7304.33,8.00,197.07,false
2023-12-14,Велосипед городской,Велоспорт,28,799970.64,30074.09,5.00,218.43,false
2023-12-14,Лыжный комплект,Зимний спорт,22,475950.86,21634.13,0.00,200.14,false
2023-12-15,Беговая дорожка,Фитнес,12,564817.20,47068.10,0.00,79.31,true
2023-12-15,Гантели разборные,Фитнес,50,308601.00,6857.80,10.00,165.70,false
2023-12-15,Палатка туристическая,Туризм,31,451913.04,14577.84,0.00,157.07,true
2023-12-15,Спальный мешок,Туризм,49,380162.58,7758.42,0.00,199.89,false
2023-12-15,Велосипед городской,Велоспорт,23,763266.96,33185.52,0.00,225.91,false
2023-12-15,Лыжный комплект,Зимний спорт,21,467046.30,22240.30,0.00,211.62,false
2023-12-16,Беговая дорожка,Фитнес,10,505925.20,50592.52,0.00,79.59,false
2023-12-16,Гантели разборные,Фитнес,77,503365.94,7471.11,12.50,173.63,false
2023-12-16,Палатка туристическая,Туризм,24,404448.96,16852.04,0.00,166.08,false
2023-12-16,Спальный мешок,Туризм,66,470451.96,7128.06,0.00,199.12,false
2023-12-16,Велосипед городской,Велоспорт,30,978389.10,32612.97,0.00,215.13,false
2023-12-16,Лыжный комплект,Зимний спорт,17,385409.72,22671.16,0.00,214.00,false
2023-12-17,Беговая дорожка,Фитнес,9,429338.16,47704.24,0.00,77.12,false
2023-12-17,Гантели разборные,Фитнес,57,418633.65,7344.45,0.00,178.40,false
2023-12-17,Палатка туристическая,Туризм,34,560527.40,16486.10,0.00,163.37,false
2023-12-17,Спальный мешок,Туризм,84,536302.20,7511.24,15.00,224.73,false
2023-12-17,Велосипед городской,Велоспорт,27,924094.17,34225.71,0.00,224.09,false
2023-12-17,Лыжный комплект,Зимний спорт,36,670592.88,23284.48,20.00,202.80,true
2023-12-18,Беговая дорожка,Фитнес,12,511814.76,46360.03,8.00,93.58,false
2023-12-18,Гантели разборные,Фитнес,83,537375.20,6474.40,0.00,212.92,false
2023-12-18,Палатка туристическая,Туризм,25,419955.75,16798.23,0.00,175.06,false
2023-12-18,Спальный мешок,Туризм,61,488313.54,8005.14,0.00,240.62,false
2023-12-18,Велосипед городской,Велоспорт,29,1000553.94,34501.86,0.00,204.92,false
2023-12-18,Лыжный комплект,Зимний спорт,27,592293.33,21936.79,0.00,210.86,false
2023-12-19,Беговая дорожка,Фитнес,19,814888.15,46618.31,8.00,89.34,false
2023-12-19,Гантели разборные,Фитнес,70,480553.50,6865.05,0.00,174.10,false
2023-12-19,Палатка туристическая,Туризм,36,562064.40,15612.90,0.00,151.65,false
2023-12-19,Спальный мешок,Туризм,61,386558.22,7921.28,20.00,235.08,false
2023-12-19,Велосипед городской,Велоспорт,25,770277.75,30811.11,0.00,211.24,false
2023-12-19,Лыжный комплект,Зимний спорт,23,538342.60,23406.20,0.00,216.65,false
2023-12-20,Беговая дорожка,Фитнес,12,632070.12,52672.51,0.00,85.31,false
2023-12-20,Гантели разборные,Фитнес,58,353030.34,6616.02,8.00,160.51,false
2023-12-20,Палатка туристическая,Туризм,24,410393.52,17099.73,0.00,149.08,false
2023-12-20,Спальный мешок,Туризм,61,445541.56,7688.37,5.00,246.60,false
2023-12-20,Велосипед городской,Велоспорт,27,797688.81,34757.68,15.00,223.97,false
2023-12-20,Лыжный комплект,Зимний спорт,25,484862.25,22817.04,15.00,214.64,false
2023-12-21,Беговая дорожка,Фитнес,12,647409.12,53950.76,0.00,81.87,false
2023-12-21,Гантели разборные,Фитнес,50,351984.50,7039.69,0.00,156.60,false
2023-12-21,Палатка туристическая,Туризм,27,447178.05,16562.15,0.00,163.34,false
2023-12-21,Спальный мешок,Туризм,41,325237.42,7932.62,0.00,232.09,false
2023-12-21,Велосипед городской,Велоспорт,21,713996.01,33999.81,0.00,217.96,false
2023-12-21,Лыжный комплект,Зимний спорт,22,466811.40,21218.70,0.00,203.12,false
2023-12-22,Беговая дорожка,Фитнес,16,719886.08,51420.44,12.50,90.49,true
2023-12-22,Гантели разборные,Фитнес,69,415826.43,6550.51,8.00,172.30,false
2023-12-22,Палатка туристическая,Туризм,23,341684.55,14855.85,0.00,178.73,false
2023-12-22,Спальный мешок,Туризм,30,210539.40,7017.98,0.00,224.19,false
2023-12-22,Велосипед городской,Велоспорт,29,887196.13,30592.97,0.00,205.39,false
2023-12-22,Лыжный комплект,Зимний спорт,20,447230.80,22361.54,0.00,203.21,false
2023-12-23,Беговая дорожка,Фитнес,11,503894.05,45808.55,0.00,83.49,false
2023-12-23,Гантели разборные,Фитнес,94,523533.94,6552.36,15.00,200.72,false
2023-12-23,Палатка туристическая,Туризм,49,734634.46,14992.54,0.00,152.77,true
2023-12-23,Спальный мешок,Туризм,83,535284.43,7370.53,12.50,208.36,false
2023-12-23,Велосипед городской,Велоспорт,26,886302.56,34088.56,0.00,224.70,false
2023-12-23,Лыжный комплект,Зимний спорт,22,465820.74,21173.67,0.00,200.64,true
2023-12-24,Беговая дорожка,Фитнес,9,458993.70,50999.30,0.00,88.55,false
2023-12-24,Гантели разборные,Фитнес,73,528672.57,7242.09,0.00,160.15,false
2023-12-24,Палатка туристическая,Туризм,43,632331.34,14705.38,0.00,156.11,false
2023-12-24,Спальный мешок,Туризм,71,466295.34,7297.26,10.00,206.75,false
2023-12-24,Велосипед городской,Велоспорт,40,1324515.20,33112.88,0.00,208.08,false
2023-12-24,Лыжный комплект,Зимний спорт,24,511494.96,21312.29,0.00,205.60,false
2023-12-25,Беговая дорожка,Фитнес,14,666724.66,47623.19,0.00,87.59,false
2023-12-25,Гантели разборные,Фитнес,84,625416.96,7445.44,0.00,188.62,false
2023-12-25,Палатка туристическая,Туризм,33,485598.63,14715.11,0.00,166.65,false
2023-12-25,Спальный мешок,Туризм,66,522632.88,7918.68,0.00,249.46,false
2023-12-25,Велосипед городской,Велоспорт,36,1092660.12,30351.67,0.00,216.78,false
2023-12-25,Лыжный комплект,Зимний спорт,20,441300.00,22065.00,0.00,213.69,false
2023-12-26,Беговая дорожка,Фитнес,15,668505.15,52431.78,15.00,90.54,false
2023-12-26,Гантели разборные,Фитнес,71,481601.52,6783.12,0.00,204.02,false
2023-12-26,Палатка туристическая,Туризм,28,471995.16,16856.97,0.00,168.66,false
2023-12-26,Спальный мешок,Туризм,108,598607.28,6928.33,20.00,224.18,false
2023-12-26,Велосипед городской,Велоспорт,25,780034.00,31201.36,0.00,211.45,false
2023-12-26,Лыжный комплект,Зимний спорт,25,551231.25,23966.57,8.00,205.29,false
2023-12-27,Беговая дорожка,Фитнес,17,758933.04,48525.13,8.00,88.99,false
2023-12-27,Гантели разборные,Фитнес,81,567288.36,7003.56,0.00,160.34,false
2023-12-27,Палатка туристическая,Туризм,34,549070.76,16149.14,0.00,158.01,false
2023-12-27,Спальный мешок,Туризм,68,406832.44,7478.53,20.00,241.98,false
2023-12-27,Велосипед городской,Велоспорт,23,686428.79,29844.73,0.00,225.81,false
2023-12-27,Лыжный комплект,Зимний спорт,25,533086.00,21323.44,0.00,208.08,true
2023-12-28,Беговая дорожка,Фитнес,13,592801.82,45600.14,0.00,89.33,false
2023-12-28,Гантели разборные,Фитнес,116,677502.64,6871.22,15.00,182.36,true
2023-12-28,Палатка туристическая,Туризм,28,438333.00,15654.75,0.00,176.46,false
2023-12-28,Спальный мешок,Туризм,53,382280.52,8014.27,10.00,241.29,false
2023-12-28,Велосипед городской,Велоспорт,21,703321.71,35254.23,5.00,226.68,false
2023-12-28,Лыжный комплект,Зимний спорт,17,404996.44,23823.32,0.00,205.67,false
2023-12-29,Беговая дорожка,Фитнес,15,678848.25,53242.99,15.00,83.53,false
2023-12-29,Гантели разборные,Фитнес,60,381551.40,6359.19,0.00,191.12,false
2023-12-29,Палатка туристическая,Туризм,30,464081.10,17188.19,10.00,162.89,false
2023-12-29,Спальный мешок,Туризм,43,309330.39,7193.73,0.00,253.08,false
2023-12-29,Велосипед городской,Велоспорт,37,1122521.54,30338.42,0.00,213.64,true
2023-12-29,Лыжный комплект,Зимний спорт,24,539250.72,22468.78,0.00,209.36,false
2023-12-30,Беговая дорожка,Фитнес,15,626174.25,49111.71,15.00,82.34,false
2023-12-30,Гантели разборные,Фитнес,81,516245.40,6373.40,0.00,167.92,false
2023-12-30,Палатка туристическая,Туризм,53,666789.82,14378.21,12.50,180.65,false
2023-12-30,Спальный мешок,Туризм,66,417863.16,7448.54,15.00,219.84,false
2023-12-30,Велосипед городской,Велоспорт,37,1115610.31,30151.63,0.00,223.29,false
2023-12-30,Лыжный комплект,Зимний спорт,20,423786.60,21189.33,0.00,204.44,false
2023-12-31,Беговая дорожка,Фитнес,9,455247.54,50583.06,0.00,89.38,false
2023-12-31,Гантели разборные,Фитнес,62,425686.42,7227.28,5.00,230.35,false
2023-12-31,Палатка туристическая,Туризм,44,684524.28,15557.37,0.00,165.48,true
2023-12-31,Спальный мешок,Туризм,81,562653.54,7550.37,8.00,213.39,false
2023-12-31,Велосипед городской,Велоспорт,36,1150634.16,33644.28,5.00,220.76,false
2023-12-31,Лыжный комплект,Зимний спорт,26,609305.58,23434.83,0.00,207.38,false
2024-01-01,Беговая дорожка,Фитнес,16,748837.60,46802.35,0.00,85.96,false
2024-01-01,Гантели разборные,Фитнес,78,532222.86,7416.71,8.00,158.34,false
2024-01-01,Палатка туристическая,Туризм,34,510621.52,15018.28,0.00,162.88,false
2024-01-01,Спальный мешок,Туризм,58,455244.32,7849.04,0.00,223.82,false
2024-01-01,Велосипед городской,Велоспорт,21,732572.19,34884.39,0.00,223.31,false
2024-01-01,Лыжный комплект,Зимний спорт,26,584863.76,22494.76,0.00,202.57,true
2024-01-02,Беговая дорожка,Фитнес,12,635048.76,52920.73,0.00,102.03,false
2024-01-02,Гантели разборные,Фитнес,99,646877.88,6534.12,0.00,218.54,false
2024-01-02,Палатка туристическая,Туризм,45,588274.65,15379.73,15.00,191.05,false
2024-01-02,Спальный мешок,Туризм,52,397249.32,7639.41,0.00,243.05,false
2024-01-02,Велосипед городской,Велоспорт,24,805667.52,33569.48,0.00,225.64,false
2024-01-02,Лыжный комплект,Зимний спорт,22,444518.80,22450.44,10.00,200.79,false
2024-01-03,Беговая дорожка,Фитнес,14,668793.44,47770.96,0.00,100.05,false
2024-01-03,Гантели разборные,Фитнес,68,487922.44,7175.33,0.00,207.63,false
2024-01-03,Палатка туристическая,Туризм,30,460326.00,15344.20,0.00,193.80,false
2024-01-03,Спальный мешок,Туризм,58,420310.34,7246.73,0.00,239.15,false
2024-01-03,Велосипед городской,Велоспорт,25,756953.00,30278.12,0.00,215.95,false
2024-01-03,Лыжный комплект,Зимний спорт,14,338978.64,24212.76,0.00,196.41,false
2024-01-04,Беговая дорожка,Фитнес,12,549919.08,45826.59,0.00,102.18,false
2024-01-04,Гантели разборные,Фитнес,72,463391.28,7355.42,12.50,210.21,false
2024-01-04,Палатка туристическая,Туризм,27,441929.25,16367.75,0.00,191.79,false
2024-01-04,Спальный мешок,Туризм,44,351278.40,7983.60,0.00,215.86,false
2024-01-04,Велосипед городской,Велоспорт,25,777088.50,31083.54,0.00,222.46,false
2024-01-04,Лыжный комплект,Зимний спорт,29,539858.49,21275.21,12.50,203.73,false
2024-01-05,Беговая дорожка,Фитнес,11,582091.07,52917.37,0.00,97.34,false
2024-01-05,Гантели разборные,Фитнес,49,342582.52,6991.48,0.00,187.46,false
2024-01-05,Палатка туристическая,Туризм,15,256206.75,17080.45,0.00,189.87,false
2024-01-05,Спальный мешок,Туризм,58,381990.32,7317.82,10.00,214.27,false
2024-01-05,Велосипед городской,Велоспорт,24,807130.08,33630.42,0.00,221.27,false
2024-01-05,Лыжный комплект,Зимний спорт,21,498690.15,23747.15,0.00,200.22,false
2024-01-06,Беговая дорожка,Фитнес,10,485587.30,48558.73,0.00,102.86,false
2024-01-06,Гантели разборные,Фитнес,57,381336.84,6690.12,0.00,216.83,false
2024-01-06,Палатка туристическая,Туризм,37,565268.24,15277.52,0.00,187.88,false
2024-01-06,Спальный мешок,Туризм,69,530342.97,7686.13,0.00,223.45,false
2024-01-06,Велосипед городской,Велоспорт,38,1154878.14,30391.53,0.00,219.58,false
2024-01-06,Лыжный комплект,Зимний спорт,24,458964.96,20786.46,8.00,189.73,false
2024-01-07,Беговая дорожка,Фитнес,14,643178.20,45941.30,0.00,91.62,false
2024-01-07,Гантели разборные,Фитнес,78,539373.12,7278.99,5.00,198.67,false
2024-01-07,Палатка туристическая,Туризм,42,601360.62,14318.11,0.00,175.34,false
2024-01-07,Спальный мешок,Туризм,89,651765.69,7323.21,0.00,225.32,false
2024-01-07,Велосипед городской,Велоспорт,30,1004140.80,33471.36,0.00,222.80,false
2024-01-07,Лыжный комплект,Зимний спорт,25,579015.75,23160.63,0.00,188.77,false
2024-01-08,Беговая дорожка,Фитнес,15,680204.25,45346.95,0.00,91.28,false
2024-01-08,Гантели разборные,Фитнес,63,402208.38,6720.27,5.00,183.55,false
2024-01-08,Палатка туристическая,Туризм,40,591629.60,16434.16,10.00,190.01,false
2024-01-08,Спальный мешок,Туризм,101,651363.14,8061.42,20.00,212.08,true
2024-01-08,Велосипед городской,Велоспорт,30,988033.50,34667.84,5.00,223.48,false
2024-01-08,Лыжный комплект,Зимний спорт,15,341848.20,22789.88,0.00,199.28,false
2024-01-09,Беговая дорожка,Фитнес,16,753680.16,47105.01,0.00,102.82,false
2024-01-09,Гантели разборные,Фитнес,113,644304.53,6708.01,15.00,197.22,false
2024-01-09,Палатка туристическая,Туризм,45,553265.10,14464.45,15.00,173.66,false
2024-01-09,Спальный мешок,Туризм,75,557619.00,7434.92,0.00,238.36,false
2024-01-09,Велосипед городской,Велоспорт,29,978094.89,33727.41,0.00,211.75,false
2024-01-09,Лыжный комплект,Зимний спорт,18,414724.32,23040.24,0.00,186.32,false
2024-01-10,Беговая дорожка,Фитнес,13,689275.99,53021.23,0.00,104.98,false
2024-01-10,Гантели разборные,Фитнес,128,767667.20,7496.75,20.00,159.82,true
2024-01-10,Палатка туристическая,Туризм,31,505282.95,16299.45,0.00,175.54,true
2024-01-10,Спальный мешок,Туризм,38,273085.48,7186.46,0.00,222.41,false
2024-01-10,Велосипед городской,Велоспорт,24,847848.72,35327.03,0.00,207.26,false
2024-01-10,Лыжный комплект,Зимний спорт,26,536455.92,20632.92,0.00,199.53,true
2024-01-11,Беговая дорожка,Фитнес,16,746307.36,46644.21,0.00,106.90,false
2024-01-11,Гантели разборные,Фитнес,79,520832.78,6592.82,0.00,194.92,false
2024-01-11,Палатка туристическая,Туризм,25,361015.25,16988.95,15.00,181.56,false
2024-01-11,Спальный мешок,Туризм,39,313310.40,8033.60,0.00,239.95,false
2024-01-11,Велосипед городской,Велоспорт,22,783556.84,35616.22,0.00,226.10,false
2024-01-11,Лыжный комплект,Зимний спорт,19,428175.45,22535.55,0.00,198.49,false
2024-01-12,Беговая дорожка,Фитнес,16,770569.12,48160.57,0.00,108.73,true
2024-01-12,Гантели разборные,Фитнес,64,411619.84,6431.56,0.00,198.47,false
2024-01-12,Палатка туристическая,Туризм,27,459355.59,17013.17,0.00,182.07,false
2024-01-12,Спальный мешок,Туризм,80,531396.80,7814.66,15.00,215.51,false
2024-01-12,Велосипед городской,Велоспорт,19,683306.69,35963.51,0.00,219.47,false
2024-01-12,Лыжный комплект,Зимний спорт,37,703953.49,20680.19,8.00,188.86,true
2024-01-13,Беговая дорожка,Фитнес,10,518933.30,51893.33,0.00,98.61,false
2024-01-13,Гантели разборные,Фитнес,67,468766.17,6996.51,0.00,184.53,false
2024-01-13,Палатка туристическая,Туризм,34,531583.20,15634.80,0.00,190.92,false
2024-01-13,Спальный мешок,Туризм,72,567340.56,7879.73,0.00,222.62,false
2024-01-13,Велосипед городской,Велоспорт,38,1164145.96,30635.42,0.00,223.97,false
2024-01-13,Лыжный комплект,Зимний спорт,21,507728.55,24177.55,0.00,183.12,false
2024-01-14,Беговая дорожка,Фитнес,13,667375.80,51336.60,0.00,107.82,false
2024-01-14,Гантели разборные,Фитнес,77,500033.38,6493.94,0.00,215.02,false
2024-01-14,Палатка туристическая,Туризм,51,777059.46,16929.40,10.00,183.14,false
2024-01-14,Спальный мешок,Туризм,91,662409.93,7279.23,0.00,238.07,false
2024-01-14,Велосипед городской,Велоспорт,51,1425287.82,31052.02,10.00,221.00,false
2024-01-14,Лыжный комплект,Зимний спорт,15,364566.60,24304.44,0.00,185.00,false
2024-01-15,Беговая дорожка,Фитнес,14,715796.06,51128.29,0.00,98.31,false
2024-01-15,Гантели разборные,Фитнес,92,584792.48,6356.44,0.00,165.30,false
2024-01-15,Палатка туристическая,Туризм,38,633775.78,16678.31,0.00,194.23,false
2024-01-15,Спальный мешок,Туризм,65,498769.05,7673.37,0.00,258.87,false
2024-01-15,Велосипед городской,Велоспорт,34,1001179.30,32007.01,8.00,208.81,false
2024-01-15,Лыжный комплект,Зимний спорт,24,497165.28,20715.22,0.00,180.97,false
2024-01-16,Беговая дорожка,Фитнес,14,714291.34,51020.81,0.00,104.55,false
2024-01-16,Гантели разборные,Фитнес,85,627798.95,7385.87,0.00,210.02,false
2024-01-16,Палатка туристическая,Туризм,40,621733.60,15543.34,0.00,195.70,false
2024-01-16,Спальный мешок,Туризм,51,396536.22,7775.22,0.00,244.45,false
2024-01-16,Велосипед городской,Велоспорт,21,737115.75,35100.75,0.00,212.18,false
2024-01-16,Лыжный комплект,Зимний спорт,26,442321.62,21265.46,20.00,178.96,false
2024-01-17,Беговая дорожка,Фитнес,14,700695.66,50049.69,0.00,111.53,false
2024-01-17,Гантели разборные,Фитнес,86,574081.82,6675.37,0.00,240.78,false
2024-01-17,Палатка туристическая,Туризм,27,417030.66,15445.58,0.00,180.10,false
2024-01-17,Спальный мешок,Туризм,65,460170.75,7079.55,0.00,250.45,false
2024-01-17,Велосипед городской,Велоспорт,27,771826.32,35732.70,20.00,220.56,false
2024-01-17,Лыжный комплект,Зимний спорт,19,416968.11,21945.69,0.00,177.70,false
2024-01-18,Беговая дорожка,Фитнес,14,668948.28,47782.02,0.00,96.47,false
2024-01-18,Гантели разборные,Фитнес,68,491968.44,7234.83,0.00,213.51,false
2024-01-18,Палатка туристическая,Туризм,34,547546.20,16104.30,0.00,179.90,true
2024-01-18,Спальный мешок,Туризм,31,250680.26,8086.46,0.00,262.30,false
2024-01-18,Велосипед городской,Велоспорт,25,783911.25,31356.45,0.00,216.31,false
2024-01-18,Лыжный комплект,Зимний спорт,19,424436.25,22338.75,0.00,192.41,false
2024-01-19,Беговая дорожка,Фитнес,13,650170.30,50013.10,0.00,105.13,false
2024-01-19,Гантели разборные,Фитнес,70,380079.00,6787.13,20.00,231.12,false
2024-01-19,Палатка туристическая,Туризм,22,321176.90,14598.95,0.00,202.76,false
2024-01-19,Спальный мешок,Туризм,78,553789.08,8114.13,12.50,231.12,true
2024-01-19,Велосипед городской,Велоспорт,22,770195.36,35008.88,0.00,219.44,false
2024-01-19,Лыжный комплект,Зимний спорт,23,493068.48,21437.76,0.00,195.59,false
2024-01-20,Беговая дорожка,Фитнес,11,493325.14,44847.74,0.00,114.32,false
2024-01-20,Гантели разборные,Фитнес,91,485597.84,6277.93,15.00,243.23,false
2024-01-20,Палатка туристическая,Туризм,38,648718.90,17071.55,0.00,196.79,false
2024-01-20,Спальный мешок,Туризм,68,515118.36,7575.27,0.00,226.30,false
2024-01-20,Велосипед городской,Велоспорт,37,1302911.71,35213.83,0.00,206.86,false
2024-01-20,Лыжный комплект,Зимний спорт,18,441113.76,24506.32,0.00,188.44,false
2024-01-21,Беговая дорожка,Фитнес,11,574388.98,52217.18,0.00,100.55,false
2024-01-21,Гантели разборные,Фитнес,99,661415.04,6680.96,0.00,214.92,true
2024-01-21,Палатка туристическая,Туризм,62,853921.04,16203.43,15.00,187.00,false
2024-01-21,Спальный мешок,Туризм,80,589023.20,7362.79,0.00,255.34,false
2024-01-21,Велосипед городской,Велоспорт,44,1151916.04,32724.88,20.00,211.47,false
2024-01-21,Лыжный комплект,Зимний спорт,33,602232.18,22811.83,20.00,178.56,false
2024-01-22,Беговая дорожка,Фитнес,13,612133.73,47087.21,0.00,110.67,false
2024-01-22,Гантели разборные,Фитнес,112,632337.44,6642.20,15.00,207.14,false
2024-01-22,Палатка туристическая,Туризм,35,581870.10,16624.86,0.00,193.55,false
2024-01-22,Спальный мешок,Туризм,81,654309.09,8077.89,0.00,242.51,true
2024-01-22,Велосипед городской,Велоспорт,32,920132.48,35942.67,20.00,218.89,false
2024-01-22,Лыжный комплект,Зимний спорт,18,386489.16,21471.62,0.00,190.54,false
2024-01-23,Беговая дорожка,Фитнес,18,865308.42,48072.69,0.00,101.60,true
2024-01-23,Гантели разборные,Фитнес,104,739944.40,7114.85,0.00,252.85,false
2024-01-23,Палатка туристическая,Туризм,29,474435.07,16359.83,0.00,197.44,false
2024-01-23,Спальный мешок,Туризм,57,427421.34,7498.62,0.00,226.69,false
2024-01-23,Велосипед городской,Велоспорт,27,871848.36,32290.68,0.00,220.17,false
2024-01-23,Лыжный комплект,Зимний спорт,16,382374.88,23898.43,0.00,182.86,false
2024-01-24,Беговая дорожка,Фитнес,18,753991.20,45530.87,8.00,115.13,false
2024-01-24,Гантели разборные,Фитнес,109,770733.55,7070.95,0.00,176.83,false
2024-01-24,Палатка туристическая,Туризм,44,650424.72,14782.38,0.00,211.13,true
2024-01-24,Спальный мешок,Туризм,43,343759.20,7994.40,0.00,224.74,false
2024-01-24,Велосипед городской,Велоспорт,27,745448.94,32481.43,15.00,213.96,false
2024-01-24,Лыжный комплект,Зимний спорт,20,439445.60,21972.28,0.00,172.94,false
2024-01-25,Беговая дорожка,Фитнес,19,870767.72,48241.98,5.00,112.45,false
2024-01-25,Гантели разборные,Фитнес,66,492426.00,7461.00,0.00,224.36,false
2024-01-25,Палатка туристическая,Туризм,22,347486.26,15794.83,0.00,186.25,false
2024-01-25,Спальный мешок,Туризм,50,364416.50,7288.33,0.00,244.75,false
2024-01-25,Велосипед городской,Велоспорт,20,720832.80,36041.64,0.00,214.96,false
2024-01-25,Лыжный комплект,Зимний спорт,14,293434.82,20959.63,0.00,188.03,false
2024-01-26,Беговая дорожка,Фитнес,14,641342.52,45810.18,0.00,116.34,false
2024-01-26,Гантели разборные,Фитнес,81,586699.20,7243.20,0.00,222.45,false
2024-01-26,Палатка туристическая,Туризм,24,375727.92,15655.33,0.00,216.36,false
2024-01-26,Спальный мешок,Туризм,55,444588.10,8083.42,0.00,256.59,false
2024-01-26,Велосипед городской,Велоспорт,22,730800.84,33218.22,0.00,217.14,false
2024-01-26,Лыжный комплект,Зимний спорт,19,459697.40,24194.60,0.00,171.79,false
2024-01-27,Беговая дорожка,Фитнес,11,519220.35,47201.85,0.00,103.36,false
2024-01-27,Гантели разборные,Фитнес,94,608144.28,6469.62,0.00,231.17,true
2024-01-27,Палатка туристическая,Туризм,43,703563.85,16361.95,0.00,189.74,false
2024-01-27,Спальный мешок,Туризм,62,481046.22,7758.81,0.00,226.64,false
2024-01-27,Велосипед городской,Велоспорт,24,788593.68,32858.07,0.00,207.52,false
2024-01-27,Лыжный комплект,Зимний спорт,31,562625.20,21352.00,15.00,184.63,false
2024-01-28,Беговая дорожка,Фитнес,17,671240.41,45125.40,12.50,112.50,false
2024-01-28,Гантели разборные,Фитнес,59,388139.76,6578.64,0.00,196.36,false
2024-01-28,Палатка туристическая,Туризм,44,644526.08,17233.31,15.00,218.22,false
2024-01-28,Спальный мешок,Туризм,77,535031.42,7552.68,8.00,228.41,false
2024-01-28,Велосипед городской,Велоспорт,27,954583.92,35354.96,0.00,209.71,false
2024-01-28,Лыжный комплект,Зимний спорт,19,416482.85,24355.72,10.00,184.15,false
2024-01-29,Беговая дорожка,Фитнес,14,642763.24,45911.66,0.00,108.80,false
2024-01-29,Гантели разборные,Фитнес,86,631252.04,7340.14,0.00,180.68,false
2024-01-29,Палатка туристическая,Туризм,33,490766.10,14871.70,0.00,196.90,false
2024-01-29,Спальный мешок,Туризм,45,372054.15,8267.87,0.00,254.80,false
2024-01-29,Велосипед городской,Велоспорт,23,816787.96,35512.52,0.00,200.74,false
2024-01-29,Лыжный комплект,Зимний спорт,17,391231.71,23013.63,0.00,178.64,false
2024-01-30,Беговая дорожка,Фитнес,17,782472.26,46027.78,0.00,117.60,false
2024-01-30,Гантели разборные,Фитнес,109,716130.00,6570.00,0.00,187.25,false
2024-01-30,Палатка туристическая,Туризм,36,527658.84,14657.19,0.00,219.34,false
2024-01-30,Спальный мешок,Туризм,51,381390.24,7871.84,5.00,221.48,false
2024-01-30,Велосипед городской,Велоспорт,19,615999.76,32421.04,0.00,208.68,false
2024-01-30,Лыжный комплект,Зимний спорт,16,377092.32,23568.27,0.00,182.50,false
2024-01-31,Беговая дорожка,Фитнес,14,736170.96,52583.64,0.00,125.34,false
2024-01-31,Гантели разборные,Фитнес,84,575171.52,6847.28,0.00,226.24,false
2024-01-31,Палатка туристическая,Туризм,30,470237.70,15674.59,0.00,201.10,false
2024-01-31,Спальный мешок,Туризм,45,369048.60,8201.08,0.00,242.30,false
2024-01-31,Велосипед городской,Велоспорт,20,711562.00,35578.10,0.00,217.08,false
2024-01-31,Лыжный комплект,Зимний спорт,17,382425.71,22495.63,0.00,178.54,false
2024-02-01,Беговая дорожка,Фитнес,18,796671.36,44259.52,0.00,113.85,false
2024-02-01,Гантели разборные,Фитнес,82,483032.48,6930.16,15.00,240.07,false
2024-02-01,Палатка туристическая,Туризм,28,418948.60,14962.45,0.00,209.32,false
2024-02-01,Спальный мешок,Туризм,44,311141.16,7071.39,0.00,218.45,false
2024-02-01,Велосипед городской,Велоспорт,25,780421.25,31216.85,0.00,208.65,false
2024-02-01,Лыжный комплект,Зимний спорт,22,455974.20,23686.97,12.50,163.03,false
2024-02-02,Беговая дорожка,Фитнес,13,641758.52,49366.04,0.00,116.23,false
2024-02-02,Гантели разборные,Фитнес,75,489816.75,6530.89,0.00,247.64,false
2024-02-02,Палатка туристическая,Туризм,24,393495.12,16395.63,0.00,202.31,false
2024-02-02,Спальный мешок,Туризм,85,514185.40,7561.56,20.00,219.10,false
2024-02-02,Велосипед городской,Велоспорт,25,807432.75,33997.17,5.00,208.33,false
2024-02-02,Лыжный комплект,Зимний спорт,24,545020.32,24683.90,8.00,172.68,false
2024-02-03,Беговая дорожка,Фитнес,14,650496.56,46464.04,0.00,114.08,false
2024-02-03,Гантели разборные,Фитнес,59,438406.58,7430.62,0.00,229.74,false
2024-02-03,Палатка туристическая,Туризм,32,487473.28,15233.54,0.00,203.13,false
2024-02-03,Спальный мешок,Туризм,67,525338.96,7840.88,0.00,257.64,false
2024-02-03,Велосипед городской,Велоспорт,32,1090205.76,34068.93,0.00,197.69,false
2024-02-03,Лыжный комплект,Зимний спорт,26,450525.14,21659.86,20.00,170.96,false
2024-02-04,Беговая дорожка,Фитнес,15,688213.50,45880.90,0.00,124.80,true
2024-02-04,Гантели разборные,Фитнес,81,570107.16,7038.36,0.00,203.57,false
2024-02-04,Палатка туристическая,Туризм,52,757862.04,15841.60,8.00,208.64,false
2024-02-04,Спальный мешок,Туризм,88,729758.48,8292.71,0.00,269.82,false
2024-02-04,Велосипед городской,Велоспорт,33,1058023.89,32061.33,0.00,197.71,false
2024-02-04,Лыжный комплект,Зимний спорт,22,474958.44,23987.80,10.00,175.69,false
2024-02-05,Беговая дорожка,Фитнес,18,761875.02,46006.94,8.00,120.85,false
2024-02-05,Гантели разборные,Фитнес,102,705874.68,6920.34,0.00,186.85,false
2024-02-05,Палатка туристическая,Туризм,28,435538.60,15554.95,0.00,213.93,false
2024-02-05,Спальный мешок,Туризм,65,483650.70,7440.78,0.00,249.11,false
2024-02-05,Велосипед городской,Велоспорт,27,970436.43,35942.09,0.00,194.76,false
2024-02-05,Лыжный комплект,Зимний спорт,23,435635.64,21646.49,12.50,178.02,false
2024-02-06,Беговая дорожка,Фитнес,17,695370.04,45449.02,10.00,124.57,false
2024-02-06,Гантели разборные,Фитнес,117,852087.60,7282.80,0.00,230.66,false
2024-02-06,Палатка туристическая,Туризм,28,428520.96,17490.66,12.50,198.76,false
2024-02-06,Спальный мешок,Туризм,76,629279.24,8279.99,0.00,244.60,true
2024-02-06,Велосипед городской,Велоспорт,18,600269.76,33348.32,0.00,212.55,false
2024-02-06,Лыжный комплект,Зимний спорт,18,394135.38,21896.41,0.00,171.05,false
2024-02-07,Беговая дорожка,Фитнес,16,725172.80,45323.30,0.00,115.35,false
2024-02-07,Гантели разборные,Фитнес,96,702122.88,7313.78,0.00,189.09,false
2024-02-07,Палатка туристическая,Туризм,34,514264.62,15125.43,0.00,215.60,false
2024-02-07,Спальный мешок,Туризм,52,415498.72,7990.36,0.00,227.42,false
2024-02-07,Велосипед городской,Велоспорт,24,766969.68,31957.07,0.00,198.73,true
2024-02-07,Лыжный комплект,Зимний спорт,14,300364.26,21454.59,0.00,176.48,false
2024-02-08,Беговая дорожка,Фитнес,15,754900.20,50326.68,0.00,122.84,false
2024-02-08,Гантели разборные,Фитнес,75,505929.00,6745.72,0.00,209.37,false
2024-02-08,Палатка туристическая,Туризм,25,396172.00,16680.93,5.00,200.32,false
2024-02-08,Спальный мешок,Туризм,48,352065.12,7972.49,8.00,247.21,false
2024-02-08,Велосипед городской,Велоспорт,24,750288.48,31262.02,0.00,194.42,false
2024-02-08,Лыжный комплект,Зимний спорт,26,532277.46,22746.91,10.00,157.03,true
2024-02-09,Беговая дорожка,Фитнес,15,780655.80,52043.72,0.00,119.22,false
2024-02-09,Гантели разборные,Фитнес,68,488690.16,7564.87,5.00,241.62,false
2024-02-09,Палатка туристическая,Туризм,32,538740.80,16835.65,0.00,214.48,false
2024-02-09,Спальный мешок,Туризм,54,394819.38,7311.47,0.00,270.58,false
2024-02-09,Велосипед городской,Велоспорт,24,889281.36,37053.39,0.00,204.65,false
2024-02-09,Лыжный комплект,Зимний спорт,20,412418.80,23566.79,12.50,158.03,false
2024-02-10,Беговая дорожка,Фитнес,13,613442.96,47187.92,0.00,122.94,false
2024-02-10,Гантели разборные,Фитнес,68,518638.72,7627.04,0.00,264.99,false
2024-02-10,Палатка туристическая,Туризм,44,746130.00,16957.50,0.00,227.59,false
2024-02-10,Спальный мешок,Туризм,80,599842.40,7498.03,0.00,233.05,false
2024-02-10,Велосипед городской,Велоспорт,48,1615467.36,33655.57,0.00,212.99,true
2024-02-10,Лыжный комплект,Зимний спорт,15,364976.40,24331.76,0.00,166.60,false
2024-02-11,Беговая дорожка,Фитнес,13,553045.09,48619.35,12.50,132.82,false
2024-02-11,Гантели разборные,Фитнес,58,388802.42,6703.49,0.00,194.57,false
2024-02-11,Палатка туристическая,Туризм,36,621383.76,17260.66,0.00,222.65,false
2024-02-11,Спальный мешок,Туризм,55,459606.40,8356.48,0.00,246.26,false
2024-02-11,Велосипед городской,Велоспорт,40,1116358.40,31895.95,12.50,199.46,false
2024-02-11,Лыжный комплект,Зимний спорт,21,441842.94,21040.14,0.00,167.85,false
2024-02-12,Беговая дорожка,Фитнес,14,717804.22,51271.73,0.00,134.77,false
2024-02-12,Гантели разборные,Фитнес,86,517204.00,6873.15,12.50,219.92,false
2024-02-12,Палатка туристическая,Туризм,33,558834.21,16934.37,0.00,221.31,false
2024-02-12,Спальный мешок,Туризм,63,426867.21,7971.37,15.00,252.44,false
2024-02-12,Велосипед городской,Велоспорт,25,829044.75,33161.79,0.00,192.10,false
2024-02-12,Лыжный комплект,Зимний спорт,24,397513.44,20703.83,20.00,162.09,false
2024-02-13,Беговая дорожка,Фитнес,13,672715.42,51747.34,0.00,132.24,false
2024-02-13,Гантели разборные,Фитнес,98,692386.66,7065.17,0.00,244.86,false
2024-02-13,Палатка туристическая,Туризм,37,588414.70,15903.10,0.00,212.20,false
2024-02-13,Спальный мешок,Туризм,58,473416.88,8162.36,0.00,245.93,false
2024-02-13,Велосипед городской,Велоспорт,25,877484.50,35099.38,0.00,203.78,false
2024-02-13,Лыжный комплект,Зимний спорт,22,374493.24,21278.02,20.00,163.21,false
2024-02-14,Беговая дорожка,Фитнес,20,945049.20,52502.73,10.00,129.57,false
2024-02-14,Гантели разборные,Фитнес,87,660992.07,7597.61,0.00,276.96,false
2024-02-14,Палатка туристическая,Туризм,36,557372.16,16297.43,5.00,227.32,false
2024-02-14,Спальный мешок,Туризм,54,384696.00,7124.00,0.00,229.02,false
2024-02-14,Велосипед городской,Велоспорт,25,861895.75,34475.83,0.00,187.41,false
2024-02-14,Лыжный комплект,Зимний спорт,20,415663.60,20783.18,0.00,159.09,false
2024-02-15,Беговая дорожка,Фитнес,9,456417.18,50713.02,0.00,134.50,false
2024-02-15,Гантели разборные,Фитнес,81,540435.24,6672.04,0.00,230.14,false
2024-02-15,Палатка туристическая,Туризм,27,452555.37,16761.31,0.00,223.33,false
2024-02-15,Спальный мешок,Туризм,48,340465.44,7093.03,0.00,219.17,false
2024-02-15,Велосипед городской,Велоспорт,23,743955.24,32345.88,0.00,187.49,false
2024-02-15,Лыжный комплект,Зимний спорт,18,383050.44,21280.58,0.00,154.37,false
2024-02-16,Беговая дорожка,Фитнес,14,733167.54,52369.11,0.00,126.44,false
2024-02-16,Гантели разборные,Фитнес,76,434555.08,6726.86,15.00,237.61,false
2024-02-16,Палатка туристическая,Туризм,23,361083.44,15699.28,0.00,220.47,false
2024-02-16,Спальный мешок,Туризм,54,401432.76,7433.94,0.00,225.51,false
2024-02-16,Велосипед городской,Велоспорт,28,883113.00,31539.75,0.00,206.73,false
2024-02-16,Лыжный комплект,Зимний спорт,17,361954.65,21291.45,0.00,147.95,false
2024-02-17,Беговая дорожка,Фитнес,21,946670.34,48999.51,8.00,134.22,true
2024-02-17,Гантели разборные,Фитнес,76,500238.84,6582.09,0.00,281.86,false
2024-02-17,Палатка туристическая,Туризм,41,670094.57,16343.77,0.00,217.23,false
2024-02-17,Спальный мешок,Туризм,61,510940.27,8376.07,0.00,267.70,false
2024-02-17,Велосипед городской,Велоспорт,38,1003391.90,33006.31,20.00,190.97,true
2024-02-17,Лыжный комплект,Зимний спорт,26,590166.72,22698.72,0.00,153.89,true
2024-02-18,Беговая дорожка,Фитнес,14,689948.98,49282.07,0.00,127.80,false
2024-02-18,Гантели разборные,Фитнес,140,782231.80,6573.38,15.00,279.90,false
2024-02-18,Палатка туристическая,Туризм,56,796759.60,15808.72,10.00,220.89,false
2024-02-18,Спальный мешок,Туризм,87,636329.31,7314.13,0.00,236.41,false
2024-02-18,Велосипед городской,Велоспорт,30,1035716.70,34523.89,0.00,205.71,false
2024-02-18,Лыжный комплект,Зимний спорт,23,549645.03,23897.61,0.00,153.90,false
2024-02-19,Беговая дорожка,Фитнес,14,692207.88,49443.42,0.00,141.93,false
2024-02-19,Гантели разборные,Фитнес,76,577773.28,7602.28,0.00,224.76,false
2024-02-19,Палатка туристическая,Туризм,56,762706.56,15133.07,10.00,224.78,false
2024-02-19,Спальный мешок,Туризм,72,461068.56,7115.26,10.00,267.53,false
2024-02-19,Велосипед городской,Велоспорт,32,883711.04,31561.11,12.50,204.77,false
2024-02-19,Лыжный комплект,Зимний спорт,22,445377.68,23136.51,12.50,152.46,false
2024-02-20,Беговая дорожка,Фитнес,17,847632.58,49860.74,0.00,133.20,false
2024-02-20,Гантели разборные,Фитнес,101,691131.89,6842.89,0.00,211.89,false
2024-02-20,Палатка туристическая,Туризм,67,895168.24,15718.50,15.00,233.02,true
2024-02-20,Спальный мешок,Туризм,58,432602.86,7458.67,0.00,243.05,false
2024-02-20,Велосипед городской,Велоспорт,28,881409.48,31478.91,0.00,193.35,false
2024-02-20,Лыжный комплект,Зимний спорт,16,338932.32,21183.27,0.00,159.48,false
2024-02-21,Беговая дорожка,Фитнес,20,1012488.00,53288.84,5.00,138.93,false
2024-02-21,Гантели разборные,Фитнес,81,610311.51,7534.71,0.00,213.92,false
2024-02-21,Палатка туристическая,Туризм,28,490513.80,17518.35,0.00,208.28,false
2024-02-21,Спальный мешок,Туризм,48,398823.36,8308.82,0.00,220.84,false
2024-02-21,Велосипед городской,Велоспорт,17,545384.31,32081.43,0.00,193.27,false
2024-02-21,Лыжный комплект,Зимний спорт,19,358557.74,22201.72,15.00,151.79,false
2024-02-22,Беговая дорожка,Фитнес,16,846215.52,52888.47,0.00,148.44,false
2024-02-22,Гантели разборные,Фитнес,93,678131.82,7291.74,0.00,225.78,false
2024-02-22,Палатка туристическая,Туризм,32,552549.44,17267.17,0.00,215.89,false
2024-02-22,Спальный мешок,Туризм,33,243466.08,7377.76,0.00,218.35,false
2024-02-22,Велосипед городской,Велоспорт,32,1012420.48,34389.28,8.00,180.49,true
2024-02-22,Лыжный комплект,Зимний спорт,20,470380.00,23519.00,0.00,147.57,false
2024-02-23,Беговая дорожка,Фитнес,15,755971.65,50398.11,0.00,131.60,false
2024-02-23,Гантели разборные,Фитнес,84,558817.56,7391.77,10.00,255.46,false
2024-02-23,Палатка туристическая,Туризм,24,370520.40,15438.35,0.00,217.78,false
2024-02-23,Спальный мешок,Туризм,53,351331.70,7798.71,15.00,241.25,false
2024-02-23,Велосипед городской,Велоспорт,34,999324.60,34578.71,15.00,195.99,false
2024-02-23,Лыжный комплект,Зимний спорт,25,580804.00,23232.16,0.00,153.35,true
2024-02-24,Беговая дорожка,Фитнес,13,652016.56,50155.12,0.00,145.00,false
2024-02-24,Гантели разборные,Фитнес,173,915464.10,6614.62,20.00,233.94,true
2024-02-24,Палатка туристическая,Туризм,38,659846.44,17364.38,0.00,210.87,false
2024-02-24,Спальный мешок,Туризм,56,456610.56,8153.76,0.00,254.27,false
2024-02-24,Велосипед городской,Велоспорт,31,1049113.78,33842.38,0.00,179.19,false
2024-02-24,Лыжный комплект,Зимний спорт,16,380457.76,23778.61,0.00,152.55,false
2024-02-25,Беговая дорожка,Фитнес,24,972240.00,47658.82,15.00,141.28,true
2024-02-25,Гантели разборные,Фитнес,93,682064.79,7334.03,0.00,219.87,false
2024-02-25,Палатка туристическая,Туризм,55,786192.00,16816.94,15.00,205.33,true
2024-02-25,Спальный мешок,Туризм,78,604846.32,7754.44,0.00,265.03,false
2024-02-25,Велосипед городской,Велоспорт,31,970967.74,31321.54,0.00,196.92,false
2024-02-25,Лыжный комплект,Зимний спорт,17,393154.75,23126.75,0.00,151.07,false
2024-02-26,Беговая дорожка,Фитнес,18,774043.38,46741.75,8.00,146.42,false
2024-02-26,Гантели разборные,Фитнес,115,797918.30,7541.76,8.00,284.82,false
2024-02-26,Палатка туристическая,Туризм,52,772181.28,17470.17,15.00,219.25,true
2024-02-26,Спальный мешок,Туризм,64,468466.56,7319.79,0.00,251.90,false
2024-02-26,Велосипед городской,Велоспорт,23,785828.35,34166.45,0.00,200.56,false
2024-02-26,Лыжный комплект,Зимний спорт,19,404400.18,21284.22,0.00,136.39,false
2024-02-27,Беговая дорожка,Фитнес,16,832316.00,52019.75,0.00,140.29,false
2024-02-27,Гантели разборные,Фитнес,87,646611.84,7432.32,0.00,272.56,false
2024-02-27,Палатка туристическая,Туризм,32,553415.04,17294.22,0.00,231.26,false
2024-02-27,Спальный мешок,Туризм,58,453210.26,7813.97,0.00,260.95,false
2024-02-27,Велосипед городской,Велоспорт,24,803051.76,33460.49,0.00,181.22,false
2024-02-27,Лыжный комплект,Зимний спорт,16,378529.60,23658.10,0.00,149.22,false
2024-02-28,Беговая дорожка,Фитнес,17,852377.11,50139.83,0.00,142.17,false
2024-02-28,Гантели разборные,Фитнес,137,891726.15,7657.59,15.00,216.12,false
2024-02-28,Палатка туристическая,Туризм,34,551140.00,17619.56,8.00,213.36,false
2024-02-28,Спальный мешок,Туризм,58,438318.76,7557.22,0.00,231.13,false
2024-02-28,Велосипед городской,Велоспорт,18,660676.14,36704.23,0.00,185.55,false
2024-02-28,Лыжный комплект,Зимний спорт,20,416069.60,20803.48,0.00,139.14,false
2024-02-29,Беговая дорожка,Фитнес,18,878556.06,48808.67,0.00,156.45,false
2024-02-29,Гантели разборные,Фитнес,82,615630.58,7507.69,0.00,268.48,false
2024-02-29,Палатка туристическая,Туризм,37,583075.97,15758.81,0.00,207.32,false
2024-02-29,Спальный мешок,Туризм,42,326436.60,7772.30,0.00,248.17,false
2024-02-29,Велосипед городской,Велоспорт,21,745146.15,35483.15,0.00,197.75,false
2024-02-29,Лыжный комплект,Зимний спорт,28,555519.16,23341.14,15.00,144.41,true
2024-03-01,Беговая дорожка,Фитнес,13,682660.94,52512.38,0.00,144.18,false
2024-03-01,Гантели разборные,Фитнес,84,565224.24,6728.86,0.00,260.41,false
2024-03-01,Палатка туристическая,Туризм,27,381078.54,16130.31,12.50,209.11,false
2024-03-01,Спальный мешок,Туризм,40,318822.00,7970.55,0.00,229.11,false
2024-03-01,Велосипед городской,Велоспорт,33,939829.44,35599.59,20.00,183.73,false
2024-03-01,Лыжный комплект,Зимний спорт,24,544700.88,22695.87,0.00,149.78,false
2024-03-02,Беговая дорожка,Фитнес,19,943814.36,49674.44,0.00,152.25,true
2024-03-02,Гантели разборные,Фитнес,99,697114.44,7041.56,0.00,239.97,false
2024-03-02,Палатка туристическая,Туризм,42,691010.46,17883.30,8.00,211.77,false
2024-03-02,Спальный мешок,Туризм,61,435311.86,7136.26,0.00,261.12,false
2024-03-02,Велосипед городской,Велоспорт,26,878794.54,33799.79,0.00,180.34,false
2024-03-02,Лыжный комплект,Зимний спорт,23,488300.35,21230.45,0.00,138.10,false
2024-03-03,Беговая дорожка,Фитнес,11,534102.58,53949.75,10.00,155.72,false
2024-03-03,Гантели разборные,Фитнес,95,614712.70,6811.22,5.00,216.34,false
2024-03-03,Палатка туристическая,Туризм,67,1032337.34,15408.02,0.00,212.33,false
2024-03-03,Спальный мешок,Туризм,71,583615.03,8219.93,0.00,224.56,false
2024-03-03,Велосипед городской,Велоспорт,30,985404.60,32846.82,0.00,184.36,false
2024-03-03,Лыжный комплект,Зимний спорт,23,401687.18,20546.66,15.00,132.86,false
2024-03-04,Беговая дорожка,Фитнес,12,625524.12,52127.01,0.00,161.21,false
2024-03-04,Гантели разборные,Фитнес,112,759640.00,6782.50,0.00,250.14,false
2024-03-04,Палатка туристическая,Туризм,42,607720.26,17022.98,15.00,234.22,false
2024-03-04,Спальный мешок,Туризм,60,492849.00,8214.15,0.00,254.57,false
2024-03-04,Велосипед городской,Велоспорт,37,1096386.22,31191.65,5.00,174.83,false
2024-03-04,Лыжный комплект,Зимний спорт,18,383504.94,22427.19,5.00,135.96,false
2024-03-05,Беговая дорожка,Фитнес,27,1219166.64,53122.73,15.00,156.68,true
2024-03-05,Гантели разборные,Фитнес,86,650040.46,7558.61,0.00,294.12,false
2024-03-05,Палатка туристическая,Туризм,43,720332.99,16751.93,0.00,230.54,false
2024-03-05,Спальный мешок,Туризм,71,542675.01,7643.31,0.00,221.30,false
2024-03-05,Велосипед городской,Велоспорт,25,908839.50,36353.58,0.00,191.56,false
2024-03-05,Лыжный комплект,Зимний спорт,14,322473.48,23033.82,0.00,140.08,false
2024-03-06,Беговая дорожка,Фитнес,21,1112377.77,52970.37,0.00,151.05,false
2024-03-06,Гантели разборные,Фитнес,109,820145.43,7524.27,0.00,278.15,false
2024-03-06,Палатка туристическая,Туризм,31,503267.95,16234.45,0.00,237.16,false
2024-03-06,Спальный мешок,Туризм,53,433158.40,8172.80,0.00,261.58,false
2024-03-06,Велосипед городской,Велоспорт,20,672220.40,33611.02,0.00,168.20,false
2024-03-06,Лыжный комплект,Зимний спорт,11,246379.43,22398.13,0.00,134.39,false
2024-03-07,Беговая дорожка,Фитнес,13,684590.40,52660.80,0.00,163.64,false
2024-03-07,Гантели разборные,Фитнес,111,780031.41,7027.31,0.00,290.66,true
2024-03-07,Палатка туристическая,Туризм,24,398179.92,17464.04,5.00,213.57,false
2024-03-07,Спальный мешок,Туризм,40,261240.40,7256.67,10.00,255.67,false
2024-03-07,Велосипед городской,Велоспорт,19,648451.95,34129.05,0.00,188.00,false
2024-03-07,Лыжный комплект,Зимний спорт,18,401425.02,22301.39,0.00,126.13,false
2024-03-08,Беговая дорожка,Фитнес,19,879529.00,46291.00,0.00,157.81,false
2024-03-08,Гантели разборные,Фитнес,81,539507.79,6660.59,0.00,285.92,false
2024-03-08,Палатка туристическая,Туризм,23,371193.55,16138.85,0.00,224.08,false
2024-03-08,Спальный мешок,Туризм,46,282250.02,7218.67,15.00,227.19,false
2024-03-08,Велосипед городской,Велоспорт,27,863829.36,31993.68,0.00,170.06,false
2024-03-08,Лыжный комплект,Зимний спорт,16,352776.00,22048.50,0.00,136.89,false
2024-03-09,Беговая дорожка,Фитнес,14,745976.14,53284.01,0.00,153.27,false
2024-03-09,Гантели разборные,Фитнес,73,569102.16,7795.92,0.00,303.43,false
2024-03-09,Палатка туристическая,Туризм,36,588118.32,16336.62,0.00,226.69,false
2024-03-09,Спальный мешок,Туризм,88,604753.60,7853.94,12.50,222.49,false
2024-03-09,Велосипед городской,Велоспорт,25,892780.75,35711.23,0.00,175.98,false
2024-03-09,Лыжный комплект,Зимний спорт,25,489954.75,23056.70,15.00,126.46,false
2024-03-10,Беговая дорожка,Фитнес,20,970164.40,48508.22,0.00,153.42,true
2024-03-10,Гантели разборные,Фитнес,104,671747.44,7381.84,12.50,289.74,false
2024-03-10,Палатка туристическая,Туризм,37,565850.62,15293.26,0.00,212.83,false
2024-03-10,Спальный мешок,Туризм,77,577800.30,7503.90,0.00,223.24,false
2024-03-10,Велосипед городской,Велоспорт,40,1146058.40,35814.33,20.00,174.37,false
2024-03-10,Лыжный комплект,Зимний спорт,16,344481.92,21530.12,0.00,136.52,false
2024-03-11,Беговая дорожка,Фитнес,26,1247227.80,47970.30,0.00,153.42,true
2024-03-11,Гантели разборные,Фитнес,79,600063.46,7595.74,0.00,277.46,false
2024-03-11,Палатка туристическая,Туризм,33,587755.08,17810.76,0.00,232.35,false
2024-03-11,Спальный мешок,Туризм,73,576091.18,7891.66,0.00,210.91,false
2024-03-11,Велосипед городской,Велоспорт,25,842373.50,33694.94,0.00,177.94,false
2024-03-11,Лыжный комплект,Зимний спорт,14,323049.44,23074.96,0.00,138.79,false
2024-03-12,Беговая дорожка,Фитнес,26,1014068.12,48753.27,20.00,159.15,false
2024-03-12,Гантели разборные,Фитнес,123,890841.03,7242.61,0.00,234.74,false
2024-03-12,Палатка туристическая,Туризм,36,635901.48,17663.93,0.00,210.93,true
2024-03-12,Спальный мешок,Туризм,60,430813.80,7180.23,0.00,217.92,false
2024-03-12,Велосипед городской,Велоспорт,24,759248.64,31635.36,0.00,170.64,false
2024-03-12,Лыжный комплект,Зимний спорт,19,382832.52,20149.08,0.00,137.92,false
2024-03-13,Беговая дорожка,Фитнес,21,992796.00,51386.96,8.00,156.72,false
2024-03-13,Гантели разборные,Фитнес,110,733147.80,6664.98,0.00,228.60,false
2024-03-13,Палатка туристическая,Туризм,30,484102.50,17539.95,8.00,235.22,false
2024-03-13,Спальный мешок,Туризм,49,399653.31,8156.19,0.00,211.78,false
2024-03-13,Велосипед городской,Велоспорт,15,521502.00,34766.80,0.00,176.86,false
2024-03-13,Лыжный комплект,Зимний спорт,16,380802.72,23800.17,0.00,136.66,false
2024-03-14,Беговая дорожка,Фитнес,31,1314096.82,49870.85,15.00,155.82,true
2024-03-14,Гантели разборные,Фитнес,80,535251.20,6690.64,0.00,229.12,false
2024-03-14,Палатка туристическая,Туризм,25,427253.75,17090.15,0.00,237.95,false
2024-03-14,Спальный мешок,Туризм,43,310942.46,7231.22,0.00,257.36,false
2024-03-14,Велосипед городской,Велоспорт,16,493594.08,30849.63,0.00,182.77,false
2024-03-14,Лыжный комплект,Зимний спорт,16,366188.80,22886.80,0.00,127.04,false
2024-03-15,Беговая дорожка,Фитнес,12,614292.60,51191.05,0.00,159.24,false
2024-03-15,Гантели разборные,Фитнес,86,660980.52,7685.82,0.00,258.38,false
2024-03-15,Палатка туристическая,Туризм,25,429815.75,17192.63,0.00,213.92,true
2024-03-15,Спальный мешок,Туризм,46,348420.56,7574.36,0.00,257.15,false
2024-03-15,Велосипед городской,Велоспорт,27,856174.86,31710.18,0.00,178.98,false
2024-03-15,Лыжный комплект,Зимний спорт,19,415539.12,21870.48,0.00,122.79,false
2024-03-16,Беговая дорожка,Фитнес,18,851211.90,51401.68,8.00,165.27,false
2024-03-16,Гантели разборные,Фитнес,70,536169.90,7659.57,0.00,236.58,false
2024-03-16,Палатка туристическая,Туризм,38,679270.52,17875.54,0.00,235.00,false
2024-03-16,Спальный мешок,Туризм,68,564410.88,8300.16,0.00,225.53,false
2024-03-16,Велосипед городской,Велоспорт,28,917894.04,35632.54,8.00,172.41,false
2024-03-16,Лыжный комплект,Зимний спорт,26,479292.32,20037.30,8.00,131.97,true
2024-03-17,Беговая дорожка,Фитнес,16,769401.76,48087.61,0.00,167.40,false
2024-03-17,Гантели разборные,Фитнес,112,787251.36,7029.03,0.00,287.76,false
2024-03-17,Палатка туристическая,Туризм,46,790998.52,17195.62,0.00,216.08,false
2024-03-17,Спальный мешок,Туризм,76,572245.04,7529.54,0.00,206.85,true
2024-03-17,Велосипед городской,Велоспорт,31,1102374.88,35560.48,0.00,160.98,false
2024-03-17,Лыжный комплект,Зимний спорт,22,387101.44,20700.61,15.00,132.19,false
2024-03-18,Беговая дорожка,Фитнес,16,843748.16,52734.26,0.00,166.64,false
2024-03-18,Гантели разборные,Фитнес,89,647946.70,7280.30,0.00,242.47,false
2024-03-18,Палатка туристическая,Туризм,40,672616.00,16815.40,0.00,230.22,false
2024-03-18,Спальный мешок,Туризм,57,423122.97,7423.21,0.00,242.05,false
2024-03-18,Велосипед городской,Велоспорт,25,879090.75,35163.63,0.00,158.97,false
2024-03-18,Лыжный комплект,Зимний спорт,19,387787.34,20409.86,0.00,129.69,false
2024-03-19,Беговая дорожка,Фитнес,34,1398158.20,46996.92,12.50,167.46,true
2024-03-19,Гантели разборные,Фитнес,111,814767.75,7340.25,0.00,231.81,false
2024-03-19,Палатка туристическая,Туризм,31,472959.25,15256.75,0.00,227.11,false
2024-03-19,Спальный мешок,Туризм,76,467085.36,7682.33,20.00,227.73,false
2024-03-19,Велосипед городской,Велоспорт,24,792791.04,33032.96,0.00,160.95,false
2024-03-19,Лыжный комплект,Зимний спорт,16,319354.24,19959.64,0.00,115.06,false
2024-03-20,Беговая дорожка,Фитнес,30,1120118.40,46671.60,20.00,178.53,false
2024-03-20,Гантели разборные,Фитнес,149,886171.54,6797.10,12.50,282.02,false
2024-03-20,Палатка туристическая,Туризм,42,635306.70,15126.35,0.00,222.62,false
2024-03-20,Спальный мешок,Туризм,50,391285.50,7825.71,0.00,210.78,false
2024-03-20,Велосипед городской,Велоспорт,19,613835.09,32307.11,0.00,153.89,false
2024-03-20,Лыжный комплект,Зимний спорт,15,317964.15,22313.27,5.00,115.93,false
2024-03-21,Беговая дорожка,Фитнес,16,675311.20,46896.61,10.00,169.50,false
2024-03-21,Гантели разборные,Фитнес,95,585929.60,6704.00,8.00,282.39,false
2024-03-21,Палатка туристическая,Туризм,30,517890.60,17263.02,0.00,223.38,false
2024-03-21,Спальный мешок,Туризм,55,444815.80,8087.56,0.00,211.72,false
2024-03-21,Велосипед городской,Велоспорт,19,623989.45,32841.55,0.00,154.63,false
2024-03-21,Лыжный комплект,Зимний спорт,17,348465.15,20497.95,0.00,118.32,false
2024-03-22,Беговая дорожка,Фитнес,22,923280.16,52459.10,20.00,166.81,false
2024-03-22,Гантели разборные,Фитнес,59,418635.09,7712.51,8.00,295.32,false
2024-03-22,Палатка туристическая,Туризм,43,564019.39,14990.55,12.50,211.04,true
2024-03-22,Спальный мешок,Туризм,51,346786.23,7771.12,12.50,233.32,false
2024-03-22,Велосипед городской,Велоспорт,21,717506.16,34166.96,0.00,152.26,false
2024-03-22,Лыжный комплект,Зимний спорт,19,424230.10,22327.90,0.00,114.16,false
2024-03-23,Беговая дорожка,Фитнес,15,769607.85,51307.19,0.00,180.69,false
2024-03-23,Гантели разборные,Фитнес,87,574389.66,6602.18,0.00,241.37,false
2024-03-23,Палатка туристическая,Туризм,70,956274.20,16071.83,15.00,236.35,true
2024-03-23,Спальный мешок,Туризм,83,611906.71,8191.52,10.00,231.80,false
2024-03-23,Велосипед городской,Велоспорт,26,927516.98,35673.73,0.00,155.79,false
2024-03-23,Лыжный комплект,Зимний спорт,19,406186.18,21378.22,0.00,119.06,false
2024-03-24,Беговая дорожка,Фитнес,19,922771.29,48566.91,0.00,166.33,false
2024-03-24,Гантели разборные,Фитнес,116,741727.20,7307.65,12.50,307.54,false
2024-03-24,Палатка туристическая,Туризм,52,752764.48,16544.28,12.50,231.21,false
2024-03-24,Спальный мешок,Туризм,114,739628.58,7208.86,10.00,230.90,true
2024-03-24,Велосипед городской,Велоспорт,32,1014412.80,31700.40,0.00,165.86,false
2024-03-24,Лыжный комплект,Зимний спорт,23,489271.87,21272.69,0.00,113.57,true
2024-03-25,Беговая дорожка,Фитнес,20,1010370.80,50518.54,0.00,180.56,false
2024-03-25,Гантели разборные,Фитнес,108,792229.68,7335.46,0.00,245.66,false
2024-03-25,Палатка туристическая,Туризм,38,613037.66,16981.65,5.00,223.46,false
2024-03-25,Спальный мешок,Туризм,74,534345.86,7220.89,0.00,225.08,false
2024-03-25,Велосипед городской,Велоспорт,30,899798.40,35286.21,15.00,163.81,false
2024-03-25,Лыжный комплект,Зимний спорт,14,299678.68,21405.62,0.00,106.70,false
2024-03-26,Беговая дорожка,Фитнес,17,903021.30,53118.90,0.00,183.26,false
2024-03-26,Гантели разборные,Фитнес,123,857067.69,7573.95,8.00,308.96,false
2024-03-26,Палатка туристическая,Туризм,34,553224.20,16271.30,0.00,235.07,false
2024-03-26,Спальный мешок,Туризм,40,314871.60,7871.79,0.00,212.32,false
2024-03-26,Велосипед городской,Велоспорт,20,627728.60,31386.43,0.00,161.97,false
2024-03-26,Лыжный комплект,Зимний спорт,13,266044.09,20464.93,0.00,107.08,false
2024-03-27,Беговая дорожка,Фитнес,22,1060760.80,50754.10,5.00,180.21,false
2024-03-27,Гантели разборные,Фитнес,103,766582.65,7442.55,0.00,246.34,false
2024-03-27,Палатка туристическая,Туризм,43,649011.47,15093.29,0.00,232.65,false
2024-03-27,Спальный мешок,Туризм,49,345372.58,7048.42,0.00,238.95,false
2024-03-27,Велосипед городской,Велоспорт,29,804015.14,31685.33,12.50,168.24,true
2024-03-27,Лыжный комплект,Зимний спорт,23,404120.35,21963.06,20.00,123.30,true
2024-03-28,Беговая дорожка,Фитнес,16,880325.44,55020.34,0.00,173.98,false
2024-03-28,Гантели разборные,Фитнес,101,772182.37,7645.37,0.00,314.32,false
2024-03-28,Палатка туристическая,Туризм,36,637940.16,17720.56,0.00,227.89,false
2024-03-28,Спальный мешок,Туризм,84,526466.64,6963.85,10.00,208.19,true
2024-03-28,Велосипед городской,Велоспорт,18,604377.72,33576.54,0.00,160.08,false
2024-03-28,Лыжный комплект,Зимний спорт,15,321313.05,21420.87,0.00,109.84,false
2024-03-29,Беговая дорожка,Фитнес,14,770118.86,55008.49,0.00,187.62,false
2024-03-29,Гантели разборные,Фитнес,74,500336.20,6761.30,0.00,263.79,false
2024-03-29,Палатка туристическая,Туризм,35,552543.25,17541.06,10.00,225.60,false
2024-03-29,Спальный мешок,Туризм,55,389229.50,7076.90,0.00,200.78,false
2024-03-29,Велосипед городской,Велоспорт,31,748277.69,30172.48,20.00,161.73,false
2024-03-29,Лыжный комплект,Зимний спорт,17,374121.72,22007.16,0.00,105.68,false
2024-03-30,Беговая дорожка,Фитнес,15,739980.15,49332.01,0.00,188.57,false
2024-03-30,Гантели разборные,Фитнес,96,603014.40,7178.74,12.50,286.51,false
2024-03-30,Палатка туристическая,Туризм,45,599649.30,16656.92,20.00,234.10,false
2024-03-30,Спальный мешок,Туризм,63,400412.88,7263.73,12.50,239.66,false
2024-03-30,Велосипед городской,Велоспорт,21,741220.62,35296.22,0.00,163.43,false
2024-03-30,Лыжный комплект,Зимний спорт,14,325132.78,23223.77,0.00,104.41,false
2024-03-31,Беговая дорожка,Фитнес,16,768923.84,48057.74,0.00,186.78,false
2024-03-31,Гантели разборные,Фитнес,144,972270.72,6751.88,0.00,278.37,true
2024-03-31,Палатка туристическая,Туризм,56,793064.16,15393.32,8.00,210.69,false
2024-03-31,Спальный мешок,Туризм,62,498962.98,8047.79,0.00,222.86,false
2024-03-31,Велосипед городской,Велоспорт,26,880792.38,33876.63,0.00,156.14,false
2024-03-31,Лыжный комплект,Зимний спорт,16,358623.36,22413.96,0.00,103.95,false
2024-04-01,Беговая дорожка,Фитнес,15,825728.40,55048.56,0.00,180.85,false
2024-04-01,Гантели разборные,Фитнес,119,811337.24,6817.96,0.00,290.83,true
2024-04-01,Палатка туристическая,Туризм,32,477859.20,14933.10,0.00,212.28,false
2024-04-01,Спальный мешок,Туризм,41,308710.73,7529.53,0.00,219.27,false
2024-04-01,Велосипед городской,Велоспорт,26,707130.84,33996.67,20.00,140.79,false
2024-04-01,Лыжный комплект,Зимний спорт,19,411034.03,23514.53,8.00,108.37,false
2024-04-02,Беговая дорожка,Фитнес,23,1104059.57,48002.59,0.00,176.93,false
2024-04-02,Гантели разборные,Фитнес,89,651507.59,7320.31,0.00,265.60,false
2024-04-02,Палатка туристическая,Туризм,45,706399.20,15697.76,0.00,234.10,false
2024-04-02,Спальный мешок,Туризм,63,508581.36,8072.72,0.00,227.24,false
2024-04-02,Велосипед городской,Велоспорт,20,689906.80,34495.34,0.00,140.08,false
2024-04-02,Лыжный комплект,Зимний спорт,14,315880.60,22562.90,0.00,109.22,false
2024-04-03,Беговая дорожка,Фитнес,15,796581.00,53105.40,0.00,190.83,false
2024-04-03,Гантели разборные,Фитнес,113,774779.98,7452.68,8.00,304.99,false
2024-04-03,Палатка туристическая,Туризм,31,518468.80,16724.80,0.00,221.56,false
2024-04-03,Спальный мешок,Туризм,57,415055.19,7281.67,0.00,227.50,false
2024-04-03,Велосипед городской,Велоспорт,24,656435.04,34189.32,20.00,151.30,false
2024-04-03,Лыжный комплект,Зимний спорт,16,317637.76,19852.36,0.00,110.98,false
2024-04-04,Беговая дорожка,Фитнес,16,849877.44,53117.34,0.00,193.16,false
2024-04-04,Гантели разборные,Фитнес,93,641562.36,6898.52,0.00,265.71,false
2024-04-04,Палатка туристическая,Туризм,23,398731.91,17336.17,0.00,222.86,false
2024-04-04,Спальный мешок,Туризм,44,317808.92,7222.93,0.00,196.80,false
2024-04-04,Велосипед городской,Велоспорт,22,732605.06,33300.23,0.00,160.33,false
2024-04-04,Лыжный комплект,Зимний спорт,23,414261.97,22514.24,20.00,113.79,true
2024-04-05,Беговая дорожка,Фитнес,13,619688.42,47668.34,0.00,187.74,false
2024-04-05,Гантели разборные,Фитнес,72,515808.00,7164.00,0.00,286.85,false
2024-04-05,Палатка туристическая,Туризм,28,429707.60,15346.70,0.00,218.41,false
2024-04-05,Спальный мешок,Туризм,44,321407.24,7304.71,0.00,192.53,false
2024-04-05,Велосипед городской,Велоспорт,21,705088.65,33575.65,0.00,139.02,false
2024-04-05,Лыжный комплект,Зимний спорт,22,403791.96,19950.20,8.00,107.65,false
2024-04-06,Беговая дорожка,Фитнес,18,852575.58,47365.31,0.00,191.68,false
2024-04-06,Гантели разборные,Фитнес,86,599094.92,6966.22,0.00,251.34,false
2024-04-06,Палатка туристическая,Туризм,51,651783.57,15035.37,15.00,213.56,false
2024-04-06,Спальный мешок,Туризм,77,551696.53,7164.89,0.00,192.85,false
2024-04-06,Велосипед городской,Велоспорт,17,569462.09,33497.77,0.00,154.56,false
2024-04-06,Лыжный комплект,Зимний спорт,28,487142.88,20468.19,15.00,110.90,false
2024-04-07,Беговая дорожка,Фитнес,21,1091802.60,51990.60,0.00,191.16,true
2024-04-07,Гантели разборные,Фитнес,86,632424.22,7353.77,0.00,286.53,false
2024-04-07,Палатка туристическая,Туризм,53,816200.53,15400.01,0.00,215.81,false
2024-04-07,Спальный мешок,Туризм,73,562397.11,7704.07,0.00,223.04,false
2024-04-07,Велосипед городской,Велоспорт,23,665330.66,31442.85,8.00,152.05,false
2024-04-07,Лыжный комплект,Зимний спорт,19,435211.15,22905.85,0.00,101.04,false
2024-04-08,Беговая дорожка,Фитнес,20,945174.20,47258.71,0.00,185.98,false
2024-04-08,Гантели разборные,Фитнес,111,680770.77,6814.52,10.00,255.87,false
2024-04-08,Палатка туристическая,Туризм,40,657686.40,16442.16,0.00,218.87,false
2024-04-08,Спальный мешок,Туризм,44,355867.16,8087.89,0.00,220.20,false
2024-04-08,Велосипед городской,Велоспорт,15,492189.60,34539.62,5.00,154.79,false
2024-04-08,Лыжный комплект,Зимний спорт,17,384605.45,22623.85,0.00,111.27,false
2024-04-09,Беговая дорожка,Фитнес,21,1034332.95,49253.95,0.00,187.02,false
2024-04-09,Гантели разборные,Фитнес,109,784803.27,7200.03,0.00,283.38,false
2024-04-09,Палатка туристическая,Туризм,51,694447.62,15561.85,12.50,219.77,true
2024-04-09,Спальный мешок,Туризм,56,435399.44,7774.99,0.00,199.34,false
2024-04-09,Велосипед городской,Велоспорт,16,525764.32,32860.27,0.00,145.51,false
2024-04-09,Лыжный комплект,Зимний спорт,14,314468.14,22462.01,0.00,93.65,false
2024-04-10,Беговая дорожка,Фитнес,25,1187433.25,47497.33,0.00,186.32,false
2024-04-10,Гантели разборные,Фитнес,109,826229.81,7580.09,0.00,302.99,false
2024-04-10,Палатка туристическая,Туризм,32,515777.60,16118.05,0.00,204.03,false
2024-04-10,Спальный мешок,Туризм,43,312008.86,7256.02,0.00,231.33,false
2024-04-10,Велосипед городской,Велоспорт,19,604302.22,34571.07,8.00,146.57,false
2024-04-10,Лыжный комплект,Зимний спорт,12,264157.68,22013.14,0.00,107.23,false
2024-04-11,Беговая дорожка,Фитнес,15,621031.65,48708.36,15.00,195.64,false
2024-04-11,Гантели разборные,Фитнес,81,607115.25,7495.25,0.00,232.82,false
2024-04-11,Палатка туристическая,Туризм,30,522597.60,17419.92,0.00,218.98,false
2024-04-11,Спальный мешок,Туризм,50,389444.50,7788.89,0.00,235.24,false
2024-04-11,Велосипед городской,Велоспорт,16,527446.24,32965.39,0.00,148.85,false
2024-04-11,Лыжный комплект,Зимний спорт,15,301812.30,20120.82,0.00,93.64,false
2024-04-12,Беговая дорожка,Фитнес,16,764749.92,47796.87,0.00,193.51,false
2024-04-12,Гантели разборные,Фитнес,107,636517.32,7435.95,20.00,285.41,false
2024-04-12,Палатка туристическая,Туризм,31,453228.99,15891.62,8.00,223.54,false
2024-04-12,Спальный мешок,Туризм,50,323385.00,7186.33,10.00,193.96,false
2024-04-12,Велосипед городской,Велоспорт,28,730424.52,30690.11,15.00,147.29,false
2024-04-12,Лыжный комплект,Зимний спорт,16,318664.32,19916.52,0.00,101.33,false
2024-04-13,Беговая дорожка,Фитнес,16,823154.72,51447.17,0.00,191.56,false
2024-04-13,Гантели разборные,Фитнес,106,701760.28,6620.38,0.00,277.56,false
2024-04-13,Палатка туристическая,Туризм,33,515971.83,15635.51,0.00,214.70,false
2024-04-13,Спальный мешок,Туризм,105,710861.55,7522.34,10.00,225.52,true
2024-04-13,Велосипед городской,Велоспорт,23,812950.64,35345.68,0.00,136.05,false
2024-04-13,Лыжный комплект,Зимний спорт,20,396653.60,22665.91,12.50,98.28,false
2024-04-14,Беговая дорожка,Фитнес,16,859677.28,53729.83,0.00,200.05,false
2024-04-14,Гантели разборные,Фитнес,123,786781.80,6733.26,5.00,247.33,false
2024-04-14,Палатка туристическая,Туризм,56,673834.00,15040.93,20.00,230.87,false
2024-04-14,Спальный мешок,Туризм,64,437900.16,6842.19,0.00,215.45,false
2024-04-14,Велосипед городской,Велоспорт,25,756207.00,31840.29,5.00,139.48,false
2024-04-14,Лыжный комплект,Зимний спорт,17,353933.20,20819.60,0.00,104.75,false
2024-04-15,Беговая дорожка,Фитнес,20,996431.40,54153.88,8.00,201.16,true
2024-04-15,Гантели разборные,Фитнес,128,840881.92,6569.39,0.00,283.52,false
2024-04-15,Палатка туристическая,Туризм,42,620543.28,14774.84,0.00,222.86,false
2024-04-15,Спальный мешок,Туризм,92,619939.24,7487.19,10.00,206.02,true
2024-04-15,Велосипед городской,Велоспорт,19,667121.54,35111.66,0.00,137.77,false
2024-04-15,Лыжный комплект,Зимний спорт,13,291710.90,22439.30,0.00,95.18,false
2024-04-16,Беговая дорожка,Фитнес,19,1030268.54,54224.66,0.00,202.79,true
2024-04-16,Гантели разборные,Фитнес,116,774474.00,7630.29,12.50,238.42,false
2024-04-16,Палатка туристическая,Туризм,31,525379.32,16947.72,0.00,224.60,false
2024-04-16,Спальный мешок,Туризм,61,420617.57,6895.37,0.00,200.32,false
2024-04-16,Велосипед городской,Велоспорт,18,620985.24,34499.18,0.00,132.62,true
2024-04-16,Лыжный комплект,Зимний спорт,12,283741.92,23645.16,0.00,106.38,false
2024-04-17,Беговая дорожка,Фитнес,38,1491519.76,49063.15,20.00,198.02,true
2024-04-17,Гантели разборные,Фитнес,126,815852.52,6475.02,0.00,236.59,false
2024-04-17,Палатка туристическая,Туризм,44,745058.16,16933.14,0.00,204.00,false
2024-04-17,Спальный мешок,Туризм,39,311600.25,7989.75,0.00,227.44,false
2024-04-17,Велосипед городской,Велоспорт,14,440059.20,31432.80,0.00,126.35,false
2024-04-17,Лыжный комплект,Зимний спорт,13,273330.59,21025.43,0.00,92.93,false
2024-04-18,Беговая дорожка,Фитнес,22,1071836.92,48719.86,0.00,189.68,false
2024-04-18,Гантели разборные,Фитнес,117,611246.61,6530.41,20.00,265.99,false
2024-04-18,Палатка туристическая,Туризм,28,451785.32,16135.19,0.00,200.72,false
2024-04-18,Спальный мешок,Туризм,39,289508.31,7423.29,0.00,221.66,false
2024-04-18,Велосипед городской,Велоспорт,14,490010.92,35000.78,0.00,128.14,false
2024-04-18,Лыжный комплект,Зимний спорт,15,316099.50,21073.30,0.00,96.98,false
2024-04-19,Беговая дорожка,Фитнес,12,618171.60,51514.30,0.00,203.23,false
2024-04-19,Гантели разборные,Фитнес,90,678028.50,7533.65,0.00,318.98,false
2024-04-19,Палатка туристическая,Туризм,41,575093.06,16501.95,15.00,199.07,true
2024-04-19,Спальный мешок,Туризм,47,363002.15,7723.45,0.00,180.82,false
2024-04-19,Велосипед городской,Велоспорт,30,813676.50,31908.89,15.00,133.98,false
2024-04-19,Лыжный комплект,Зимний спорт,18,399591.54,22199.53,0.00,101.62,false
2024-04-20,Беговая дорожка,Фитнес,18,805319.46,51131.39,12.50,193.89,false
2024-04-20,Гантели разборные,Фитнес,80,566715.20,7083.94,0.00,249.60,false
2024-04-20,Палатка туристическая,Туризм,25,424481.50,16979.26,0.00,207.93,false
2024-04-20,Спальный мешок,Туризм,71,470105.20,7789.65,15.00,173.33,false
2024-04-20,Велосипед городской,Велоспорт,29,870718.62,30024.78,0.00,123.83,false
2024-04-20,Лыжный комплект,Зимний спорт,13,301763.28,23212.56,0.00,102.23,false
2024-04-21,Беговая дорожка,Фитнес,13,626789.15,48214.55,0.00,206.42,false
2024-04-21,Гантели разборные,Фитнес,102,668120.40,7278.00,10.00,285.39,false
2024-04-21,Палатка туристическая,Туризм,63,903181.23,15582.84,8.00,224.05,true
2024-04-21,Спальный мешок,Туризм,60,426524.40,7108.74,0.00,178.15,false
2024-04-21,Велосипед городской,Велоспорт,36,1211568.48,33654.68,0.00,127.17,true
2024-04-21,Лыжный комплект,Зимний спорт,22,425101.16,22083.18,12.50,86.26,true
2024-04-22,Беговая дорожка,Фитнес,23,1106446.05,48106.35,0.00,207.59,false
2024-04-22,Гантели разборные,Фитнес,112,591581.76,6602.48,20.00,303.30,false
2024-04-22,Палатка туристическая,Туризм,42,622007.40,15589.16,5.00,214.15,false
2024-04-22,Спальный мешок,Туризм,60,455940.00,7599.00,0.00,186.75,false
2024-04-22,Велосипед городской,Велоспорт,24,726632.16,30276.34,0.00,127.98,false
2024-04-22,Лыжный комплект,Зимний спорт,22,453047.76,20593.08,0.00,96.83,true
2024-04-23,Беговая дорожка,Фитнес,23,1099145.62,47788.94,0.00,191.80,false
2024-04-23,Гантели разборные,Фитнес,130,844730.90,7219.92,10.00,309.39,false
2024-04-23,Палатка туристическая,Туризм,44,547313.80,14634.06,15.00,215.28,false
2024-04-23,Спальный мешок,Туризм,47,362614.40,7715.20,0.00,216.86,false
2024-04-23,Велосипед городской,Велоспорт,21,558327.21,31278.83,15.00,118.64,false
2024-04-23,Лыжный комплект,Зимний спорт,13,286083.98,22006.46,0.00,101.62,false
2024-04-24,Беговая дорожка,Фитнес,27,1266832.71,46919.73,0.00,201.80,true
2024-04-24,Гантели разборные,Фитнес,119,897367.10,7540.90,0.00,288.26,true
2024-04-24,Палатка туристическая,Туризм,29,479194.84,16523.96,0.00,219.87,false
2024-04-24,Спальный мешок,Туризм,51,386441.79,7577.29,0.00,177.71,false
2024-04-24,Велосипед городской,Велоспорт,13,431451.28,33188.56,0.00,135.62,false
2024-04-24,Лыжный комплект,Зимний спорт,17,346123.06,20360.18,0.00,95.09,false
2024-04-25,Беговая дорожка,Фитнес,19,1015461.65,53445.35,0.00,208.36,false
2024-04-25,Гантели разборные,Фитнес,94,666894.28,7094.62,0.00,263.81,false
2024-04-25,Палатка туристическая,Туризм,28,422878.68,15102.81,0.00,206.36,false
2024-04-25,Спальный мешок,Туризм,40,292274.80,7306.87,0.00,187.09,false
2024-04-25,Велосипед городской,Велоспорт,14,473204.62,33800.33,0.00,114.80,false
2024-04-25,Лыжный комплект,Зимний спорт,16,315949.92,23231.61,15.00,100.03,false
2024-04-26,Беговая дорожка,Фитнес,18,865243.44,48069.08,0.00,199.87,false
2024-04-26,Гантели разборные,Фитнес,72,513331.92,7129.61,0.00,253.16,false
2024-04-26,Палатка туристическая,Туризм,25,376418.75,15056.75,0.00,210.94,false
2024-04-26,Спальный мешок,Туризм,61,418127.55,6854.55,0.00,178.07,true
2024-04-26,Велосипед городской,Велоспорт,29,985920.54,33997.26,0.00,131.63,true
2024-04-26,Лыжный комплект,Зимний спорт,12,247130.76,20594.23,0.00,90.13,false
2024-04-27,Беговая дорожка,Фитнес,15,794185.35,52945.69,0.00,201.57,false
2024-04-27,Гантели разборные,Фитнес,82,529535.50,6457.75,0.00,268.58,false
2024-04-27,Палатка туристическая,Туризм,43,735056.19,17094.33,0.00,209.41,false
2024-04-27,Спальный мешок,Туризм,57,394523.22,6921.46,0.00,202.47,false
2024-04-27,Велосипед городской,Велоспорт,27,758108.70,33033.06,15.00,130.54,false
2024-04-27,Лыжный комплект,Зимний спорт,18,347400.54,20315.82,5.00,96.72,false
2024-04-28,Беговая дорожка,Фитнес,16,779778.24,48736.14,0.00,201.85,false
2024-04-28,Гантели разборные,Фитнес,148,943107.80,6372.35,0.00,277.31,true
2024-04-28,Палатка туристическая,Туризм,36,591782.04,16438.39,0.00,214.41,false
2024-04-28,Спальный мешок,Туризм,68,463502.28,6816.21,0.00,197.33,false
2024-04-28,Велосипед городской,Велоспорт,25,871368.25,34854.73,0.00,118.98,false
2024-04-28,Лыжный комплект,Зимний спорт,19,396379.52,20862.08,0.00,99.53,false
2024-04-29,Беговая дорожка,Фитнес,20,919357.60,45967.88,0.00,204.17,false
2024-04-29,Гантели разборные,Фитнес,108,754782.84,6988.73,0.00,287.09,true
2024-04-29,Палатка туристическая,Туризм,34,497201.72,14623.58,0.00,191.57,false
2024-04-29,Спальный мешок,Туризм,68,459008.16,6750.12,0.00,176.58,false
2024-04-29,Велосипед городской,Велоспорт,23,710431.13,30888.31,0.00,131.23,false
2024-04-29,Лыжный комплект,Зимний спорт,14,303308.18,21664.87,0.00,98.45,false
2024-04-30,Беговая дорожка,Фитнес,22,1116735.84,50760.72,0.00,200.94,false
2024-04-30,Гантели разборные,Фитнес,84,599744.04,7139.81,0.00,274.22,false
2024-04-30,Палатка туристическая,Туризм,45,532183.95,14782.89,20.00,194.00,false
2024-04-30,Спальный мешок,Туризм,42,327348.42,7794.01,0.00,194.54,false
2024-04-30,Велосипед городской,Велоспорт,19,605955.79,31892.41,0.00,132.52,false
2024-04-30,Лыжный комплект,Зимний спорт,14,282356.06,21922.05,8.00,79.69,false
2024-05-01,Беговая дорожка,Фитнес,29,1360994.07,46930.83,0.00,212.75,false
2024-05-01,Гантели разборные,Фитнес,150,903696.00,7087.82,15.00,309.51,false
2024-05-01,Палатка туристическая,Туризм,33,542682.36,16444.92,0.00,213.62,false
2024-05-01,Спальный мешок,Туризм,33,232686.96,7051.12,0.00,204.80,false
2024-05-01,Велосипед городской,Велоспорт,18,615554.64,34197.48,0.00,113.97,false
2024-05-01,Лыжный комплект,Зимний спорт,13,254708.74,22391.97,12.50,83.84,false
2024-05-02,Беговая дорожка,Фитнес,18,921598.92,51199.94,0.00,210.51,false
2024-05-02,Гантели разборные,Фитнес,97,673598.07,6944.31,0.00,285.13,false
2024-05-02,Палатка туристическая,Туризм,43,627421.60,16212.44,10.00,197.56,true
2024-05-02,Спальный мешок,Туризм,40,319285.20,7982.13,0.00,174.90,false
2024-05-02,Велосипед городской,Велоспорт,22,707797.64,32172.62,0.00,122.70,true
2024-05-02,Лыжный комплект,Зимний спорт,12,256434.84,21369.57,0.00,87.56,false
2024-05-03,Беговая дорожка,Фитнес,21,1056820.17,50324.77,0.00,207.57,false
2024-05-03,Гантели разборные,Фитнес,83,549953.02,6625.94,0.00,305.86,false
2024-05-03,Палатка туристическая,Туризм,31,462108.32,14906.72,0.00,208.40,false
2024-05-03,Спальный мешок,Туризм,45,309298.95,6873.31,0.00,177.62,false
2024-05-03,Велосипед городской,Велоспорт,18,621995.04,34555.28,0.00,106.56,false
2024-05-03,Лыжный комплект,Зимний спорт,15,337380.75,22492.05,0.00,87.02,false
2024-05-04,Беговая дорожка,Фитнес,17,797089.54,46887.62,0.00,196.76,false
2024-05-04,Гантели разборные,Фитнес,94,609933.10,6488.65,0.00,287.98,false
2024-05-04,Палатка туристическая,Туризм,47,676177.72,14386.76,0.00,210.21,false
2024-05-04,Спальный мешок,Туризм,50,375117.00,7502.34,0.00,170.12,false
2024-05-04,Велосипед городской,Велоспорт,21,659720.46,33068.70,5.00,118.87,false
2024-05-04,Лыжный комплект,Зимний спорт,15,323360.25,21557.35,0.00,95.70,false
2024-05-05,Беговая дорожка,Фитнес,11,561503.03,51045.73,0.00,213.82,false
2024-05-05,Гантели разборные,Фитнес,134,893128.76,6665.14,0.00,258.18,false
2024-05-05,Палатка туристическая,Туризм,44,751859.68,17087.72,0.00,205.65,false
2024-05-05,Спальный мешок,Туризм,49,384539.75,7847.75,0.00,185.01,false
2024-05-05,Велосипед городской,Велоспорт,31,970446.01,31304.71,0.00,120.83,true
2024-05-05,Лыжный комплект,Зимний спорт,14,322776.16,23055.44,0.00,95.69,false
2024-05-06,Беговая дорожка,Фитнес,14,738950.24,52782.16,0.00,200.81,false
2024-05-06,Гантели разборные,Фитнес,101,659435.06,6529.06,0.00,236.72,false
2024-05-06,Палатка туристическая,Туризм,34,522996.50,15382.25,0.00,195.77,false
2024-05-06,Спальный мешок,Туризм,48,374136.96,7794.52,0.00,165.70,false
2024-05-06,Велосипед городской,Велоспорт,21,656550.30,31264.30,0.00,121.43,false
2024-05-06,Лыжный комплект,Зимний спорт,11,263557.80,23959.80,0.00,78.65,false
2024-05-07,Беговая дорожка,Фитнес,24,1177872.00,49078.00,0.00,205.11,false
2024-05-07,Гантели разборные,Фитнес,91,684598.46,7523.06,0.00,265.34,false
2024-05-07,Палатка туристическая,Туризм,31,486463.47,15692.37,0.00,204.33,false
2024-05-07,Спальный мешок,Туризм,44,342094.72,7774.88,0.00,197.15,false
2024-05-07,Велосипед городской,Велоспорт,16,542989.76,33936.86,0.00,115.24,false
2024-05-07,Лыжный комплект,Зимний спорт,10,214465.90,21446.59,0.00,88.79,false
2024-05-08,Беговая дорожка,Фитнес,26,1268194.46,48776.71,0.00,207.53,true
2024-05-08,Гантели разборные,Фитнес,105,686715.75,6540.15,0.00,283.49,false
2024-05-08,Палатка туристическая,Туризм,43,630075.56,14652.92,0.00,196.32,false
2024-05-08,Спальный мешок,Туризм,68,418491.72,6838.10,10.00,181.78,true
2024-05-08,Велосипед городской,Велоспорт,20,625147.00,35722.69,12.50,109.09,false
2024-05-08,Лыжный комплект,Зимний спорт,12,259532.40,21627.70,0.00,88.66,false
2024-05-09,Беговая дорожка,Фитнес,20,980288.20,49014.41,0.00,209.54,false
2024-05-09,Гантели разборные,Фитнес,97,647555.51,7417.59,10.00,251.99,false
2024-05-09,Палатка туристическая,Туризм,34,566779.32,16669.98,0.00,197.54,true
2024-05-09,Спальный мешок,Туризм,36,244116.00,6781.00,0.00,185.10,false
2024-05-09,Велосипед городской,Велоспорт,24,729072.96,30378.04,0.00,113.97,true
2024-05-09,Лыжный комплект,Зимний спорт,11,255157.21,23196.11,0.00,77.44,false
2024-05-10,Беговая дорожка,Фитнес,18,909895.86,50549.77,0.00,206.30,false
2024-05-10,Гантели разборные,Фитнес,107,721355.48,6741.64,0.00,249.91,false
2024-05-10,Палатка туристическая,Туризм,34,447284.62,16444.29,20.00,200.26,false
2024-05-10,Спальный мешок,Туризм,49,308756.84,7001.29,10.00,195.09,false
2024-05-10,Велосипед городской,Велоспорт,18,603667.44,33537.08,0.00,102.58,false
2024-05-10,Лыжный комплект,Зимний спорт,17,414868.00,24404.00,0.00,85.41,false
2024-05-11,Беговая дорожка,Фитнес,20,816834.40,51052.15,20.00,215.09,false
2024-05-11,Гантели разборные,Фитнес,81,549485.37,6783.77,0.00,301.94,false
2024-05-11,Палатка туристическая,Туризм,39,555187.23,14984.81,5.00,183.76,false
2024-05-11,Спальный мешок,Туризм,76,444170.60,6875.70,15.00,157.01,false
2024-05-11,Велосипед городской,Велоспорт,24,822153.84,34256.41,0.00,119.33,false
2024-05-11,Лыжный комплект,Зимний спорт,15,350599.05,23373.27,0.00,93.81,false
2024-05-12,Беговая дорожка,Фитнес,17,855658.45,50332.85,0.00,200.63,false
2024-05-12,Гантели разборные,Фитнес,93,527589.93,6674.13,15.00,287.98,false
2024-05-12,Палатка туристическая,Туризм,42,677032.86,16119.83,0.00,183.38,false
2024-05-12,Спальный мешок,Туризм,99,713921.67,8012.59,10.00,177.27,true
2024-05-12,Велосипед городской,Велоспорт,22,665201.46,35572.27,15.00,98.11,true
2024-05-12,Лыжный комплект,Зимний спорт,13,301553.59,23196.43,0.00,88.95,false
2024-05-13,Беговая дорожка,Фитнес,24,1081690.32,45070.43,0.00,218.82,false
2024-05-13,Гантели разборные,Фитнес,133,886804.10,6667.70,0.00,275.52,false
2024-05-13,Палатка туристическая,Туризм,44,670313.60,16036.21,5.00,206.15,false
2024-05-13,Спальный мешок,Туризм,78,453351.60,7265.25,20.00,200.25,true
2024-05-13,Велосипед городской,Велоспорт,17,612595.68,36035.04,0.00,113.13,false
2024-05-13,Лыжный комплект,Зимний спорт,13,257339.42,20837.20,5.00,93.58,false
2024-05-14,Беговая дорожка,Фитнес,18,924930.18,51385.01,0.00,202.56,false
2024-05-14,Гантели разборные,Фитнес,138,851371.68,6705.82,8.00,270.24,false
2024-05-14,Палатка туристическая,Туризм,41,622094.64,15173.04,0.00,179.17,false
2024-05-14,Спальный мешок,Туризм,53,376135.17,7470.41,5.00,177.97,false
2024-05-14,Велосипед городской,Велоспорт,16,525952.64,32872.04,0.00,116.68,false
2024-05-14,Лыжный комплект,Зимний спорт,11,241757.01,21977.91,0.00,82.39,false
2024-05-15,Беговая дорожка,Фитнес,31,1450201.70,46780.70,0.00,207.75,true
2024-05-15,Гантели разборные,Фитнес,93,657640.20,7443.58,5.00,306.56,false
2024-05-15,Палатка туристическая,Туризм,56,719225.36,14678.07,12.50,176.66,true
2024-05-15,Спальный мешок,Туризм,27,218828.79,8104.77,0.00,193.38,false
2024-05-15,Велосипед городской,Велоспорт,28,771514.80,34442.63,20.00,96.05,true
2024-05-15,Лыжный комплект,Зимний спорт,9,212631.57,23625.73,0.00,79.76,false
2024-05-16,Беговая дорожка,Фитнес,21,1062992.91,50618.71,0.00,209.75,false
2024-05-16,Гантели разборные,Фитнес,86,643840.72,7486.52,0.00,296.20,false
2024-05-16,Палатка туристическая,Туризм,31,452021.85,15348.79,5.00,198.28,false
2024-05-16,Спальный мешок,Туризм,36,271454.40,7540.40,0.00,173.75,false
2024-05-16,Велосипед городской,Велоспорт,15,469724.55,31314.97,0.00,96.49,false
2024-05-16,Лыжный комплект,Зимний спорт,16,319941.12,22218.14,10.00,75.74,false
2024-05-17,Беговая дорожка,Фитнес,20,987740.20,49387.01,0.00,203.37,false
2024-05-17,Гантели разборные,Фитнес,77,571586.40,7423.20,0.00,311.39,false
2024-05-17,Палатка туристическая,Туризм,22,348176.40,15826.20,0.00,181.31,true
2024-05-17,Спальный мешок,Туризм,39,301674.36,7735.24,0.00,159.36,false
2024-05-17,Велосипед городской,Велоспорт,16,571786.24,35736.64,0.00,102.17,false
2024-05-17,Лыжный комплект,Зимний спорт,17,378787.54,22281.62,0.00,76.84,false
2024-05-18,Беговая дорожка,Фитнес,21,970878.51,46232.31,0.00,203.31,false
2024-05-18,Гантели разборные,Фитнес,146,933004.24,6390.44,0.00,283.58,true
2024-05-18,Палатка туристическая,Туризм,33,535028.01,16212.97,0.00,199.83,false
2024-05-18,Спальный мешок,Туризм,62,428388.38,7510.31,8.00,152.58,false
2024-05-18,Велосипед городской,Велоспорт,27,897220.53,33230.39,0.00,108.53,false
2024-05-18,Лыжный комплект,Зимний спорт,10,210586.60,21058.66,0.00,85.23,false
2024-05-19,Беговая дорожка,Фитнес,21,1100812.86,52419.66,0.00,213.81,true
2024-05-19,Гантели разборные,Фитнес,100,639611.00,6396.11,0.00,298.40,false
2024-05-19,Палатка туристическая,Туризм,37,586088.88,15840.24,0.00,196.73,false
2024-05-19,Спальный мешок,Туризм,78,472576.26,6924.19,12.50,151.87,false
2024-05-19,Велосипед городской,Велоспорт,23,754696.70,32812.90,0.00,111.38,false
2024-05-19,Лыжный комплект,Зимний спорт,17,354389.48,22659.17,8.00,89.72,false
2024-05-20,Беговая дорожка,Фитнес,22,1013856.36,50091.72,8.00,204.78,true
2024-05-20,Гантели разборные,Фитнес,100,685856.00,6858.56,0.00,312.87,false
2024-05-20,Палатка туристическая,Туризм,31,514803.36,16606.56,0.00,201.51,false
2024-05-20,Спальный мешок,Туризм,45,353229.75,7849.55,0.00,188.74,false
2024-05-20,Велосипед городской,Велоспорт,19,655144.13,34481.27,0.00,112.49,true
2024-05-20,Лыжный комплект,Зимний спорт,12,289161.36,24096.78,0.00,77.53,false
2024-05-21,Беговая дорожка,Фитнес,19,972537.04,51186.16,0.00,212.89,false
2024-05-21,Гантели разборные,Фитнес,161,1032689.42,6414.22,0.00,232.80,true
2024-05-21,Палатка туристическая,Туризм,33,559954.89,16968.33,0.00,170.67,false
2024-05-21,Спальный мешок,Туризм,48,345888.00,7206.00,0.00,156.56,false
2024-05-21,Велосипед городской,Велоспорт,9,321054.30,35672.70,0.00,100.75,false
2024-05-21,Лыжный комплект,Зимний спорт,13,253442.02,21661.71,10.00,91.96,false
2024-05-22,Беговая дорожка,Фитнес,19,886627.59,51849.57,10.00,209.25,false
2024-05-22,Гантели разборные,Фитнес,122,838501.12,6872.96,0.00,290.72,false
2024-05-22,Палатка туристическая,Туризм,22,355672.24,17017.81,5.00,171.98,false
2024-05-22,Спальный мешок,Туризм,37,283659.39,7666.47,0.00,155.96,false
2024-05-22,Велосипед городской,Велоспорт,11,379389.23,36305.19,5.00,103.88,false
2024-05-22,Лыжный комплект,Зимний спорт,11,221995.40,21936.30,8.00,89.09,false
2024-05-23,Беговая дорожка,Фитнес,22,961402.20,49942.98,12.50,209.58,false
2024-05-23,Гантели разборные,Фитнес,83,616737.31,7430.57,0.00,260.34,false
2024-05-23,Палатка туристическая,Туризм,23,372670.38,16203.06,0.00,190.91,false
2024-05-23,Спальный мешок,Туризм,40,322058.80,8051.47,0.00,189.45,true
2024-05-23,Велосипед городской,Велоспорт,22,725929.38,32996.79,0.00,96.24,true
2024-05-23,Лыжный комплект,Зимний спорт,11,253802.89,23072.99,0.00,82.01,false
2024-05-24,Беговая дорожка,Фитнес,16,841149.60,52571.85,0.00,204.87,false
2024-05-24,Гантели разборные,Фитнес,77,521256.89,6769.57,0.00,231.36,false
2024-05-24,Палатка туристическая,Туризм,21,364225.89,17344.09,0.00,175.62,false
2024-05-24,Спальный мешок,Туризм,55,403159.90,7330.18,0.00,158.62,true
2024-05-24,Велосипед городской,Велоспорт,25,746376.50,35123.59,15.00,103.56,true
2024-05-24,Лыжный комплект,Зимний спорт,14,329810.18,23557.87,0.00,92.53,false
2024-05-25,Беговая дорожка,Фитнес,22,947298.66,47843.37,10.00,203.32,false
2024-05-25,Гантели разборные,Фитнес,81,520265.43,7136.69,10.00,301.42,true
2024-05-25,Палатка туристическая,Туризм,67,863069.21,16102.04,20.00,187.75,true
2024-05-25,Спальный мешок,Туризм,50,366716.50,7334.33,0.00,160.60,false
2024-05-25,Велосипед городской,Велоспорт,20,657287.80,32864.39,0.00,91.58,false
2024-05-25,Лыжный комплект,Зимний спорт,23,444428.54,24153.72,20.00,92.86,true
2024-05-26,Беговая дорожка,Фитнес,19,915791.64,50736.38,5.00,221.53,true
2024-05-26,Гантели разборные,Фитнес,95,714436.10,7520.38,0.00,228.59,false
2024-05-26,Палатка туристическая,Туризм,50,771781.50,15435.63,0.00,166.10,false
2024-05-26,Спальный мешок,Туризм,56,429116.80,7662.80,0.00,164.41,false
2024-05-26,Велосипед городской,Велоспорт,23,725327.08,31535.96,0.00,107.46,false
2024-05-26,Лыжный комплект,Зимний спорт,15,325902.30,21726.82,0.00,87.58,true
2024-05-27,Беговая дорожка,Фитнес,24,977718.72,46558.04,12.50,204.18,false
2024-05-27,Гантели разборные,Фитнес,104,737920.56,7095.39,0.00,306.42,false
2024-05-27,Палатка туристическая,Туризм,36,610587.00,16960.75,0.00,182.72,false
2024-05-27,Спальный мешок,Туризм,56,406757.68,7263.53,0.00,153.06,false
2024-05-27,Велосипед городской,Велоспорт,22,655966.52,34076.18,12.50,90.17,false
2024-05-27,Лыжный комплект,Зимний спорт,14,310545.06,24110.65,8.00,80.73,false
2024-05-28,Беговая дорожка,Фитнес,18,928318.86,51573.27,0.00,212.59,false
2024-05-28,Гантели разборные,Фитнес,109,764700.40,7015.60,0.00,251.11,false
2024-05-28,Палатка туристическая,Туризм,38,595058.34,15659.43,0.00,190.14,false
2024-05-28,Спальный мешок,Туризм,47,369916.79,7870.57,0.00,176.34,false
2024-05-28,Велосипед городской,Велоспорт,20,570702.20,31705.68,10.00,94.31,false
2024-05-28,Лыжный комплект,Зимний спорт,12,279419.64,23284.97,0.00,89.83,false
