date,product,category,units_sold,revenue,price,discount_pct,ad_spend,promo
2024-01-01,Робот-пылесос,Электроника,30,747149.40,24904.98,0.00,121.14,false
2024-01-01,Электрический чайник,Кухня,91,296276.89,3720.90,12.50,194.77,false
2024-01-01,Кофеварка,Кухня,34,312941.44,9204.16,0.00,161.22,false
2024-01-01,Увлажнитель воздуха,Дом и быт,70,381452.40,5736.13,5.00,171.00,true
2024-01-01,Набор посуды,Дом и быт,45,297172.80,6603.84,0.00,151.68,true
2024-01-01,Фен,Красота,48,205918.08,4289.96,0.00,138.95,false
2024-01-02,Робот-пылесос,Электроника,37,933673.17,29687.54,15.00,116.20,true
2024-01-02,Электрический чайник,Кухня,63,225771.21,3583.67,0.00,181.78,false
2024-01-02,Кофеварка,Кухня,46,400763.04,9170.78,5.00,165.68,false
2024-01-02,Увлажнитель воздуха,Дом и быт,51,276386.34,5890.58,8.00,168.36,true
2024-01-02,Набор посуды,Дом и быт,36,225676.80,6268.80,0.00,147.07,false
2024-01-02,Фен,Красота,44,180102.12,4308.66,5.00,152.66,false
2024-01-03,Робот-пылесос,Электроника,31,906104.58,29229.18,0.00,126.54,true
2024-01-03,Электрический чайник,Кухня,65,225434.95,3468.23,0.00,174.37,false
2024-01-03,Кофеварка,Кухня,50,403394.50,8492.52,5.00,169.40,false
2024-01-03,Увлажнитель воздуха,Дом и быт,57,317519.64,5570.52,0.00,177.68,true
2024-01-03,Набор посуды,Дом и быт,35,251736.45,7192.47,0.00,136.75,false
2024-01-03,Фен,Красота,47,189404.36,4380.31,8.00,152.32,false
2024-01-04,Робот-пылесос,Электроника,35,1029971.25,29427.75,0.00,115.18,true
2024-01-04,Электрический чайник,Кухня,65,228300.80,3512.32,0.00,203.40,false
2024-01-04,Кофеварка,Кухня,31,282711.32,9119.72,0.00,164.91,false
2024-01-04,Увлажнитель воздуха,Дом и быт,41,265962.49,6486.89,0.00,173.72,false
2024-01-04,Набор посуды,Дом и быт,50,310580.50,7098.98,12.50,153.55,false
2024-01-04,Фен,Красота,49,229407.22,4681.78,0.00,162.18,false
2024-01-05,Робот-пылесос,Электроника,25,612438.50,25786.88,5.00,130.87,false
2024-01-05,Электрический чайник,Кухня,57,198231.18,3477.74,0.00,178.87,false
2024-01-05,Кофеварка,Кухня,43,346752.86,8765.24,8.00,178.62,false
2024-01-05,Увлажнитель воздуха,Дом и быт,50,248365.00,5519.23,10.00,164.02,false
2024-01-05,Набор посуды,Дом и быт,48,329346.72,6861.39,0.00,165.48,false
2024-01-05,Фен,Красота,37,163885.21,4429.33,0.00,136.85,false
2024-01-06,Робот-пылесос,Электроника,30,780960.60,26032.02,0.00,131.34,false
2024-01-06,Электрический чайник,Кухня,87,322313.25,3704.75,0.00,207.50,true
2024-01-06,Кофеварка,Кухня,38,341265.46,8980.67,0.00,174.63,false
2024-01-06,Увлажнитель воздуха,Дом и быт,57,339167.10,5950.30,0.00,161.17,false
2024-01-06,Набор посуды,Дом и быт,46,304472.16,6618.96,0.00,165.02,false
2024-01-06,Фен,Красота,50,195985.50,3919.71,0.00,120.39,false
2024-01-07,Робот-пылесос,Электроника,20,517255.60,25862.78,0.00,131.58,false
2024-01-07,Электрический чайник,Кухня,87,266795.07,3607.78,15.00,177.31,false
2024-01-07,Кофеварка,Кухня,43,386919.59,8998.13,0.00,157.59,false
2024-01-07,Увлажнитель воздуха,Дом и быт,76,453736.72,5970.22,0.00,164.73,true
2024-01-07,Набор посуды,Дом и быт,52,343185.44,6599.72,0.00,141.48,false
2024-01-07,Фен,Красота,67,267807.71,4568.15,12.50,115.41,false
2024-01-08,Робот-пылесос,Электроника,22,625695.40,28440.70,0.00,121.54,false
2024-01-08,Электрический чайник,Кухня,83,295338.90,3745.58,5.00,194.46,true
2024-01-08,Кофеварка,Кухня,40,382896.00,9572.40,0.00,163.22,false
2024-01-08,Увлажнитель воздуха,Дом и быт,57,332625.21,5835.53,0.00,162.00,false
2024-01-08,Набор посуды,Дом и быт,44,297865.92,6769.68,0.00,162.65,false
2024-01-08,Фен,Красота,55,215063.75,3910.25,0.00,142.53,false
2024-01-09,Робот-пылесос,Электроника,23,659283.27,28664.49,0.00,126.38,false
2024-01-09,Электрический чайник,Кухня,100,304598.00,3807.48,20.00,166.26,false
2024-01-09,Кофеварка,Кухня,37,371717.17,10046.41,0.00,159.24,false
2024-01-09,Увлажнитель воздуха,Дом и быт,50,292365.00,5847.30,0.00,186.78,false
2024-01-09,Набор посуды,Дом и быт,41,256290.18,6945.53,10.00,157.78,false
2024-01-09,Фен,Красота,45,201861.00,4485.80,0.00,127.31,false
2024-01-10,Робот-пылесос,Электроника,25,736299.50,29451.98,0.00,125.35,false
2024-01-10,Электрический чайник,Кухня,62,222956.96,3596.08,0.00,190.61,false
2024-01-10,Кофеварка,Кухня,28,279166.44,9970.23,0.00,155.44,false
2024-01-10,Увлажнитель воздуха,Дом и быт,33,180679.29,5475.13,0.00,166.62,false
2024-01-10,Набор посуды,Дом и быт,32,215726.72,6741.46,0.00,138.95,false
2024-01-10,Фен,Красота,50,197787.50,3955.75,0.00,117.69,false
2024-01-11,Робот-пылесос,Электроника,29,792722.83,27335.27,0.00,129.17,false
2024-01-11,Электрический чайник,Кухня,72,274627.44,3814.27,0.00,199.16,false
2024-01-11,Кофеварка,Кухня,37,336963.81,9899.05,8.00,175.24,false
2024-01-11,Увлажнитель воздуха,Дом и быт,49,280721.00,5729.00,0.00,179.01,false
2024-01-11,Набор посуды,Дом и быт,32,222831.36,6963.48,0.00,159.00,false
2024-01-11,Фен,Красота,46,199756.38,4342.53,0.00,118.87,false
2024-01-12,Робот-пылесос,Электроника,29,710544.37,26632.09,8.00,126.11,false
2024-01-12,Электрический чайник,Кухня,47,174122.78,3704.74,0.00,191.45,false
2024-01-12,Кофеварка,Кухня,37,328779.04,8885.92,0.00,169.21,false
2024-01-12,Увлажнитель воздуха,Дом и быт,48,291547.20,6073.90,0.00,179.82,false
2024-01-12,Набор посуды,Дом и быт,46,294759.72,6407.82,0.00,155.90,true
2024-01-12,Фен,Красота,54,222891.48,4127.62,0.00,156.55,false
2024-01-13,Робот-пылесос,Электроника,28,745612.28,26629.01,0.00,132.18,false
2024-01-13,Электрический чайник,Кухня,72,258781.68,3594.19,0.00,206.85,false
2024-01-13,Кофеварка,Кухня,35,282070.95,10073.96,20.00,167.58,false
2024-01-13,Увлажнитель воздуха,Дом и быт,71,431269.62,6393.92,5.00,186.92,false
2024-01-13,Набор посуды,Дом и быт,58,302704.32,6523.80,20.00,137.45,false
2024-01-13,Фен,Красота,53,224534.50,4604.90,8.00,120.92,false
2024-01-14,Робот-пылесос,Электроника,37,840117.93,28382.36,20.00,128.39,false
2024-01-14,Электрический чайник,Кухня,58,208402.12,3593.14,0.00,211.75,false
2024-01-14,Кофеварка,Кухня,36,345869.28,9607.48,0.00,153.01,false
2024-01-14,Увлажнитель воздуха,Дом и быт,37,230889.25,6240.25,0.00,186.01,false
2024-01-14,Набор посуды,Дом и быт,43,262865.88,6113.16,0.00,160.70,false
2024-01-14,Фен,Красота,46,178994.28,3891.18,0.00,110.25,false
2024-01-15,Робот-пылесос,Электроника,30,718559.40,26034.76,8.00,122.60,false
2024-01-15,Электрический чайник,Кухня,62,216521.36,3492.28,0.00,176.07,false
2024-01-15,Кофеварка,Кухня,43,400305.49,9309.43,0.00,169.87,false
2024-01-15,Увлажнитель воздуха,Дом и быт,49,310227.33,6331.17,0.00,173.42,false
2024-01-15,Набор посуды,Дом и быт,42,266139.30,7040.72,10.00,137.36,false
2024-01-15,Фен,Красота,46,190659.88,4144.78,0.00,118.93,false
2024-01-16,Робот-пылесос,Электроника,29,761008.43,26241.67,0.00,131.78,false
2024-01-16,Электрический чайник,Кухня,105,314391.00,3326.89,10.00,190.52,true
2024-01-16,Кофеварка,Кухня,38,371582.62,9778.49,0.00,163.60,false
2024-01-16,Увлажнитель воздуха,Дом и быт,61,340236.65,5871.21,5.00,168.96,false
2024-01-16,Набор посуды,Дом и быт,34,226315.90,6656.35,0.00,137.33,false
2024-01-16,Фен,Красота,34,152570.92,4487.38,0.00,153.74,false
2024-01-17,Робот-пылесос,Электроника,56,1210165.60,27012.62,20.00,120.52,true
2024-01-17,Электрический чайник,Кухня,63,241353.00,3831.00,0.00,208.16,false
2024-01-17,Кофеварка,Кухня,49,384707.33,8972.76,12.50,166.33,false
2024-01-17,Увлажнитель воздуха,Дом и быт,49,264109.51,5988.88,10.00,173.06,false
2024-01-17,Набор посуды,Дом и быт,32,204189.44,6716.76,5.00,130.07,false
2024-01-17,Фен,Красота,36,163493.28,4541.48,0.00,120.42,false
2024-01-18,Робот-пылесос,Электроника,26,759750.94,29221.19,0.00,136.83,false
2024-01-18,Электрический чайник,Кухня,64,226094.72,3839.92,8.00,189.36,false
2024-01-18,Кофеварка,Кухня,40,341103.60,8527.59,0.00,177.76,false
2024-01-18,Увлажнитель воздуха,Дом и быт,33,192871.47,5844.59,0.00,150.48,false
2024-01-18,Набор посуды,Дом и быт,35,181079.50,6086.71,15.00,130.06,false
2024-01-18,Фен,Красота,36,153177.84,4254.94,0.00,106.78,false
2024-01-19,Робот-пылесос,Электроника,22,626856.34,28493.47,0.00,136.47,false
2024-01-19,Электрический чайник,Кухня,64,212741.12,3324.08,0.00,211.53,false
2024-01-19,Кофеварка,Кухня,29,246399.95,8943.73,5.00,160.18,false
2024-01-19,Увлажнитель воздуха,Дом и быт,52,276995.16,5790.03,8.00,185.11,false
2024-01-19,Набор посуды,Дом и быт,36,230994.72,6416.52,0.00,127.26,false
2024-01-19,Фен,Красота,81,267491.16,3885.13,15.00,125.14,false
2024-01-20,Робот-пылесос,Электроника,28,799275.12,28545.54,0.00,143.17,false
2024-01-20,Электрический чайник,Кухня,70,262241.00,3746.30,0.00,198.28,true
2024-01-20,Кофеварка,Кухня,43,360544.25,9582.57,12.50,173.92,true
2024-01-20,Увлажнитель воздуха,Дом и быт,57,340474.68,5973.24,0.00,185.05,false
2024-01-20,Набор посуды,Дом и быт,69,370044.93,6129.11,12.50,155.97,false
2024-01-20,Фен,Красота,52,239035.68,4596.84,0.00,143.49,false
2024-01-21,Робот-пылесос,Электроника,32,763519.04,29824.96,20.00,127.01,false
2024-01-21,Электрический чайник,Кухня,76,255453.48,3361.23,0.00,179.71,false
2024-01-21,Кофеварка,Кухня,39,357729.06,9172.54,0.00,155.87,false
2024-01-21,Увлажнитель воздуха,Дом и быт,84,399262.08,5591.90,15.00,159.78,false
2024-01-21,Набор посуды,Дом и быт,56,342181.28,6110.38,0.00,131.66,false
2024-01-21,Фен,Красота,53,192774.25,4156.86,12.50,140.84,false
2024-01-22,Робот-пылесос,Электроника,22,626004.28,28454.74,0.00,141.93,false
2024-01-22,Электрический чайник,Кухня,79,263905.03,3340.57,0.00,212.24,false
2024-01-22,Кофеварка,Кухня,39,357817.20,9174.80,0.00,152.84,false
2024-01-22,Увлажнитель воздуха,Дом и быт,60,353071.80,5884.53,0.00,176.77,false
2024-01-22,Набор посуды,Дом и быт,42,268399.74,6390.47,0.00,129.99,false
2024-01-22,Фен,Красота,68,250745.24,4214.21,12.50,141.78,false
2024-01-23,Робот-пылесос,Электроника,30,852671.40,29918.30,5.00,134.04,false
2024-01-23,Электрический чайник,Кухня,75,283259.25,3776.79,0.00,203.27,false
2024-01-23,Кофеварка,Кухня,65,461095.70,8867.23,20.00,178.46,false
2024-01-23,Увлажнитель воздуха,Дом и быт,55,335016.55,6091.21,0.00,170.24,false
2024-01-23,Набор посуды,Дом и быт,36,250798.32,6966.62,0.00,154.27,false
2024-01-23,Фен,Красота,76,260955.12,4292.03,20.00,138.50,true
2024-01-24,Робот-пылесос,Электроника,27,745171.38,29051.52,5.00,134.39,false
2024-01-24,Электрический чайник,Кухня,79,283959.18,3594.42,0.00,187.47,false
2024-01-24,Кофеварка,Кухня,45,387049.05,8601.09,0.00,162.18,false
2024-01-24,Увлажнитель воздуха,Дом и быт,51,287241.18,5632.18,0.00,185.95,false
2024-01-24,Набор посуды,Дом и быт,33,223321.23,6767.31,0.00,152.24,false
2024-01-24,Фен,Красота,37,166839.29,4509.17,0.00,124.53,false
2024-01-25,Робот-пылесос,Электроника,27,727634.07,26949.41,0.00,123.20,false
2024-01-25,Электрический чайник,Кухня,67,234903.34,3506.02,0.00,209.49,false
2024-01-25,Кофеварка,Кухня,34,316241.14,9301.21,0.00,168.85,false
2024-01-25,Увлажнитель воздуха,Дом и быт,49,311000.55,6346.95,0.00,164.20,true
2024-01-25,Набор посуды,Дом и быт,41,250535.01,6432.23,5.00,133.64,false
2024-01-25,Фен,Красота,52,237557.32,4568.41,0.00,134.50,true
2024-01-26,Робот-пылесос,Электроника,34,771293.06,28356.37,20.00,129.12,false
2024-01-26,Электрический чайник,Кухня,76,226851.64,3511.63,15.00,192.07,true
2024-01-26,Кофеварка,Кухня,34,319423.54,9394.81,0.00,172.66,false
2024-01-26,Увлажнитель воздуха,Дом и быт,37,230722.01,6235.73,0.00,158.19,false
2024-01-26,Набор посуды,Дом и быт,43,254873.90,5927.30,0.00,122.20,false
2024-01-26,Фен,Красота,51,224676.93,4405.43,0.00,147.36,true
2024-01-27,Робот-пылесос,Электроника,28,785008.56,29511.60,5.00,140.82,false
2024-01-27,Электрический чайник,Кухня,83,273551.40,3295.80,0.00,201.20,true
2024-01-27,Кофеварка,Кухня,52,436250.36,8389.43,0.00,170.19,true
2024-01-27,Увлажнитель воздуха,Дом и быт,52,302604.64,5819.32,0.00,155.40,false
2024-01-27,Набор посуды,Дом и быт,40,257228.40,6430.71,0.00,130.57,false
2024-01-27,Фен,Красота,59,234494.91,4320.10,8.00,108.57,false
2024-01-28,Робот-пылесос,Электроника,25,756723.50,30268.94,0.00,140.89,false
2024-01-28,Электрический чайник,Кухня,76,282491.24,3716.99,0.00,204.72,false
2024-01-28,Кофеварка,Кухня,45,410306.85,9117.93,0.00,169.35,false
2024-01-28,Увлажнитель воздуха,Дом и быт,85,404582.15,5949.73,20.00,150.37,false
2024-01-28,Набор посуды,Дом и быт,52,359050.12,6904.81,0.00,131.40,false
2024-01-28,Фен,Красота,55,231935.00,4217.00,0.00,115.24,false
2024-01-29,Робот-пылесос,Электроника,33,877067.07,26577.79,0.00,147.72,true
2024-01-29,Электрический чайник,Кухня,88,288222.00,3743.14,12.50,218.58,false
2024-01-29,Кофеварка,Кухня,61,539566.96,8845.36,0.00,172.68,true
2024-01-29,Увлажнитель воздуха,Дом и быт,80,475563.20,5944.54,0.00,177.77,true
2024-01-29,Набор посуды,Дом и быт,49,258977.74,6040.29,12.50,117.01,false
2024-01-29,Фен,Красота,44,171915.48,3907.17,0.00,108.27,false
2024-01-30,Робот-пылесос,Электроника,44,962783.36,27351.80,20.00,141.22,true
2024-01-30,Электрический чайник,Кухня,84,282141.72,3358.83,0.00,167.51,false
2024-01-30,Кофеварка,Кухня,44,413134.92,9389.43,0.00,165.34,false
2024-01-30,Увлажнитель воздуха,Дом и быт,50,276209.50,5524.19,0.00,182.56,false
2024-01-30,Набор посуды,Дом и быт,30,197014.50,6567.15,0.00,149.81,false
2024-01-30,Фен,Красота,46,187950.94,4085.89,0.00,113.43,false
2024-01-31,Робот-пылесос,Электроника,27,704512.35,26093.05,0.00,142.31,false
2024-01-31,Электрический чайник,Кухня,68,244547.04,3596.28,0.00,186.28,false
2024-01-31,Кофеварка,Кухня,41,390679.16,9528.76,0.00,160.86,false
2024-01-31,Увлажнитель воздуха,Дом и быт,50,295336.50,5906.73,0.00,143.69,false
2024-01-31,Набор посуды,Дом и быт,29,194976.86,6723.34,0.00,135.11,false
2024-01-31,Фен,Красота,45,191247.30,4249.94,0.00,104.50,false
2024-02-01,Робот-пылесос,Электроника,29,723419.21,27717.21,10.00,131.35,false
2024-02-01,Электрический чайник,Кухня,65,223143.05,3613.66,5.00,192.59,false
2024-02-01,Кофеварка,Кухня,41,347802.59,8482.99,0.00,157.36,false
2024-02-01,Увлажнитель воздуха,Дом и быт,37,214923.01,5808.73,0.00,175.00,false
2024-02-01,Набор посуды,Дом и быт,32,198002.88,6187.59,0.00,141.47,false
2024-02-01,Фен,Красота,38,147849.64,3890.78,0.00,100.25,false
2024-02-02,Робот-пылесос,Электроника,19,571511.83,30079.57,0.00,147.39,false
2024-02-02,Электрический чайник,Кухня,46,178071.98,3871.13,0.00,192.53,false
2024-02-02,Кофеварка,Кухня,45,387145.35,8603.23,0.00,176.77,true
2024-02-02,Увлажнитель воздуха,Дом и быт,41,229618.04,5600.44,0.00,169.46,false
2024-02-02,Набор посуды,Дом и быт,43,266183.76,6190.32,0.00,133.69,false
2024-02-02,Фен,Красота,44,197861.40,4496.85,0.00,127.91,false
2024-02-03,Робот-пылесос,Электроника,27,758736.99,28101.37,0.00,140.97,false
2024-02-03,Электрический чайник,Кухня,94,297116.14,3718.60,15.00,177.08,true
2024-02-03,Кофеварка,Кухня,39,372956.22,9562.98,0.00,174.58,true
2024-02-03,Увлажнитель воздуха,Дом и быт,87,463957.08,6094.67,12.50,154.71,false
2024-02-03,Набор посуды,Дом и быт,50,299094.50,5981.89,0.00,135.28,false
2024-02-03,Фен,Красота,65,245057.15,4435.43,15.00,97.31,false
2024-02-04,Робот-пылесос,Электроника,35,879075.75,27300.49,8.00,146.87,true
2024-02-04,Электрический чайник,Кухня,95,358340.95,3772.01,0.00,176.61,true
2024-02-04,Кофеварка,Кухня,54,384482.70,8376.53,15.00,170.21,false
2024-02-04,Увлажнитель воздуха,Дом и быт,58,307066.50,5294.25,0.00,143.95,false
2024-02-04,Набор посуды,Дом и быт,69,411653.31,6484.77,8.00,125.24,false
2024-02-04,Фен,Красота,49,214271.61,4603.04,5.00,100.38,false
2024-02-05,Робот-пылесос,Электроника,47,1070142.53,28461.23,20.00,152.19,false
2024-02-05,Электрический чайник,Кухня,84,291018.00,3464.50,0.00,218.10,false
2024-02-05,Кофеварка,Кухня,45,411588.45,9146.41,0.00,172.46,false
2024-02-05,Увлажнитель воздуха,Дом и быт,55,301830.65,5487.83,0.00,179.54,false
2024-02-05,Набор посуды,Дом и быт,72,345220.56,5993.41,20.00,126.92,true
2024-02-05,Фен,Красота,49,202161.26,4584.15,10.00,106.02,false
2024-02-06,Робот-пылесос,Электроника,29,871775.96,30061.24,0.00,146.73,false
2024-02-06,Электрический чайник,Кухня,84,285579.00,3399.75,0.00,216.99,false
2024-02-06,Кофеварка,Кухня,58,432264.72,8280.94,10.00,156.38,true
2024-02-06,Увлажнитель воздуха,Дом и быт,48,272574.24,6172.42,8.00,169.98,false
2024-02-06,Набор посуды,Дом и быт,35,244083.00,6973.80,0.00,138.45,false
2024-02-06,Фен,Красота,29,131059.12,4519.28,0.00,116.15,false
2024-02-07,Робот-пылесос,Электроника,31,863439.90,27852.90,0.00,144.42,true
2024-02-07,Электрический чайник,Кухня,69,265409.88,3846.52,0.00,209.28,false
2024-02-07,Кофеварка,Кухня,43,401521.96,9337.72,0.00,176.23,false
2024-02-07,Увлажнитель воздуха,Дом и быт,49,261677.64,5340.36,0.00,143.01,false
2024-02-07,Набор посуды,Дом и быт,39,232203.27,5953.93,0.00,118.23,false
2024-02-07,Фен,Красота,36,151681.32,4213.37,0.00,109.56,false
2024-02-08,Робот-пылесос,Электроника,31,900964.47,29063.37,0.00,152.62,false
2024-02-08,Электрический чайник,Кухня,54,198670.32,3679.08,0.00,183.61,false
2024-02-08,Кофеварка,Кухня,35,292661.60,9837.37,15.00,154.88,false
2024-02-08,Увлажнитель воздуха,Дом и быт,51,289685.61,5680.11,0.00,152.90,true
2024-02-08,Набор посуды,Дом и быт,30,181241.40,6041.38,0.00,111.03,false
2024-02-08,Фен,Красота,45,184811.85,4106.93,0.00,122.77,false
2024-02-09,Робот-пылесос,Электроника,24,614542.32,25605.93,0.00,152.62,false
2024-02-09,Электрический чайник,Кухня,70,257586.00,3873.47,5.00,216.46,false
2024-02-09,Кофеварка,Кухня,37,291889.67,8574.90,8.00,165.47,false
2024-02-09,Увлажнитель воздуха,Дом и быт,42,258859.02,6163.31,0.00,146.01,false
2024-02-09,Набор посуды,Дом и быт,41,240772.50,6711.43,12.50,118.07,false
2024-02-09,Фен,Красота,59,235900.88,3998.32,0.00,115.92,true
2024-02-10,Робот-пылесос,Электроника,37,998675.88,26991.24,0.00,135.26,true
2024-02-10,Электрический чайник,Кухня,74,257645.80,3481.70,0.00,208.71,false
2024-02-10,Кофеварка,Кухня,35,290829.35,8309.41,0.00,153.94,false
2024-02-10,Увлажнитель воздуха,Дом и быт,56,299244.40,5343.65,0.00,159.21,false
2024-02-10,Набор посуды,Дом и быт,49,325881.36,6650.64,0.00,130.39,false
2024-02-10,Фен,Красота,45,198013.95,4400.31,0.00,108.57,false
2024-02-11,Робот-пылесос,Электроника,32,920481.28,28765.04,0.00,149.83,false
2024-02-11,Электрический чайник,Кухня,67,223031.61,3698.70,10.00,187.34,false
2024-02-11,Кофеварка,Кухня,40,355658.00,8891.45,0.00,176.52,false
2024-02-11,Увлажнитель воздуха,Дом и быт,86,363248.52,5279.78,20.00,158.94,false
2024-02-11,Набор посуды,Дом и быт,48,289231.68,6025.66,0.00,129.41,false
2024-02-11,Фен,Красота,67,235287.25,3901.94,10.00,130.23,false
2024-02-12,Робот-пылесос,Электроника,25,668659.75,26746.39,0.00,154.46,false
2024-02-12,Электрический чайник,Кухня,84,317551.92,3780.38,0.00,202.76,false
2024-02-12,Кофеварка,Кухня,37,304986.56,8242.88,0.00,168.53,false
2024-02-12,Увлажнитель воздуха,Дом и быт,45,271540.35,6034.23,0.00,144.68,false
2024-02-12,Набор посуды,Дом и быт,44,273922.88,6225.52,0.00,114.84,false
2024-02-12,Фен,Красота,43,189500.57,4406.99,0.00,116.26,false
2024-02-13,Робот-пылесос,Электроника,46,1042462.58,28327.78,20.00,138.57,false
2024-02-13,Электрический чайник,Кухня,93,326376.99,3509.43,0.00,188.63,false
2024-02-13,Кофеварка,Кухня,60,423187.80,8816.41,20.00,164.33,false
2024-02-13,Увлажнитель воздуха,Дом и быт,61,327085.05,5362.05,0.00,146.66,false
2024-02-13,Набор посуды,Дом и быт,45,228679.65,5978.55,15.00,130.40,false
2024-02-13,Фен,Красота,33,131907.27,3997.19,0.00,113.60,false
2024-02-14,Робот-пылесос,Электроника,29,837370.07,28874.83,0.00,148.41,false
2024-02-14,Электрический чайник,Кухня,100,325462.00,3828.96,15.00,171.23,false
2024-02-14,Кофеварка,Кухня,36,334954.80,9304.30,0.00,164.66,false
2024-02-14,Увлажнитель воздуха,Дом и быт,38,225820.32,5942.64,0.00,164.95,false
2024-02-14,Набор посуды,Дом и быт,33,220050.60,6668.20,0.00,130.10,false
2024-02-14,Фен,Красота,40,158038.40,4515.39,12.50,112.60,false
2024-02-15,Робот-пылесос,Электроника,31,820341.84,26462.64,0.00,153.33,false
2024-02-15,Электрический чайник,Кухня,70,253537.90,3621.97,0.00,208.06,false
2024-02-15,Кофеварка,Кухня,38,326956.94,8604.13,0.00,172.51,false
2024-02-15,Увлажнитель воздуха,Дом и быт,49,278670.84,5687.16,0.00,165.75,false
2024-02-15,Набор посуды,Дом и быт,34,206782.56,6081.84,0.00,130.07,false
2024-02-15,Фен,Красота,36,158785.56,4410.71,0.00,121.44,false
2024-02-16,Робот-пылесос,Электроника,39,934954.80,29966.50,20.00,149.62,true
2024-02-16,Электрический чайник,Кухня,63,213829.56,3394.12,0.00,221.27,false
2024-02-16,Кофеварка,Кухня,39,345176.52,8850.68,0.00,174.42,false
2024-02-16,Увлажнитель воздуха,Дом и быт,36,202149.72,5615.27,0.00,167.40,false
2024-02-16,Набор посуды,Дом и быт,34,236307.82,6950.23,0.00,110.72,false
2024-02-16,Фен,Красота,45,208128.15,4625.07,0.00,113.01,false
2024-02-17,Робот-пылесос,Электроника,29,744809.61,25683.09,0.00,146.29,false
2024-02-17,Электрический чайник,Кухня,76,227612.40,3255.33,8.00,204.64,false
2024-02-17,Кофеварка,Кухня,38,294395.12,8853.99,12.50,146.87,false
2024-02-17,Увлажнитель воздуха,Дом и быт,58,344372.68,5937.46,0.00,160.94,false
2024-02-17,Набор посуды,Дом и быт,55,290763.55,5874.01,10.00,115.26,false
2024-02-17,Фен,Красота,50,195994.50,3919.89,0.00,107.45,false
2024-02-18,Робот-пылесос,Электроника,32,863284.48,29323.52,8.00,155.03,false
2024-02-18,Электрический чайник,Кухня,108,347333.40,3216.05,0.00,192.10,true
2024-02-18,Кофеварка,Кухня,39,344290.44,8827.96,0.00,151.41,true
2024-02-18,Увлажнитель воздуха,Дом и быт,70,401855.30,5740.79,0.00,160.11,false
2024-02-18,Набор посуды,Дом и быт,44,268652.12,6105.73,0.00,120.74,false
2024-02-18,Фен,Красота,69,287351.19,4383.69,5.00,111.28,true
2024-02-19,Робот-пылесос,Электроника,23,689393.72,29973.64,0.00,139.67,false
2024-02-19,Электрический чайник,Кухня,74,247271.74,3341.51,0.00,181.16,false
2024-02-19,Кофеварка,Кухня,44,365413.84,8304.86,0.00,166.35,false
2024-02-19,Увлажнитель воздуха,Дом и быт,48,295507.20,6156.40,0.00,152.24,false
2024-02-19,Набор посуды,Дом и быт,37,214373.19,6621.57,12.50,129.30,false
2024-02-19,Фен,Красота,37,171117.60,4624.80,0.00,93.74,false
2024-02-20,Робот-пылесос,Электроника,37,865816.65,26000.50,10.00,149.68,true
2024-02-20,Электрический чайник,Кухня,72,247453.20,3436.85,0.00,189.63,false
2024-02-20,Кофеварка,Кухня,48,398713.44,8306.53,0.00,171.46,false
2024-02-20,Увлажнитель воздуха,Дом и быт,42,256299.96,6102.38,0.00,147.54,false
2024-02-20,Набор посуды,Дом и быт,33,222668.16,6747.52,0.00,105.51,false
2024-02-20,Фен,Красота,48,179863.20,4282.46,12.50,88.96,false
2024-02-21,Робот-пылесос,Электроника,36,947782.44,26327.29,0.00,155.53,false
2024-02-21,Электрический чайник,Кухня,95,328852.95,3461.61,0.00,208.84,true
2024-02-21,Кофеварка,Кухня,60,438475.20,9134.90,20.00,148.41,true
2024-02-21,Увлажнитель воздуха,Дом и быт,37,219693.79,5937.67,0.00,144.10,false
2024-02-21,Набор посуды,Дом и быт,32,169728.32,6240.01,15.00,114.70,false
2024-02-21,Фен,Красота,45,189426.60,4209.48,0.00,120.79,false
2024-02-22,Робот-пылесос,Электроника,35,819340.90,26753.99,12.50,145.23,false
2024-02-22,Электрический чайник,Кухня,73,221782.03,3198.01,5.00,173.63,false
2024-02-22,Кофеварка,Кухня,36,338479.56,9402.21,0.00,166.46,true
2024-02-22,Увлажнитель воздуха,Дом и быт,48,246911.04,6051.74,15.00,166.07,false
2024-02-22,Набор посуды,Дом и быт,32,196482.24,6140.07,0.00,117.85,false
2024-02-22,Фен,Красота,35,163831.85,4680.91,0.00,124.31,false
2024-02-23,Робот-пылесос,Электроника,32,806879.68,25214.99,0.00,144.98,false
2024-02-23,Электрический чайник,Кухня,75,252657.75,3368.77,0.00,194.02,false
2024-02-23,Кофеварка,Кухня,34,324653.08,9548.62,0.00,173.71,false
2024-02-23,Увлажнитель воздуха,Дом и быт,49,266037.66,6204.95,12.50,143.84,false
2024-02-23,Набор посуды,Дом и быт,41,255020.00,6220.00,0.00,102.11,false
2024-02-23,Фен,Красота,44,186318.00,4234.50,0.00,104.36,false
2024-02-24,Робот-пылесос,Электроника,33,828018.51,25091.47,0.00,158.91,false
2024-02-24,Электрический чайник,Кухня,91,294113.82,3693.74,12.50,188.65,false
2024-02-24,Кофеварка,Кухня,38,341057.98,8975.21,0.00,162.05,false
2024-02-24,Увлажнитель воздуха,Дом и быт,44,261195.00,5936.25,0.00,133.89,false
2024-02-24,Набор посуды,Дом и быт,54,313120.08,6626.88,12.50,107.53,false
2024-02-24,Фен,Красота,52,203561.80,4473.88,12.50,99.39,false
2024-02-25,Робот-пылесос,Электроника,31,781759.86,25218.06,0.00,161.30,false
2024-02-25,Электрический чайник,Кухня,50,190417.50,3808.35,0.00,189.67,false
2024-02-25,Кофеварка,Кухня,38,340732.32,8966.64,0.00,154.11,false
2024-02-25,Увлажнитель воздуха,Дом и быт,68,353906.68,5782.79,10.00,157.79,false
2024-02-25,Набор посуды,Дом и быт,66,391964.76,5938.86,0.00,103.07,true
2024-02-25,Фен,Красота,60,254074.20,4234.57,0.00,116.83,false
2024-02-26,Робот-пылесос,Электроника,32,830120.00,28197.01,8.00,152.84,false
2024-02-26,Электрический чайник,Кухня,99,278973.09,3220.46,12.50,184.20,false
2024-02-26,Кофеварка,Кухня,46,395042.94,8587.89,0.00,168.25,false
2024-02-26,Увлажнитель воздуха,Дом и быт,71,348326.00,5606.86,12.50,157.78,false
2024-02-26,Набор посуды,Дом и быт,54,305224.20,6280.33,10.00,113.72,true
2024-02-26,Фен,Красота,49,206995.11,4446.73,5.00,86.59,false
2024-02-27,Робот-пылесос,Электроника,39,1058034.12,27129.08,0.00,143.02,true
2024-02-27,Электрический чайник,Кухня,90,330343.20,3670.48,0.00,175.20,true
2024-02-27,Кофеварка,Кухня,42,364740.18,8684.29,0.00,157.14,false
2024-02-27,Увлажнитель воздуха,Дом и быт,48,269692.32,5618.59,0.00,137.62,false
2024-02-27,Набор посуды,Дом и быт,43,258828.18,6688.07,10.00,106.30,true
2024-02-27,Фен,Красота,59,211892.01,4489.24,20.00,93.89,false
2024-02-28,Робот-пылесос,Электроника,33,924462.99,28014.03,0.00,164.28,false
2024-02-28,Электрический чайник,Кухня,79,290772.93,3680.67,0.00,194.36,false
2024-02-28,Кофеварка,Кухня,34,323825.18,9524.27,0.00,154.28,false
2024-02-28,Увлажнитель воздуха,Дом и быт,38,216308.16,5692.32,0.00,150.09,false
2024-02-28,Набор посуды,Дом и быт,32,220249.28,6882.79,0.00,120.67,true
2024-02-28,Фен,Красота,36,150074.28,4168.73,0.00,104.85,false
2024-02-29,Робот-пылесос,Электроника,32,856353.92,26761.06,0.00,152.39,false
2024-02-29,Электрический чайник,Кухня,72,262854.72,3650.76,0.00,189.43,false
2024-02-29,Кофеварка,Кухня,32,280193.60,8756.05,0.00,164.52,false
2024-02-29,Увлажнитель воздуха,Дом и быт,41,255040.50,6220.50,0.00,161.52,false
2024-02-29,Набор посуды,Дом и быт,31,208292.41,6719.11,0.00,114.13,false
2024-02-29,Фен,Красота,31,142208.47,4587.37,0.00,96.54,false
2024-03-01,Робот-пылесос,Электроника,40,875873.60,25024.96,12.50,164.56,false
2024-03-01,Электрический чайник,Кухня,51,173793.21,3704.03,8.00,202.93,false
2024-03-01,Кофеварка,Кухня,37,349561.94,9447.62,0.00,141.72,true
2024-03-01,Увлажнитель воздуха,Дом и быт,44,240595.08,5468.07,0.00,130.03,false
2024-03-01,Набор посуды,Дом и быт,26,169143.52,6505.52,0.00,97.33,false
2024-03-01,Фен,Красота,47,217991.64,4638.12,0.00,112.62,false
2024-03-02,Робот-пылесос,Электроника,39,838114.68,25282.49,15.00,146.43,false
2024-03-02,Электрический чайник,Кухня,60,196224.00,3270.40,0.00,216.14,false
2024-03-02,Кофеварка,Кухня,53,377497.80,8903.25,20.00,162.43,false
2024-03-02,Увлажнитель воздуха,Дом и быт,51,271570.92,5787.96,8.00,153.52,false
2024-03-02,Набор посуды,Дом и быт,41,253614.52,6185.72,0.00,106.55,false
2024-03-02,Фен,Красота,47,221904.86,4721.38,0.00,92.17,false
2024-03-03,Робот-пылесос,Электроника,31,848603.61,27374.31,0.00,151.44,false
2024-03-03,Электрический чайник,Кухня,84,269011.68,3202.52,0.00,173.68,false
2024-03-03,Кофеварка,Кухня,32,298464.96,9327.03,0.00,165.08,false
2024-03-03,Увлажнитель воздуха,Дом и быт,68,354163.72,5208.29,0.00,126.87,false
2024-03-03,Набор посуды,Дом и быт,48,293488.32,6646.03,8.00,120.06,false
2024-03-03,Фен,Красота,37,150884.52,4432.57,8.00,128.59,false
2024-03-04,Робот-пылесос,Электроника,37,909956.54,28106.77,12.50,150.73,false
2024-03-04,Электрический чайник,Кухня,76,240610.68,3165.93,0.00,203.49,false
2024-03-04,Кофеварка,Кухня,54,458052.30,8482.45,0.00,142.39,false
2024-03-04,Увлажнитель воздуха,Дом и быт,34,210411.38,6188.57,0.00,157.91,false
2024-03-04,Набор посуды,Дом и быт,37,243758.22,6588.06,0.00,123.10,false
2024-03-04,Фен,Красота,38,165119.12,4345.24,0.00,109.77,false
2024-03-05,Робот-пылесос,Электроника,36,945024.12,29167.41,10.00,145.08,false
2024-03-05,Электрический чайник,Кухня,87,300898.20,3759.34,8.00,219.15,false
2024-03-05,Кофеварка,Кухня,37,344108.51,9300.23,0.00,167.94,false
2024-03-05,Увлажнитель воздуха,Дом и быт,35,211157.45,6033.07,0.00,149.13,false
2024-03-05,Набор посуды,Дом и быт,33,181917.78,6485.49,15.00,119.21,false
2024-03-05,Фен,Красота,35,144006.80,4114.48,0.00,85.32,false
2024-03-06,Робот-пылесос,Электроника,28,737861.32,26352.19,0.00,161.13,false
2024-03-06,Электрический чайник,Кухня,70,255154.90,3645.07,0.00,214.65,false
2024-03-06,Кофеварка,Кухня,40,328485.60,8212.14,0.00,153.16,false
2024-03-06,Увлажнитель воздуха,Дом и быт,36,209369.52,5815.82,0.00,148.44,false
2024-03-06,Набор посуды,Дом и быт,26,182773.76,7029.76,0.00,93.96,false
2024-03-06,Фен,Красота,45,188777.70,4195.06,0.00,106.61,false
2024-03-07,Робот-пылесос,Электроника,37,947668.79,25612.67,0.00,147.34,false
2024-03-07,Электрический чайник,Кухня,80,267567.20,3344.59,0.00,176.68,false
2024-03-07,Кофеварка,Кухня,30,287808.60,9593.62,0.00,156.92,false
2024-03-07,Увлажнитель воздуха,Дом и быт,29,174631.33,6021.77,0.00,143.19,false
2024-03-07,Набор посуды,Дом и быт,32,216710.08,6772.19,0.00,110.51,false
2024-03-07,Фен,Красота,41,183607.43,4478.23,0.00,117.86,false
2024-03-08,Робот-пылесос,Электроника,32,827148.48,25848.39,0.00,151.49,false
2024-03-08,Электрический чайник,Кухня,54,185987.88,3444.22,0.00,206.00,false
2024-03-08,Кофеварка,Кухня,36,303061.32,8418.37,0.00,139.88,true
2024-03-08,Увлажнитель воздуха,Дом и быт,40,225249.60,5631.24,0.00,148.74,false
2024-03-08,Набор посуды,Дом и быт,46,274452.10,5966.35,0.00,108.06,true
2024-03-08,Фен,Красота,52,201668.48,4432.28,12.50,112.29,false
2024-03-09,Робот-пылесос,Электроника,31,758068.42,27170.91,10.00,150.80,false
2024-03-09,Электрический чайник,Кухня,110,332497.00,3556.11,15.00,184.47,true
2024-03-09,Кофеварка,Кухня,32,277777.28,8680.54,0.00,165.60,false
2024-03-09,Увлажнитель воздуха,Дом и быт,71,385043.65,6197.89,12.50,146.81,true
2024-03-09,Набор посуды,Дом и быт,59,312990.87,6062.78,12.50,107.83,true
2024-03-09,Фен,Красота,55,206214.25,4686.69,20.00,94.81,false
2024-03-10,Робот-пылесос,Электроника,29,744055.32,28507.87,10.00,166.13,false
2024-03-10,Электрический чайник,Кухня,73,239557.53,3281.61,0.00,192.60,false
2024-03-10,Кофеварка,Кухня,26,233118.34,8966.09,0.00,164.55,false
2024-03-10,Увлажнитель воздуха,Дом и быт,64,359530.88,5617.67,0.00,149.60,true
2024-03-10,Набор посуды,Дом и быт,37,231822.02,6265.46,0.00,93.79,false
2024-03-10,Фен,Красота,47,219398.35,4668.05,0.00,100.25,false
2024-03-11,Робот-пылесос,Электроника,37,925281.94,25007.62,0.00,148.15,false
2024-03-11,Электрический чайник,Кухня,82,275627.42,3361.31,0.00,190.31,false
2024-03-11,Кофеварка,Кухня,40,373868.00,9346.70,0.00,163.01,false
2024-03-11,Увлажнитель воздуха,Дом и быт,67,329698.96,5623.86,12.50,119.46,false
2024-03-11,Набор посуды,Дом и быт,30,187241.10,6241.37,0.00,109.60,false
2024-03-11,Фен,Красота,40,162826.80,4070.67,0.00,123.46,false
2024-03-12,Робот-пылесос,Электроника,43,1118274.34,26006.38,0.00,160.89,false
2024-03-12,Электрический чайник,Кухня,76,269421.52,3545.02,0.00,174.29,false
2024-03-12,Кофеварка,Кухня,56,446033.84,8384.10,5.00,163.55,true
2024-03-12,Увлажнитель воздуха,Дом и быт,68,338214.32,6217.17,20.00,148.10,true
2024-03-12,Набор посуды,Дом и быт,36,234281.52,6507.82,0.00,112.82,false
2024-03-12,Фен,Красота,30,137477.70,4582.59,0.00,107.09,false
2024-03-13,Робот-пылесос,Электроника,32,911648.64,28489.02,0.00,164.67,false
2024-03-13,Электрический чайник,Кухня,85,253682.50,3316.11,10.00,199.51,false
2024-03-13,Кофеварка,Кухня,51,375649.17,8665.50,15.00,145.99,false
2024-03-13,Увлажнитель воздуха,Дом и быт,35,205160.55,5861.73,0.00,126.93,false
2024-03-13,Набор посуды,Дом и быт,24,161894.40,6745.60,0.00,98.41,false
2024-03-13,Фен,Красота,39,158868.45,4073.55,0.00,93.78,false
2024-03-14,Робот-пылесос,Электроника,36,883776.24,24549.34,0.00,152.91,false
2024-03-14,Электрический чайник,Кухня,99,300789.72,3375.87,10.00,183.86,false
2024-03-14,Кофеварка,Кухня,33,278017.74,8424.78,0.00,135.91,false
2024-03-14,Увлажнитель воздуха,Дом и быт,40,210018.80,5250.47,0.00,125.07,false
2024-03-14,Набор посуды,Дом и быт,27,185622.03,6874.89,0.00,107.00,false
2024-03-14,Фен,Красота,25,96622.00,4068.29,5.00,82.48,false
2024-03-15,Робот-пылесос,Электроника,31,771716.79,24894.09,0.00,147.38,false
2024-03-15,Электрический чайник,Кухня,69,229920.42,3332.18,0.00,182.15,false
2024-03-15,Кофеварка,Кухня,31,268973.05,8676.55,0.00,133.29,false
2024-03-15,Увлажнитель воздуха,Дом и быт,39,218603.19,6092.62,8.00,122.20,false
2024-03-15,Набор посуды,Дом и быт,28,197667.40,7059.55,0.00,113.81,false
2024-03-15,Фен,Красота,47,201269.51,4282.33,0.00,105.34,false
2024-03-16,Робот-пылесос,Электроника,29,800627.07,27607.83,0.00,159.07,false
2024-03-16,Электрический чайник,Кухня,54,181980.54,3370.01,0.00,197.54,false
2024-03-16,Кофеварка,Кухня,38,308813.08,8554.38,5.00,157.86,false
2024-03-16,Увлажнитель воздуха,Дом и быт,50,275913.00,5518.26,0.00,140.13,false
2024-03-16,Набор посуды,Дом и быт,36,212196.24,6934.51,15.00,112.43,false
2024-03-16,Фен,Красота,74,245652.62,4149.54,20.00,109.88,false
2024-03-17,Робот-пылесос,Электроника,43,958580.94,27865.72,20.00,148.68,false
2024-03-17,Электрический чайник,Кухня,85,282491.55,3323.43,0.00,207.26,false
2024-03-17,Кофеварка,Кухня,49,336324.24,8075.02,15.00,132.94,false
2024-03-17,Увлажнитель воздуха,Дом и быт,59,320457.32,6034.98,10.00,119.02,false
2024-03-17,Набор посуды,Дом и быт,37,225361.45,6411.42,5.00,112.77,false
2024-03-17,Фен,Красота,58,261462.84,4745.24,5.00,126.49,false
2024-03-18,Робот-пылесос,Электроника,42,882328.86,26259.79,20.00,169.80,false
2024-03-18,Электрический чайник,Кухня,109,295541.51,3189.87,15.00,179.20,true
2024-03-18,Кофеварка,Кухня,53,387238.67,9132.99,20.00,139.97,false
2024-03-18,Увлажнитель воздуха,Дом и быт,50,271770.50,5435.41,0.00,117.18,false
2024-03-18,Набор посуды,Дом и быт,36,217019.52,6028.32,0.00,113.68,false
2024-03-18,Фен,Красота,50,199479.00,4693.63,15.00,94.31,true
2024-03-19,Робот-пылесос,Электроника,42,931241.22,24636.02,10.00,160.81,false
2024-03-19,Электрический чайник,Кухня,82,289805.22,3534.21,0.00,204.57,false
2024-03-19,Кофеварка,Кухня,49,470002.61,9591.89,0.00,146.83,false
2024-03-19,Увлажнитель воздуха,Дом и быт,61,330604.75,5419.75,0.00,116.24,false
2024-03-19,Набор посуды,Дом и быт,39,257111.40,6592.60,0.00,110.44,true
2024-03-19,Фен,Красота,39,181326.60,4649.40,0.00,111.21,false
2024-03-20,Робот-пылесос,Электроника,48,1168067.52,24334.74,0.00,159.00,true
2024-03-20,Электрический чайник,Кухня,74,259181.30,3502.45,0.00,204.33,false
2024-03-20,Кофеварка,Кухня,29,247018.52,8517.88,0.00,158.38,false
2024-03-20,Увлажнитель воздуха,Дом и быт,37,200490.79,5418.67,0.00,146.95,false
2024-03-20,Набор посуды,Дом и быт,31,207720.15,6700.65,0.00,116.17,false
2024-03-20,Фен,Красота,39,174992.22,4723.13,5.00,113.69,false
2024-03-21,Робот-пылесос,Электроника,28,764255.24,28731.40,5.00,149.31,false
2024-03-21,Электрический чайник,Кухня,85,270769.20,3462.52,8.00,200.86,false
2024-03-21,Кофеварка,Кухня,35,289035.25,8258.15,0.00,158.85,false
2024-03-21,Увлажнитель воздуха,Дом и быт,42,227573.64,5418.42,0.00,141.66,false
2024-03-21,Набор посуды,Дом и быт,31,194748.20,6282.20,0.00,107.17,false
2024-03-21,Фен,Красота,39,168346.23,4796.19,10.00,105.29,false
2024-03-22,Робот-пылесос,Электроника,22,624799.12,28399.96,0.00,170.14,false
2024-03-22,Электрический чайник,Кухня,82,281347.74,3431.07,0.00,183.09,true
2024-03-22,Кофеварка,Кухня,39,283614.63,9090.21,20.00,135.27,false
2024-03-22,Увлажнитель воздуха,Дом и быт,45,236223.90,5832.69,10.00,110.06,false
2024-03-22,Набор посуды,Дом и быт,33,204109.29,6185.13,0.00,88.73,false
2024-03-22,Фен,Красота,36,160464.24,4457.34,0.00,110.11,false
2024-03-23,Робот-пылесос,Электроника,28,800626.96,28593.82,0.00,149.95,false
2024-03-23,Электрический чайник,Кухня,74,246963.16,3337.34,0.00,183.53,false
2024-03-23,Кофеварка,Кухня,37,321049.74,9641.13,10.00,129.27,false
2024-03-23,Увлажнитель воздуха,Дом и быт,46,258857.64,5627.34,0.00,117.40,false
2024-03-23,Набор посуды,Дом и быт,40,256688.80,6417.22,0.00,81.74,false
2024-03-23,Фен,Красота,42,198779.70,4732.85,0.00,92.14,false
2024-03-24,Робот-пылесос,Электроника,29,795468.26,27429.94,0.00,152.00,false
2024-03-24,Электрический чайник,Кухня,110,345287.80,3138.98,0.00,180.43,true
2024-03-24,Кофеварка,Кухня,41,366168.95,8930.95,0.00,155.57,false
2024-03-24,Увлажнитель воздуха,Дом и быт,63,363288.24,5766.48,0.00,139.12,false
2024-03-24,Набор посуды,Дом и быт,48,309973.44,7019.33,8.00,115.79,false
2024-03-24,Фен,Красота,67,269031.80,4724.00,15.00,116.40,false
2024-03-25,Робот-пылесос,Электроника,31,833157.55,26876.05,0.00,151.15,false
2024-03-25,Электрический чайник,Кухня,69,237155.76,3437.04,0.00,164.58,false
2024-03-25,Кофеварка,Кухня,37,317324.58,8576.34,0.00,141.14,false
2024-03-25,Увлажнитель воздуха,Дом и быт,54,323119.26,5983.69,0.00,145.67,false
2024-03-25,Набор посуды,Дом и быт,36,241582.68,6710.63,0.00,112.39,false
2024-03-25,Фен,Красота,30,133345.50,4444.85,0.00,101.41,false
2024-03-26,Робот-пылесос,Электроника,54,1234334.70,26123.48,12.50,159.97,false
2024-03-26,Электрический чайник,Кухня,105,349405.35,3327.67,0.00,168.65,true
2024-03-26,Кофеварка,Кухня,37,348653.59,9423.07,0.00,154.63,false
2024-03-26,Увлажнитель воздуха,Дом и быт,42,230829.06,5495.93,0.00,114.99,false
2024-03-26,Набор посуды,Дом и быт,25,173573.50,6942.94,0.00,101.83,false
2024-03-26,Фен,Красота,34,154504.84,4544.26,0.00,102.72,false
2024-03-27,Робот-пылесос,Электроника,48,1118225.76,27407.49,15.00,163.76,true
2024-03-27,Электрический чайник,Кухня,80,299220.80,3740.26,0.00,170.88,false
2024-03-27,Кофеварка,Кухня,45,342430.20,8696.63,12.50,132.93,false
2024-03-27,Увлажнитель воздуха,Дом и быт,33,197925.75,6313.42,5.00,136.51,false
2024-03-27,Набор посуды,Дом и быт,29,207860.69,7167.61,0.00,97.64,false
2024-03-27,Фен,Красота,42,179159.40,4265.70,0.00,116.37,false
2024-03-28,Робот-пылесос,Электроника,42,974695.68,25225.04,8.00,167.56,false
2024-03-28,Электрический чайник,Кухня,82,276699.16,3374.38,0.00,190.07,false
2024-03-28,Кофеварка,Кухня,31,301501.04,9725.84,0.00,127.77,false
2024-03-28,Увлажнитель воздуха,Дом и быт,37,216898.44,5862.12,0.00,140.63,false
2024-03-28,Набор посуды,Дом и быт,24,167014.80,6958.95,0.00,109.91,false
2024-03-28,Фен,Красота,27,126953.19,4701.97,0.00,94.61,false
2024-03-29,Робот-пылесос,Электроника,36,932672.88,25907.58,0.00,152.29,false
2024-03-29,Электрический чайник,Кухня,61,201956.36,3310.76,0.00,176.46,false
2024-03-29,Кофеварка,Кухня,49,361549.93,8198.41,10.00,132.08,true
2024-03-29,Увлажнитель воздуха,Дом и быт,37,202868.41,5482.93,0.00,127.26,false
2024-03-29,Набор посуды,Дом и быт,36,229472.28,6709.72,5.00,112.89,false
2024-03-29,Фен,Красота,45,200198.25,4448.85,0.00,80.95,false
2024-03-30,Робот-пылесос,Электроника,30,859975.50,28665.85,0.00,152.32,false
2024-03-30,Электрический чайник,Кухня,71,226418.29,3188.99,0.00,170.50,true
2024-03-30,Кофеварка,Кухня,26,231668.84,8910.34,0.00,145.21,false
2024-03-30,Увлажнитель воздуха,Дом и быт,44,266015.20,6045.80,0.00,133.71,false
2024-03-30,Набор посуды,Дом и быт,33,193003.14,6498.42,10.00,106.80,false
2024-03-30,Фен,Красота,58,225521.98,4092.96,5.00,109.41,false
2024-03-31,Робот-пылесос,Электроника,45,990212.40,24449.69,10.00,171.64,false
2024-03-31,Электрический чайник,Кухня,78,249452.58,3553.46,10.00,185.04,false
2024-03-31,Кофеварка,Кухня,35,308445.55,9276.56,5.00,123.39,false
2024-03-31,Увлажнитель воздуха,Дом и быт,59,358040.32,6068.48,0.00,103.35,false
2024-03-31,Набор посуды,Дом и быт,44,280860.36,6938.25,8.00,91.22,false
2024-03-31,Фен,Красота,59,225345.78,4365.05,12.50,104.32,false
2024-04-01,Робот-пылесос,Электроника,35,931107.45,26603.07,0.00,151.82,false
2024-04-01,Электрический чайник,Кухня,84,292982.76,3671.46,5.00,172.11,false
2024-04-01,Кофеварка,Кухня,40,347908.00,8697.70,0.00,126.14,false
2024-04-01,Увлажнитель воздуха,Дом и быт,48,286375.20,5966.15,0.00,111.45,false
2024-04-01,Набор посуды,Дом и быт,36,225469.08,6263.03,0.00,100.59,false
2024-04-01,Фен,Красота,46,201500.70,4380.45,0.00,108.16,false
2024-04-02,Робот-пылесос,Электроника,35,890440.95,25441.17,0.00,152.61,false
2024-04-02,Электрический чайник,Кухня,78,260582.40,3340.80,0.00,177.76,false
2024-04-02,Кофеварка,Кухня,44,382156.28,9440.62,8.00,121.38,false
2024-04-02,Увлажнитель воздуха,Дом и быт,46,260721.10,5667.85,0.00,117.22,false
2024-04-02,Набор посуды,Дом и быт,29,196860.41,6788.29,0.00,103.17,false
2024-04-02,Фен,Красота,41,172243.87,4201.07,0.00,103.73,false
2024-04-03,Робот-пылесос,Электроника,34,840354.88,24716.32,0.00,154.03,false
2024-04-03,Электрический чайник,Кухня,64,232791.68,3637.37,0.00,160.20,false
2024-04-03,Кофеварка,Кухня,33,275604.12,8351.64,0.00,139.54,false
2024-04-03,Увлажнитель воздуха,Дом и быт,40,232078.80,5801.97,0.00,114.15,false
2024-04-03,Набор посуды,Дом и быт,32,189760.96,6242.14,5.00,81.85,false
2024-04-03,Фен,Красота,41,173415.65,4229.65,0.00,81.62,false
2024-04-04,Робот-пылесос,Электроника,48,1273486.56,26530.97,0.00,151.75,true
2024-04-04,Электрический чайник,Кухня,71,220188.04,3370.92,8.00,200.57,false
2024-04-04,Кофеварка,Кухня,29,252942.64,8722.16,0.00,141.61,false
2024-04-04,Увлажнитель воздуха,Дом и быт,30,171810.00,5727.00,0.00,137.01,false
2024-04-04,Набор посуды,Дом и быт,27,187537.41,6945.83,0.00,79.12,false
2024-04-04,Фен,Красота,38,176464.78,4643.81,0.00,93.86,false
2024-04-05,Робот-пылесос,Электроника,32,874685.44,27333.92,0.00,164.90,false
2024-04-05,Электрический чайник,Кухня,49,174930.49,3570.01,0.00,198.55,false
2024-04-05,Кофеварка,Кухня,30,276096.30,9203.21,0.00,145.65,false
2024-04-05,Увлажнитель воздуха,Дом и быт,31,196715.77,6345.67,0.00,121.13,false
2024-04-05,Набор посуды,Дом и быт,27,177771.24,6584.12,0.00,86.25,false
2024-04-05,Фен,Красота,52,184095.60,4425.38,20.00,90.33,false
2024-04-06,Робот-пылесос,Электроника,24,652489.44,27187.06,0.00,152.79,false
2024-04-06,Электрический чайник,Кухня,69,238015.50,3449.50,0.00,175.21,false
2024-04-06,Кофеварка,Кухня,37,327794.84,8859.32,0.00,132.06,false
2024-04-06,Увлажнитель воздуха,Дом и быт,46,275848.66,5996.71,0.00,123.56,false
2024-04-06,Набор посуды,Дом и быт,42,276822.84,6591.02,0.00,104.57,false
2024-04-06,Фен,Красота,42,184695.42,4397.51,0.00,86.77,false
2024-04-07,Робот-пылесос,Электроника,34,877960.24,25822.36,0.00,151.22,false
2024-04-07,Электрический чайник,Кухня,70,255844.40,3654.92,0.00,212.89,false
2024-04-07,Кофеварка,Кухня,35,322597.45,9217.07,0.00,133.72,false
2024-04-07,Увлажнитель воздуха,Дом и быт,63,353545.92,5611.84,0.00,110.87,false
2024-04-07,Набор посуды,Дом и быт,42,254883.30,6388.05,5.00,90.23,false
2024-04-07,Фен,Красота,47,209099.71,4448.93,0.00,94.02,false
2024-04-08,Робот-пылесос,Электроника,27,717006.33,27953.46,5.00,167.28,false
2024-04-08,Электрический чайник,Кухня,78,230621.82,3213.79,8.00,179.60,false
2024-04-08,Кофеварка,Кухня,41,381997.82,9317.02,0.00,136.75,false
2024-04-08,Увлажнитель воздуха,Дом и быт,52,307267.48,5908.99,0.00,110.16,true
2024-04-08,Набор посуды,Дом и быт,33,220305.36,6675.92,0.00,86.11,false
2024-04-08,Фен,Красота,40,167246.00,4544.73,8.00,117.83,false
2024-04-09,Робот-пылесос,Электроника,40,1061571.60,26539.29,0.00,164.67,false
2024-04-09,Электрический чайник,Кухня,92,301310.12,3275.11,0.00,169.16,false
2024-04-09,Кофеварка,Кухня,30,273669.30,9122.31,0.00,143.96,false
2024-04-09,Увлажнитель воздуха,Дом и быт,40,203943.60,5541.94,8.00,130.19,false
2024-04-09,Набор посуды,Дом и быт,34,216257.34,6360.51,0.00,86.88,false
2024-04-09,Фен,Красота,35,151358.55,4324.53,0.00,121.43,false
2024-04-10,Робот-пылесос,Электроника,33,837395.79,25375.63,0.00,156.35,false
2024-04-10,Электрический чайник,Кухня,90,288210.60,3370.89,5.00,176.90,false
2024-04-10,Кофеварка,Кухня,52,489297.12,9409.56,0.00,122.46,true
2024-04-10,Увлажнитель воздуха,Дом и быт,37,210936.26,5700.98,0.00,122.73,false
2024-04-10,Набор посуды,Дом и быт,29,200549.21,6915.49,0.00,97.77,false
2024-04-10,Фен,Красота,29,132417.48,4566.12,0.00,98.65,false
2024-04-11,Робот-пылесос,Электроника,36,954345.60,26509.60,0.00,168.13,false
2024-04-11,Электрический чайник,Кухня,56,186612.72,3702.63,10.00,167.61,false
2024-04-11,Кофеварка,Кухня,32,282298.88,8821.84,0.00,128.27,false
2024-04-11,Увлажнитель воздуха,Дом и быт,33,196715.64,6479.44,8.00,100.54,false
2024-04-11,Набор посуды,Дом и быт,31,198206.87,7104.19,10.00,104.09,false
2024-04-11,Фен,Красота,49,217581.56,4440.44,0.00,127.00,false
2024-04-12,Робот-пылесос,Электроника,38,898411.58,27019.90,12.50,169.93,true
2024-04-12,Электрический чайник,Кухня,62,206317.40,3502.84,5.00,165.09,false
2024-04-12,Кофеварка,Кухня,33,326523.78,9894.66,0.00,130.38,false
2024-04-12,Увлажнитель воздуха,Дом и быт,25,159592.00,6383.68,0.00,117.22,true
2024-04-12,Набор посуды,Дом и быт,46,264522.54,7188.11,20.00,102.80,false
2024-04-12,Фен,Красота,76,293358.48,4288.86,10.00,100.43,true
2024-04-13,Робот-пылесос,Электроника,37,898786.24,24291.52,0.00,151.71,true
2024-04-13,Электрический чайник,Кухня,76,259473.12,3414.12,0.00,207.33,true
2024-04-13,Кофеварка,Кухня,30,279744.30,9324.81,0.00,116.86,false
2024-04-13,Увлажнитель воздуха,Дом и быт,44,257844.40,5860.10,0.00,132.15,false
2024-04-13,Набор посуды,Дом и быт,38,252217.78,6637.31,0.00,97.32,false
2024-04-13,Фен,Красота,48,178258.08,4244.24,12.50,100.76,true
2024-04-14,Робот-пылесос,Электроника,29,726882.68,25064.92,0.00,160.42,false
2024-04-14,Электрический чайник,Кухня,62,229129.68,3695.64,0.00,185.48,false
2024-04-14,Кофеварка,Кухня,47,405114.62,8619.46,0.00,138.77,true
2024-04-14,Увлажнитель воздуха,Дом и быт,46,268824.46,5844.01,0.00,125.98,false
2024-04-14,Набор посуды,Дом и быт,28,183089.48,6538.91,0.00,87.47,false
2024-04-14,Фен,Красота,45,190873.35,4241.63,0.00,116.29,false
2024-04-15,Робот-пылесос,Электроника,34,932712.14,27432.71,0.00,155.05,false
2024-04-15,Электрический чайник,Кухня,65,243798.75,3750.75,0.00,201.59,false
2024-04-15,Кофеварка,Кухня,47,404250.29,8601.07,0.00,117.47,true
2024-04-15,Увлажнитель воздуха,Дом и быт,48,285785.28,5953.86,0.00,132.27,true
2024-04-15,Набор посуды,Дом и быт,33,226121.94,6852.18,0.00,102.37,false
2024-04-15,Фен,Красота,42,191401.98,4557.19,0.00,120.05,false
2024-04-16,Робот-пылесос,Электроника,37,933113.73,25219.29,0.00,165.53,false
2024-04-16,Электрический чайник,Кухня,77,266254.45,3457.85,0.00,155.69,false
2024-04-16,Кофеварка,Кухня,48,332711.04,8664.35,20.00,140.56,false
2024-04-16,Увлажнитель воздуха,Дом и быт,56,267684.48,5975.10,20.00,105.38,false
2024-04-16,Набор посуды,Дом и быт,41,219709.57,6698.47,20.00,82.85,false
2024-04-16,Фен,Красота,40,173060.40,4326.51,0.00,122.33,false
2024-04-17,Робот-пылесос,Электроника,29,731623.89,26556.22,5.00,170.36,false
2024-04-17,Электрический чайник,Кухня,88,325431.04,3698.08,0.00,161.73,false
2024-04-17,Кофеварка,Кухня,40,350933.20,9748.14,10.00,135.49,true
2024-04-17,Увлажнитель воздуха,Дом и быт,30,187289.40,6242.98,0.00,112.49,false
2024-04-17,Набор посуды,Дом и быт,29,197743.75,6818.75,0.00,103.18,false
2024-04-17,Фен,Красота,31,143645.94,4633.74,0.00,117.13,false
2024-04-18,Робот-пылесос,Электроника,40,986096.40,27391.56,10.00,160.64,false
2024-04-18,Электрический чайник,Кухня,72,231141.60,3210.30,0.00,205.13,false
2024-04-18,Кофеварка,Кухня,21,208045.74,9906.94,0.00,111.31,false
2024-04-18,Увлажнитель воздуха,Дом и быт,33,193720.23,5870.31,0.00,94.64,true
2024-04-18,Набор посуды,Дом и быт,30,202395.30,6746.51,0.00,88.32,false
2024-04-18,Фен,Красота,65,224049.80,4055.20,15.00,91.60,true
2024-04-19,Робот-пылесос,Электроника,37,941559.72,29082.93,12.50,156.43,false
2024-04-19,Электрический чайник,Кухня,84,228985.68,3407.53,20.00,185.93,false
2024-04-19,Кофеварка,Кухня,30,264450.60,8815.02,0.00,133.65,false
2024-04-19,Увлажнитель воздуха,Дом и быт,28,154725.20,5816.74,5.00,95.82,false
2024-04-19,Набор посуды,Дом и быт,29,205093.80,7072.20,0.00,90.48,false
2024-04-19,Фен,Красота,47,185182.35,4282.66,8.00,85.91,false
2024-04-20,Робот-пылесос,Электроника,30,790125.60,26337.52,0.00,163.39,false
2024-04-20,Электрический чайник,Кухня,49,173973.52,3550.48,0.00,159.00,false
2024-04-20,Кофеварка,Кухня,32,287418.56,8981.83,0.00,111.27,false
2024-04-20,Увлажнитель воздуха,Дом и быт,46,285754.30,6212.05,0.00,105.36,false
2024-04-20,Набор посуды,Дом и быт,27,168433.83,6238.29,0.00,73.48,false
2024-04-20,Фен,Красота,51,221143.65,4336.15,0.00,116.46,false
2024-04-21,Робот-пылесос,Электроника,30,826397.70,27546.59,0.00,159.98,false
2024-04-21,Электрический чайник,Кухня,71,236218.42,3696.69,10.00,177.09,false
2024-04-21,Кофеварка,Кухня,41,339027.77,9450.25,12.50,129.85,false
2024-04-21,Увлажнитель воздуха,Дом и быт,44,285481.24,6488.21,0.00,118.96,false
2024-04-21,Набор посуды,Дом и быт,39,269944.35,6921.65,0.00,89.20,false
2024-04-21,Фен,Красота,56,229915.28,4105.63,0.00,122.27,false
2024-04-22,Робот-пылесос,Электроника,42,1053816.96,27878.75,10.00,155.96,true
2024-04-22,Электрический чайник,Кухня,95,334550.10,3521.58,0.00,195.75,true
2024-04-22,Кофеварка,Кухня,43,377446.26,9239.81,5.00,129.94,false
2024-04-22,Увлажнитель воздуха,Дом и быт,44,242264.44,5506.01,0.00,128.35,false
2024-04-22,Набор посуды,Дом и быт,41,269628.30,6576.30,0.00,99.80,true
2024-04-22,Фен,Красота,39,159304.08,4084.72,0.00,113.33,false
2024-04-23,Робот-пылесос,Электроника,28,816709.88,29168.21,0.00,165.87,false
2024-04-23,Электрический чайник,Кухня,81,270011.88,3809.69,12.50,151.45,false
2024-04-23,Кофеварка,Кухня,29,260924.02,8997.38,0.00,116.17,false
2024-04-23,Увлажнитель воздуха,Дом и быт,44,260131.08,5912.07,0.00,94.46,false
2024-04-23,Набор посуды,Дом и быт,35,215376.70,6837.35,10.00,80.79,false
2024-04-23,Фен,Красота,45,182074.50,4046.10,0.00,97.82,true
2024-04-24,Робот-пылесос,Электроника,32,846569.28,26455.29,0.00,164.83,false
2024-04-24,Электрический чайник,Кухня,71,251237.76,3538.56,0.00,188.80,false
2024-04-24,Кофеварка,Кухня,46,376933.66,8906.75,8.00,113.07,true
2024-04-24,Увлажнитель воздуха,Дом и быт,62,303955.00,5602.86,12.50,123.75,true
2024-04-24,Набор посуды,Дом и быт,29,153101.73,6599.21,20.00,91.98,false
2024-04-24,Фен,Красота,33,139591.32,4230.04,0.00,123.97,false
2024-04-25,Робот-пылесос,Электроника,36,914174.64,28215.27,10.00,152.18,false
2024-04-25,Электрический чайник,Кухня,60,216453.60,3607.56,0.00,188.84,false
2024-04-25,Кофеварка,Кухня,32,280816.32,9237.38,5.00,133.63,false
2024-04-25,Увлажнитель воздуха,Дом и быт,22,137156.36,6234.38,0.00,108.68,false
2024-04-25,Набор посуды,Дом и быт,28,178775.24,6384.83,0.00,98.80,false
2024-04-25,Фен,Красота,53,198650.89,4164.59,10.00,129.10,false
2024-04-26,Робот-пылесос,Электроника,30,770870.10,25695.67,0.00,164.09,true
2024-04-26,Электрический чайник,Кухня,62,220481.92,3556.16,0.00,193.62,false
2024-04-26,Кофеварка,Кухня,27,229141.71,8486.73,0.00,124.33,false
2024-04-26,Увлажнитель воздуха,Дом и быт,34,219985.10,6470.15,0.00,88.63,false
2024-04-26,Набор посуды,Дом и быт,36,223826.04,7105.59,12.50,78.26,false
2024-04-26,Фен,Красота,44,199409.76,4532.04,0.00,89.02,false
2024-04-27,Робот-пылесос,Электроника,29,822210.90,28352.10,0.00,159.99,false
2024-04-27,Электрический чайник,Кухня,68,222965.88,3278.91,0.00,200.47,false
2024-04-27,Кофеварка,Кухня,28,237927.48,8497.41,0.00,123.27,false
2024-04-27,Увлажнитель воздуха,Дом и быт,56,300073.76,5953.85,10.00,88.93,false
2024-04-27,Набор посуды,Дом и быт,40,274969.60,6874.24,0.00,105.21,false
2024-04-27,Фен,Красота,52,238612.40,4588.70,0.00,127.85,false
2024-04-28,Робот-пылесос,Электроника,32,751032.32,25510.61,8.00,149.95,false
2024-04-28,Электрический чайник,Кухня,76,254647.88,3829.29,12.50,159.70,false
2024-04-28,Кофеварка,Кухня,32,310590.72,9705.96,0.00,112.44,false
2024-04-28,Увлажнитель воздуха,Дом и быт,45,254590.20,5657.56,0.00,95.14,false
2024-04-28,Набор посуды,Дом и быт,38,248247.92,6532.84,0.00,101.76,false
2024-04-28,Фен,Красота,50,228095.00,4561.90,0.00,115.29,false
2024-04-29,Робот-пылесос,Электроника,35,883950.20,25255.72,0.00,166.99,false
2024-04-29,Электрический чайник,Кухня,60,200980.20,3349.67,0.00,169.32,false
2024-04-29,Кофеварка,Кухня,42,398542.20,9489.10,0.00,121.71,true
2024-04-29,Увлажнитель воздуха,Дом и быт,42,232939.56,5838.09,5.00,85.95,false
2024-04-29,Набор посуды,Дом и быт,41,234705.32,6222.30,8.00,82.79,false
2024-04-29,Фен,Красота,55,194486.05,4041.27,12.50,126.24,false
2024-04-30,Робот-пылесос,Электроника,27,706043.25,26149.75,0.00,158.94,false
2024-04-30,Электрический чайник,Кухня,79,272879.43,3454.17,0.00,150.45,false
2024-04-30,Кофеварка,Кухня,38,351766.00,9257.00,0.00,109.36,false
2024-04-30,Увлажнитель воздуха,Дом и быт,39,243622.47,6246.73,0.00,110.98,true
2024-04-30,Набор посуды,Дом и быт,28,171178.56,6113.52,0.00,98.90,false
2024-04-30,Фен,Красота,34,160232.82,4712.73,0.00,99.97,false
2024-05-01,Робот-пылесос,Электроника,32,864215.36,27006.73,0.00,166.11,false
2024-05-01,Электрический чайник,Кухня,67,259901.04,3879.12,0.00,170.43,true
2024-05-01,Кофеварка,Кухня,34,290277.38,8986.92,5.00,104.77,false
2024-05-01,Увлажнитель воздуха,Дом и быт,33,205245.15,6219.55,0.00,100.87,false
2024-05-01,Набор посуды,Дом и быт,22,156962.30,7134.65,0.00,104.08,false
2024-05-01,Фен,Красота,60,205855.20,4036.38,15.00,123.24,true
2024-05-02,Робот-пылесос,Электроника,30,843784.50,28126.15,0.00,148.14,false
2024-05-02,Электрический чайник,Кухня,64,213867.52,3517.56,5.00,150.81,false
2024-05-02,Кофеварка,Кухня,30,276224.70,9207.49,0.00,122.12,false
2024-05-02,Увлажнитель воздуха,Дом и быт,28,157970.96,5641.82,0.00,123.96,false
2024-05-02,Набор посуды,Дом и быт,27,183731.22,6804.86,0.00,97.00,false
2024-05-02,Фен,Красота,40,159760.40,3994.01,0.00,90.13,false
2024-05-03,Робот-пылесос,Электроника,31,709198.47,26914.55,15.00,153.09,false
2024-05-03,Электрический чайник,Кухня,56,195602.96,3492.91,0.00,192.03,false
2024-05-03,Кофеварка,Кухня,29,266300.04,9182.76,0.00,120.08,false
2024-05-03,Увлажнитель воздуха,Дом и быт,28,177153.20,6326.90,0.00,96.31,false
2024-05-03,Набор посуды,Дом и быт,31,205563.79,6631.09,0.00,93.38,false
2024-05-03,Фен,Красота,46,201969.90,4621.74,5.00,105.05,false
2024-05-04,Робот-пылесос,Электроника,35,878733.10,28693.32,12.50,142.02,false
2024-05-04,Электрический чайник,Кухня,64,210184.32,3284.13,0.00,168.03,false
2024-05-04,Кофеварка,Кухня,30,268831.20,8961.04,0.00,123.75,false
2024-05-04,Увлажнитель воздуха,Дом и быт,39,245831.82,6303.38,0.00,106.25,false
2024-05-04,Набор посуды,Дом и быт,37,228731.41,6181.93,0.00,86.50,false
2024-05-04,Фен,Красота,52,203691.80,4123.31,5.00,135.39,false
2024-05-05,Робот-пылесос,Электроника,25,662728.75,26509.15,0.00,143.64,false
2024-05-05,Электрический чайник,Кухня,71,267741.71,3771.01,0.00,151.88,false
2024-05-05,Кофеварка,Кухня,44,349637.64,9081.50,12.50,106.95,true
2024-05-05,Увлажнитель воздуха,Дом и быт,46,262971.88,5716.78,0.00,104.72,false
2024-05-05,Набор посуды,Дом и быт,48,295298.88,6152.06,0.00,89.25,false
2024-05-05,Фен,Красота,47,213621.58,4545.14,0.00,125.86,false
2024-05-06,Робот-пылесос,Электроника,39,870464.40,27899.50,20.00,154.24,false
2024-05-06,Электрический чайник,Кухня,88,261028.24,3389.98,12.50,163.78,true
2024-05-06,Кофеварка,Кухня,31,304910.42,9835.82,0.00,106.12,false
2024-05-06,Увлажнитель воздуха,Дом и быт,41,243389.53,5936.33,0.00,98.32,false
2024-05-06,Набор посуды,Дом и быт,35,247118.20,7060.52,0.00,98.95,true
2024-05-06,Фен,Красота,34,147926.52,4350.78,0.00,120.41,false
2024-05-07,Робот-пылесос,Электроника,31,791665.60,25537.60,0.00,143.43,false
2024-05-07,Электрический чайник,Кухня,80,283465.60,3543.32,0.00,174.87,false
2024-05-07,Кофеварка,Кухня,23,228425.19,9931.53,0.00,106.35,false
2024-05-07,Увлажнитель воздуха,Дом и быт,43,218004.41,5964.55,15.00,82.29,false
2024-05-07,Набор посуды,Дом и быт,29,185851.14,6408.66,0.00,88.34,false
2024-05-07,Фен,Красота,39,175653.27,4503.93,0.00,138.24,false
2024-05-08,Робот-пылесос,Электроника,33,892653.30,27050.10,0.00,162.09,false
2024-05-08,Электрический чайник,Кухня,89,265266.28,3506.50,15.00,179.86,false
2024-05-08,Кофеварка,Кухня,33,280972.56,8514.32,0.00,115.43,false
2024-05-08,Увлажнитель воздуха,Дом и быт,39,194248.08,5534.13,10.00,114.01,false
2024-05-08,Набор посуды,Дом и быт,22,156145.66,7097.53,0.00,90.51,false
2024-05-08,Фен,Красота,45,181237.95,4027.51,0.00,103.29,false
2024-05-09,Робот-пылесос,Электроника,31,875180.53,28231.63,0.00,151.20,false
2024-05-09,Электрический чайник,Кухня,72,273260.88,3795.29,0.00,158.19,false
2024-05-09,Кофеварка,Кухня,29,275888.60,9513.40,0.00,117.74,false
2024-05-09,Увлажнитель воздуха,Дом и быт,29,166808.29,5752.01,0.00,100.17,false
2024-05-09,Набор посуды,Дом и быт,24,160410.00,6683.75,0.00,86.51,false
2024-05-09,Фен,Красота,70,254741.20,4548.95,20.00,98.24,false
2024-05-10,Робот-пылесос,Электроника,30,830223.60,27674.12,0.00,155.82,false
2024-05-10,Электрический чайник,Кухня,52,172401.84,3315.42,0.00,155.07,false
2024-05-10,Кофеварка,Кухня,33,301983.66,9151.02,0.00,114.23,true
2024-05-10,Увлажнитель воздуха,Дом и быт,40,204099.20,6378.09,20.00,117.80,false
2024-05-10,Набор посуды,Дом и быт,33,185502.24,6613.27,15.00,101.86,false
2024-05-10,Фен,Красота,66,301985.64,4575.54,0.00,112.88,true
2024-05-11,Робот-пылесос,Электроника,28,707030.24,25251.08,0.00,146.17,false
2024-05-11,Электрический чайник,Кухня,50,166621.00,3332.42,0.00,156.09,false
2024-05-11,Кофеварка,Кухня,22,219981.08,9999.14,0.00,111.06,false
2024-05-11,Увлажнитель воздуха,Дом и быт,53,253059.63,5456.81,12.50,98.49,true
2024-05-11,Набор посуды,Дом и быт,41,245754.82,5994.02,0.00,72.43,false
2024-05-11,Фен,Красота,52,235047.80,4520.15,0.00,119.06,false
2024-05-12,Робот-пылесос,Электроника,33,864173.64,26187.08,0.00,146.24,false
2024-05-12,Электрический чайник,Кухня,60,232051.20,3867.52,0.00,137.80,false
2024-05-12,Кофеварка,Кухня,30,259902.00,8663.40,0.00,104.43,false
2024-05-12,Увлажнитель воздуха,Дом и быт,63,398480.67,6325.09,0.00,98.25,true
2024-05-12,Набор посуды,Дом и быт,40,274828.80,6870.72,0.00,99.40,false
2024-05-12,Фен,Красота,69,256680.00,4376.47,15.00,135.09,false
2024-05-13,Робот-пылесос,Электроника,32,860595.20,26893.60,0.00,141.72,false
2024-05-13,Электрический чайник,Кухня,59,211472.52,3584.28,0.00,187.21,false
2024-05-13,Кофеварка,Кухня,30,274705.50,9156.85,0.00,101.40,false
2024-05-13,Увлажнитель воздуха,Дом и быт,43,254941.84,5928.88,0.00,117.61,false
2024-05-13,Набор посуды,Дом и быт,32,218244.80,6820.15,0.00,80.73,false
2024-05-13,Фен,Красота,50,221052.00,4421.04,0.00,99.28,false
2024-05-14,Робот-пылесос,Электроника,32,814019.20,25438.10,0.00,159.76,false
2024-05-14,Электрический чайник,Кухня,73,242335.18,3319.66,0.00,181.61,false
2024-05-14,Кофеварка,Кухня,34,309946.04,9116.06,0.00,118.17,false
2024-05-14,Увлажнитель воздуха,Дом и быт,44,230179.84,5686.26,8.00,110.04,false
2024-05-14,Набор посуды,Дом и быт,30,193815.90,7022.32,8.00,78.10,false
2024-05-14,Фен,Красота,46,183965.50,3999.25,0.00,128.53,false
2024-05-15,Робот-пылесос,Электроника,45,1085436.90,28377.43,15.00,151.61,false
2024-05-15,Электрический чайник,Кухня,65,220695.80,3395.32,0.00,158.02,false
2024-05-15,Кофеварка,Кухня,26,220870.52,8495.02,0.00,100.12,false
2024-05-15,Увлажнитель воздуха,Дом и быт,57,271093.14,5945.02,20.00,85.05,true
2024-05-15,Набор посуды,Дом и быт,30,182514.60,6083.82,0.00,74.63,false
2024-05-15,Фен,Красота,47,204469.74,4350.42,0.00,109.46,false
2024-05-16,Робот-пылесос,Электроника,28,754440.96,26944.32,0.00,151.77,false
2024-05-16,Электрический чайник,Кухня,77,259295.19,3367.47,0.00,163.46,false
2024-05-16,Кофеварка,Кухня,31,263294.78,8493.38,0.00,96.05,false
2024-05-16,Увлажнитель воздуха,Дом и быт,39,194373.27,5695.92,12.50,112.55,false
2024-05-16,Набор посуды,Дом и быт,29,174247.66,6008.54,0.00,80.70,false
2024-05-16,Фен,Красота,42,175809.48,4185.94,0.00,95.56,false
2024-05-17,Робот-пылесос,Электроника,28,727720.84,25990.03,0.00,156.05,false
2024-05-17,Электрический чайник,Кухня,54,193898.34,3590.71,0.00,162.99,false
2024-05-17,Кофеварка,Кухня,24,214021.68,8917.57,0.00,112.40,false
2024-05-17,Увлажнитель воздуха,Дом и быт,47,223202.53,5936.24,20.00,87.55,false
2024-05-17,Набор посуды,Дом и быт,28,173669.16,6202.47,0.00,103.77,false
2024-05-17,Фен,Красота,54,237692.34,4401.71,0.00,138.31,false
2024-05-18,Робот-пылесос,Электроника,25,670233.50,26809.34,0.00,157.42,false
2024-05-18,Электрический чайник,Кухня,67,222783.71,3325.13,0.00,155.78,false
2024-05-18,Кофеварка,Кухня,20,179436.80,8971.84,0.00,112.67,false
2024-05-18,Увлажнитель воздуха,Дом и быт,37,235893.50,6375.50,0.00,87.98,false
2024-05-18,Набор посуды,Дом и быт,41,285816.33,6971.13,0.00,84.17,false
2024-05-18,Фен,Красота,49,204708.77,4177.73,0.00,109.71,false
2024-05-19,Робот-пылесос,Электроника,29,802009.21,27655.49,0.00,153.09,false
2024-05-19,Электрический чайник,Кухня,82,246655.18,3437.71,12.50,175.67,false
2024-05-19,Кофеварка,Кухня,39,310884.99,9110.18,12.50,92.57,false
2024-05-19,Увлажнитель воздуха,Дом и быт,45,256823.55,5707.19,0.00,82.48,false
2024-05-19,Набор посуды,Дом и быт,35,239193.85,6834.11,0.00,106.85,false
2024-05-19,Фен,Красота,73,255816.09,4122.75,15.00,143.33,false
2024-05-20,Робот-пылесос,Электроника,31,799004.85,25774.35,0.00,143.13,false
2024-05-20,Электрический чайник,Кухня,71,239647.72,3552.97,5.00,151.34,false
2024-05-20,Кофеварка,Кухня,45,391870.80,9675.82,10.00,98.16,false
2024-05-20,Увлажнитель воздуха,Дом и быт,39,242733.27,6223.93,0.00,106.01,false
2024-05-20,Набор посуды,Дом и быт,37,219988.68,5945.64,0.00,94.90,false
2024-05-20,Фен,Красота,39,165675.90,4248.10,0.00,143.02,false
2024-05-21,Робот-пылесос,Электроника,28,737698.92,26346.39,0.00,147.20,false
2024-05-21,Электрический чайник,Кухня,90,278962.20,3443.98,10.00,133.91,false
2024-05-21,Кофеварка,Кухня,33,300583.14,9108.58,0.00,90.27,false
2024-05-21,Увлажнитель воздуха,Дом и быт,55,320200.10,5821.82,0.00,104.57,true
2024-05-21,Набор посуды,Дом и быт,31,202611.35,6535.85,0.00,100.35,false
2024-05-21,Фен,Красота,38,173281.90,4560.05,0.00,129.56,false
2024-05-22,Робот-пылесос,Электроника,48,1184876.16,29041.08,15.00,134.77,true
2024-05-22,Электрический чайник,Кухня,69,232627.29,3371.41,0.00,179.24,false
2024-05-22,Кофеварка,Кухня,44,362538.88,9155.03,10.00,115.36,true
2024-05-22,Увлажнитель воздуха,Дом и быт,36,205079.04,5696.64,0.00,79.65,false
2024-05-22,Набор посуды,Дом и быт,39,219474.45,7034.44,20.00,102.29,false
2024-05-22,Фен,Красота,38,172430.70,4537.65,0.00,113.23,false
2024-05-23,Робот-пылесос,Электроника,51,1219606.86,29892.32,20.00,133.78,true
2024-05-23,Электрический чайник,Кухня,97,295174.88,3803.80,20.00,161.30,false
2024-05-23,Кофеварка,Кухня,34,264130.70,8878.35,12.50,94.04,false
2024-05-23,Увлажнитель воздуха,Дом и быт,35,192344.25,5495.55,0.00,89.32,false
2024-05-23,Набор посуды,Дом и быт,40,237983.60,5949.59,0.00,93.66,false
2024-05-23,Фен,Красота,68,214785.48,3948.26,20.00,139.71,false
2024-05-24,Робот-пылесос,Электроника,30,747707.40,28484.09,12.50,151.85,false
2024-05-24,Электрический чайник,Кухня,45,166625.55,3702.79,0.00,156.71,false
2024-05-24,Кофеварка,Кухня,29,228991.54,9870.33,20.00,106.93,false
2024-05-24,Увлажнитель воздуха,Дом и быт,50,250619.00,6265.47,20.00,112.36,true
2024-05-24,Набор посуды,Дом и быт,30,180678.90,6022.63,0.00,101.18,false
2024-05-24,Фен,Красота,59,231786.22,4489.81,12.50,140.19,false
2024-05-25,Робот-пылесос,Электроника,21,586011.51,27905.31,0.00,145.74,false
2024-05-25,Электрический чайник,Кухня,76,225698.72,3712.15,20.00,138.76,false
2024-05-25,Кофеварка,Кухня,23,208909.00,9561.06,5.00,103.88,false
2024-05-25,Увлажнитель воздуха,Дом и быт,44,250689.56,5697.49,0.00,113.19,false
2024-05-25,Набор посуды,Дом и быт,39,237444.09,6088.31,0.00,106.26,false
2024-05-25,Фен,Красота,67,303659.41,4532.23,0.00,102.41,false
2024-05-26,Робот-пылесос,Электроника,30,742330.50,26896.03,8.00,150.47,false
2024-05-26,Электрический чайник,Кухня,70,263196.50,3759.95,0.00,174.06,false
2024-05-26,Кофеварка,Кухня,31,272834.41,8801.11,0.00,110.93,false
2024-05-26,Увлажнитель воздуха,Дом и быт,56,316543.92,5950.07,5.00,101.72,false
2024-05-26,Набор посуды,Дом и быт,39,246816.96,6328.64,0.00,109.57,false
2024-05-26,Фен,Красота,65,276485.30,4253.62,0.00,138.06,false
2024-05-27,Робот-пылесос,Электроника,25,756601.00,30264.04,0.00,146.98,false
2024-05-27,Электрический чайник,Кухня,76,283811.36,3734.36,0.00,128.26,true
2024-05-27,Кофеварка,Кухня,29,253416.50,8738.50,0.00,107.80,false
2024-05-27,Увлажнитель воздуха,Дом и быт,45,223490.25,5675.94,12.50,86.08,false
2024-05-27,Набор посуды,Дом и быт,52,284685.96,6083.04,10.00,97.52,true
2024-05-27,Фен,Красота,72,242603.28,4211.86,20.00,141.60,false
2024-05-28,Робот-пылесос,Электроника,31,895702.84,28893.64,0.00,131.29,false
2024-05-28,Электрический чайник,Кухня,69,224995.20,3544.35,8.00,173.12,false
2024-05-28,Кофеварка,Кухня,45,327924.45,9109.02,20.00,105.34,false
2024-05-28,Увлажнитель воздуха,Дом и быт,32,192124.16,6003.88,0.00,111.87,false
2024-05-28,Набор посуды,Дом и быт,20,127046.80,6352.34,0.00,88.84,false
2024-05-28,Фен,Красота,48,208689.12,4347.69,0.00,130.65,false
2024-05-29,Робот-пылесос,Электроника,34,880720.70,25903.55,0.00,141.17,false
2024-05-29,Электрический чайник,Кухня,89,298874.46,3358.14,0.00,159.65,true
2024-05-29,Кофеварка,Кухня,43,373979.17,8697.19,0.00,82.94,true
2024-05-29,Увлажнитель воздуха,Дом и быт,34,206104.60,6061.90,0.00,76.61,true
2024-05-29,Набор посуды,Дом и быт,30,197239.80,6574.66,0.00,85.72,false
2024-05-29,Фен,Красота,41,168853.99,4476.51,8.00,110.52,false
2024-05-30,Робот-пылесос,Электроника,41,1076083.54,26245.94,0.00,128.66,true
2024-05-30,Электрический чайник,Кухня,46,171024.32,3717.92,0.00,159.50,false
2024-05-30,Кофеварка,Кухня,23,223164.86,9702.82,0.00,106.86,false
2024-05-30,Увлажнитель воздуха,Дом и быт,25,150775.75,6031.03,0.00,107.72,false
2024-05-30,Набор посуды,Дом и быт,30,207481.80,6916.06,0.00,99.57,false
2024-05-30,Фен,Красота,52,205410.92,3950.21,0.00,125.78,false
2024-05-31,Робот-пылесос,Электроника,23,687418.02,29887.74,0.00,140.19,false
2024-05-31,Электрический чайник,Кухня,55,181202.45,3294.59,0.00,142.42,false
2024-05-31,Кофеварка,Кухня,29,248415.16,8566.04,0.00,92.66,false
2024-05-31,Увлажнитель воздуха,Дом и быт,44,245795.44,5586.26,0.00,96.98,false
2024-05-31,Набор посуды,Дом и быт,40,219936.00,5976.52,8.00,105.77,false
2024-05-31,Фен,Красота,56,236074.72,4215.62,0.00,151.66,false
2024-06-01,Робот-пылесос,Электроника,26,746744.18,28720.93,0.00,139.49,false
2024-06-01,Электрический чайник,Кухня,73,205573.84,3520.09,20.00,164.20,false
2024-06-01,Кофеварка,Кухня,33,273056.19,9456.49,12.50,87.27,false
2024-06-01,Увлажнитель воздуха,Дом и быт,44,265540.88,6035.02,0.00,86.92,false
2024-06-01,Набор посуды,Дом и быт,57,340290.57,5970.01,0.00,89.39,true
2024-06-01,Фен,Красота,64,290094.72,4532.73,0.00,136.25,true
2024-06-02,Робот-пылесос,Электроника,26,781468.74,30056.49,0.00,142.37,false
2024-06-02,Электрический чайник,Кухня,66,230905.62,3498.57,0.00,159.19,false
2024-06-02,Кофеварка,Кухня,21,196061.25,9336.25,0.00,87.93,false
2024-06-02,Увлажнитель воздуха,Дом и быт,32,200377.92,6261.81,0.00,85.37,false
2024-06-02,Набор посуды,Дом и быт,39,260227.50,6672.50,0.00,109.86,false
2024-06-02,Фен,Красота,74,301823.80,4078.70,0.00,142.47,false
2024-06-03,Робот-пылесос,Электроника,27,813825.36,30141.68,0.00,137.95,false
2024-06-03,Электрический чайник,Кухня,65,219544.00,3671.31,8.00,147.02,false
2024-06-03,Кофеварка,Кухня,25,208270.50,8330.82,0.00,95.07,false
2024-06-03,Увлажнитель воздуха,Дом и быт,40,239088.00,5977.20,0.00,85.54,false
2024-06-03,Набор посуды,Дом и быт,41,220850.19,5985.10,10.00,109.53,false
2024-06-03,Фен,Красота,57,251090.70,4405.10,0.00,131.69,false
2024-06-04,Робот-пылесос,Электроника,29,835237.99,28801.31,0.00,141.09,false
2024-06-04,Электрический чайник,Кухня,65,229442.85,3529.89,0.00,156.44,false
2024-06-04,Кофеварка,Кухня,44,380577.56,9401.62,8.00,98.05,false
2024-06-04,Увлажнитель воздуха,Дом и быт,35,210869.75,6024.85,0.00,112.27,false
2024-06-04,Набор посуды,Дом и быт,32,198962.56,6217.58,0.00,96.85,false
2024-06-04,Фен,Красота,44,179941.52,4445.19,8.00,120.22,false
2024-06-05,Робот-пылесос,Электроника,32,933165.12,29161.41,0.00,133.74,false
2024-06-05,Электрический чайник,Кухня,59,216081.60,3662.40,0.00,134.83,false
2024-06-05,Кофеварка,Кухня,28,250001.08,9705.01,8.00,82.79,false
2024-06-05,Увлажнитель воздуха,Дом и быт,44,257737.48,5857.67,0.00,95.94,true
2024-06-05,Набор посуды,Дом и быт,28,171801.00,6135.75,0.00,86.65,false
2024-06-05,Фен,Красота,54,240538.14,4454.41,0.00,136.31,false
2024-06-06,Робот-пылесос,Электроника,28,771152.76,27541.17,0.00,145.47,false
2024-06-06,Электрический чайник,Кухня,56,216279.28,3862.13,0.00,172.41,false
2024-06-06,Кофеварка,Кухня,23,227342.12,9884.44,0.00,79.03,false
2024-06-06,Увлажнитель воздуха,Дом и быт,26,160318.86,6166.11,0.00,98.40,false
2024-06-06,Набор посуды,Дом и быт,38,199378.02,5829.77,10.00,97.12,false
2024-06-06,Фен,Красота,59,236189.98,4003.22,0.00,110.49,true
2024-06-07,Робот-пылесос,Электроника,25,717566.25,28702.65,0.00,134.94,false
2024-06-07,Электрический чайник,Кухня,50,185662.50,3713.25,0.00,162.54,false
2024-06-07,Кофеварка,Кухня,25,235183.50,9407.34,0.00,96.64,false
2024-06-07,Увлажнитель воздуха,Дом и быт,30,169307.40,5643.58,0.00,95.63,false
2024-06-07,Набор посуды,Дом и быт,38,251810.80,6975.36,5.00,94.69,false
2024-06-07,Фен,Красота,61,251202.27,4118.07,0.00,138.93,false
2024-06-08,Робот-пылесос,Электроника,30,863790.60,28793.02,0.00,122.80,true
2024-06-08,Электрический чайник,Кухня,46,173180.34,3764.79,0.00,151.95,false
2024-06-08,Кофеварка,Кухня,25,238209.50,9528.38,0.00,88.55,false
2024-06-08,Увлажнитель воздуха,Дом и быт,51,274449.36,5381.36,0.00,89.24,false
2024-06-08,Набор посуды,Дом и быт,48,292525.92,6964.90,12.50,98.73,false
2024-06-08,Фен,Красота,68,288222.76,4238.57,0.00,133.58,false
2024-06-09,Робот-пылесос,Электроника,24,667883.76,27828.49,0.00,124.90,false
2024-06-09,Электрический чайник,Кухня,54,187446.96,3653.93,5.00,146.75,false
2024-06-09,Кофеварка,Кухня,28,240669.52,8595.34,0.00,98.30,false
2024-06-09,Увлажнитель воздуха,Дом и быт,46,252614.98,5780.66,5.00,93.19,false
2024-06-09,Набор посуды,Дом и быт,41,254501.76,6207.36,0.00,101.47,false
2024-06-09,Фен,Красота,64,246989.44,3859.21,0.00,133.98,false
2024-06-10,Робот-пылесос,Электроника,28,753728.64,26918.88,0.00,141.75,true
2024-06-10,Электрический чайник,Кухня,56,200369.68,3578.03,0.00,126.64,false
2024-06-10,Кофеварка,Кухня,27,244037.07,9038.41,0.00,87.15,false
2024-06-10,Увлажнитель воздуха,Дом и быт,74,367253.12,6203.60,20.00,75.24,true
2024-06-10,Набор посуды,Дом и быт,35,239927.45,6855.07,0.00,87.72,false
2024-06-10,Фен,Красота,61,241899.16,3965.56,0.00,115.69,false
2024-06-11,Робот-пылесос,Электроника,37,891600.84,28349.78,15.00,142.74,false
2024-06-11,Электрический чайник,Кухня,62,240052.84,3871.82,0.00,163.31,false
2024-06-11,Кофеварка,Кухня,27,228144.06,8449.78,0.00,95.20,false
2024-06-11,Увлажнитель воздуха,Дом и быт,46,224583.04,5424.71,10.00,110.37,false
2024-06-11,Набор посуды,Дом и быт,36,213226.20,5922.95,0.00,91.24,false
2024-06-11,Фен,Красота,51,222744.03,4367.53,0.00,130.31,false
2024-06-12,Робот-пылесос,Электроника,36,934176.24,25949.34,0.00,140.08,false
2024-06-12,Электрический чайник,Кухня,53,181078.74,3416.58,0.00,147.57,false
2024-06-12,Кофеварка,Кухня,23,196340.65,8536.55,0.00,98.30,false
2024-06-12,Увлажнитель воздуха,Дом и быт,31,192726.07,6216.97,0.00,101.70,false
2024-06-12,Набор посуды,Дом и быт,33,210194.49,6923.40,8.00,110.04,false
2024-06-12,Фен,Красота,53,195573.71,4010.94,8.00,121.14,false
2024-06-13,Робот-пылесос,Электроника,28,732362.96,26155.82,0.00,137.44,false
2024-06-13,Электрический чайник,Кухня,49,170371.04,3476.96,0.00,160.01,false
2024-06-13,Кофеварка,Кухня,34,299669.88,8813.82,0.00,98.67,true
2024-06-13,Увлажнитель воздуха,Дом и быт,25,134119.00,5364.76,0.00,95.23,false
2024-06-13,Набор посуды,Дом и быт,37,202092.52,6068.85,10.00,82.37,false
2024-06-13,Фен,Красота,35,154350.00,4410.00,0.00,123.14,false
2024-06-14,Робот-пылесос,Электроника,22,605520.74,28972.29,5.00,129.83,false
2024-06-14,Электрический чайник,Кухня,70,193798.50,3460.69,20.00,130.84,false
2024-06-14,Кофеварка,Кухня,23,206356.46,8972.02,0.00,91.59,false
2024-06-14,Увлажнитель воздуха,Дом и быт,37,211606.70,5719.10,0.00,83.70,false
2024-06-14,Набор посуды,Дом и быт,33,222519.33,6743.01,0.00,85.15,false
2024-06-14,Фен,Красота,60,264063.00,4401.05,0.00,155.70,false
2024-06-15,Робот-пылесос,Электроника,24,631884.72,26328.53,0.00,134.73,false
2024-06-15,Электрический чайник,Кухня,59,198797.55,3369.45,0.00,113.12,false
2024-06-15,Кофеварка,Кухня,21,180104.61,8576.41,0.00,104.01,false
2024-06-15,Увлажнитель воздуха,Дом и быт,41,222728.81,5432.41,0.00,100.18,false
2024-06-15,Набор посуды,Дом и быт,43,296088.54,6885.78,0.00,91.63,false
2024-06-15,Фен,Красота,107,410095.69,4258.52,10.00,143.13,true
2024-06-16,Робот-пылесос,Электроника,26,664316.38,25550.63,0.00,121.29,false
2024-06-16,Электрический чайник,Кухня,64,211356.80,3302.45,0.00,150.78,false
2024-06-16,Кофеварка,Кухня,35,297578.75,8502.25,0.00,84.65,false
2024-06-16,Увлажнитель воздуха,Дом и быт,71,306014.26,5387.58,20.00,110.37,false
2024-06-16,Набор посуды,Дом и быт,55,316723.00,6061.68,5.00,103.58,false
2024-06-16,Фен,Красота,56,246919.12,4409.27,0.00,134.66,false
2024-06-17,Робот-пылесос,Электроника,46,1019181.98,27695.16,20.00,134.00,true
2024-06-17,Электрический чайник,Кухня,48,167584.32,3491.34,0.00,144.37,false
2024-06-17,Кофеварка,Кухня,29,262310.22,9045.18,0.00,95.07,false
2024-06-17,Увлажнитель воздуха,Дом и быт,54,253223.82,5210.36,10.00,99.43,false
2024-06-17,Набор посуды,Дом и быт,33,192341.82,5828.54,0.00,100.92,false
2024-06-17,Фен,Красота,72,296709.12,4120.96,0.00,131.08,true
2024-06-18,Робот-пылесос,Электроника,37,924131.24,29384.14,15.00,128.03,false
2024-06-18,Электрический чайник,Кухня,56,198490.88,3544.48,0.00,154.64,false
2024-06-18,Кофеварка,Кухня,31,294378.17,9496.07,0.00,76.22,false
2024-06-18,Увлажнитель воздуха,Дом и быт,41,216868.68,5289.48,0.00,77.16,false
2024-06-18,Набор посуды,Дом и быт,38,213511.36,6610.25,15.00,102.46,false
2024-06-18,Фен,Красота,51,199929.18,3920.18,0.00,144.81,false
2024-06-19,Робот-пылесос,Электроника,31,787927.62,27627.19,8.00,134.44,false
2024-06-19,Электрический чайник,Кухня,58,174387.44,3436.20,12.50,112.67,false
2024-06-19,Кофеварка,Кухня,26,214493.76,8249.76,0.00,83.71,false
2024-06-19,Увлажнитель воздуха,Дом и быт,30,163041.30,5434.71,0.00,92.05,false
2024-06-19,Набор посуды,Дом и быт,40,199656.00,6239.25,20.00,98.72,false
2024-06-19,Фен,Красота,50,212071.50,4241.43,0.00,156.91,false
2024-06-20,Робот-пылесос,Электроника,27,807324.57,29900.91,0.00,128.75,true
2024-06-20,Электрический чайник,Кухня,57,198719.67,3486.31,0.00,161.23,false
2024-06-20,Кофеварка,Кухня,24,215161.68,8965.07,0.00,89.20,false
2024-06-20,Увлажнитель воздуха,Дом и быт,34,200638.42,5901.13,0.00,106.38,false
2024-06-20,Набор посуды,Дом и быт,33,199699.50,6051.50,0.00,95.55,true
2024-06-20,Фен,Красота,48,208663.20,4347.15,0.00,146.37,false
2024-06-21,Робот-пылесос,Электроника,26,687916.84,26458.34,0.00,121.60,false
2024-06-21,Электрический чайник,Кухня,61,223689.44,3667.04,0.00,163.37,true
2024-06-21,Кофеварка,Кухня,22,212786.86,9672.13,0.00,81.30,false
2024-06-21,Увлажнитель воздуха,Дом и быт,34,185720.92,5462.38,0.00,113.66,false
2024-06-21,Набор посуды,Дом и быт,32,200965.12,6280.16,0.00,120.83,false
2024-06-21,Фен,Красота,72,285034.32,3958.81,0.00,154.75,false
2024-06-22,Робот-пылесос,Электроника,26,662562.68,25483.18,0.00,125.37,false
2024-06-22,Электрический чайник,Кухня,57,186140.91,3265.63,0.00,153.02,false
2024-06-22,Кофеварка,Кухня,21,186534.18,8882.58,0.00,81.25,false
2024-06-22,Увлажнитель воздуха,Дом и быт,47,258896.68,5508.44,0.00,106.17,false
2024-06-22,Набор посуды,Дом и быт,47,272966.60,6832.70,15.00,102.62,false
2024-06-22,Фен,Красота,112,396156.32,4042.41,12.50,149.88,true
2024-06-23,Робот-пылесос,Электроника,21,628602.24,29933.44,0.00,129.02,false
2024-06-23,Электрический чайник,Кухня,56,213795.12,3817.77,0.00,153.72,false
2024-06-23,Кофеварка,Кухня,26,229803.86,8838.61,0.00,90.17,false
2024-06-23,Увлажнитель воздуха,Дом и быт,43,260300.50,6053.50,0.00,77.83,false
2024-06-23,Набор посуды,Дом и быт,43,254547.10,5919.70,0.00,111.30,false
2024-06-23,Фен,Красота,86,280647.24,4079.17,20.00,131.99,false
2024-06-24,Робот-пылесос,Электроника,32,805306.24,25165.82,0.00,118.88,false
2024-06-24,Электрический чайник,Кухня,71,239323.96,3370.76,0.00,108.18,false
2024-06-24,Кофеварка,Кухня,25,236342.00,9453.68,0.00,84.24,false
2024-06-24,Увлажнитель воздуха,Дом и быт,33,192969.15,5847.55,0.00,110.58,false
2024-06-24,Набор посуды,Дом и быт,36,230084.28,6391.23,0.00,91.81,false
2024-06-24,Фен,Красота,42,195226.92,4648.26,0.00,168.28,false
2024-06-25,Робот-пылесос,Электроника,30,832581.90,27752.73,0.00,129.82,false
2024-06-25,Электрический чайник,Кухня,54,176464.98,3267.87,0.00,125.57,false
2024-06-25,Кофеварка,Кухня,41,337042.14,8220.54,0.00,100.93,false
2024-06-25,Увлажнитель воздуха,Дом и быт,42,191330.58,5359.40,15.00,87.43,false
2024-06-25,Набор посуды,Дом и быт,38,251489.70,6966.47,5.00,93.96,false
2024-06-25,Фен,Красота,73,270967.97,4242.17,12.50,154.70,false
2024-06-26,Робот-пылесос,Электроника,47,1050445.77,25542.75,12.50,112.24,false
2024-06-26,Электрический чайник,Кухня,97,266748.06,3437.47,20.00,152.83,true
2024-06-26,Кофеварка,Кухня,36,264863.88,8174.81,10.00,97.97,false
2024-06-26,Увлажнитель воздуха,Дом и быт,43,222879.32,5183.24,0.00,104.21,false
2024-06-26,Набор посуды,Дом и быт,28,175038.64,6251.38,0.00,89.99,false
2024-06-26,Фен,Красота,41,182223.68,4444.48,0.00,128.18,false
2024-06-27,Робот-пылесос,Электроника,23,596867.94,25950.78,0.00,122.55,false
2024-06-27,Электрический чайник,Кухня,62,196438.94,3520.42,10.00,134.38,true
2024-06-27,Кофеварка,Кухня,30,205961.10,8076.91,15.00,78.02,false
2024-06-27,Увлажнитель воздуха,Дом и быт,45,220387.05,6121.86,20.00,91.18,false
2024-06-27,Набор посуды,Дом и быт,35,202324.50,6423.00,10.00,117.20,false
2024-06-27,Фен,Красота,55,241744.25,4395.35,0.00,157.36,false
2024-06-28,Робот-пылесос,Электроника,22,586989.70,26681.35,0.00,123.21,false
2024-06-28,Электрический чайник,Кухня,45,158570.55,3523.79,0.00,107.03,false
2024-06-28,Кофеварка,Кухня,28,256814.88,9171.96,0.00,87.21,true
2024-06-28,Увлажнитель воздуха,Дом и быт,37,200208.48,5881.56,8.00,80.63,false
2024-06-28,Набор посуды,Дом и быт,33,221385.12,6708.64,0.00,93.84,false
2024-06-28,Фен,Красота,61,267700.33,4388.53,0.00,145.09,false
2024-06-29,Робот-пылесос,Электроника,29,767977.71,26481.99,0.00,130.86,false
2024-06-29,Электрический чайник,Кухня,58,194760.52,3357.94,0.00,136.71,false
2024-06-29,Кофеварка,Кухня,27,241384.86,8940.18,0.00,96.14,false
2024-06-29,Увлажнитель воздуха,Дом и быт,41,245242.73,5981.53,0.00,108.03,false
2024-06-29,Набор посуды,Дом и быт,49,298248.30,6086.70,0.00,121.99,false
2024-06-29,Фен,Красота,77,310666.51,4034.63,0.00,150.58,true
2024-06-30,Робот-пылесос,Электроника,33,929044.05,28152.85,0.00,118.42,true
2024-06-30,Электрический чайник,Кухня,59,217484.03,3686.17,0.00,117.39,false
2024-06-30,Кофеварка,Кухня,30,247061.10,8235.37,0.00,84.82,false
2024-06-30,Увлажнитель воздуха,Дом и быт,49,287150.29,5860.21,0.00,85.28,false
2024-06-30,Набор посуды,Дом и быт,39,235905.15,6048.85,0.00,102.90,false
2024-06-30,Фен,Красота,53,239419.02,4517.34,0.00,158.78,false
2024-07-01,Робот-пылесос,Электроника,28,730913.40,26104.05,0.00,127.67,false
2024-07-01,Электрический чайник,Кухня,57,209322.24,3672.32,0.00,145.98,false
2024-07-01,Кофеварка,Кухня,32,306264.32,9570.76,0.00,89.06,true
2024-07-01,Увлажнитель воздуха,Дом и быт,57,275255.28,5518.90,12.50,78.65,false
2024-07-01,Набор посуды,Дом и быт,34,210481.08,6190.62,0.00,97.12,false
2024-07-01,Фен,Красота,56,230978.16,4124.61,0.00,138.73,false
2024-07-02,Робот-пылесос,Электроника,34,722575.48,26565.28,20.00,110.52,false
2024-07-02,Электрический чайник,Кухня,77,206664.92,3354.95,20.00,104.02,false
2024-07-02,Кофеварка,Кухня,31,256151.76,8262.96,0.00,89.25,false
2024-07-02,Увлажнитель воздуха,Дом и быт,47,262896.38,5593.54,0.00,111.35,false
2024-07-02,Набор посуды,Дом и быт,34,234787.00,6905.50,0.00,125.73,false
2024-07-02,Фен,Красота,44,198015.84,4500.36,0.00,173.86,false
2024-07-03,Робот-пылесос,Электроника,29,801412.39,27634.91,0.00,111.25,false
2024-07-03,Электрический чайник,Кухня,68,228959.40,3367.05,0.00,144.68,false
2024-07-03,Кофеварка,Кухня,31,297912.79,9610.09,0.00,73.82,true
2024-07-03,Увлажнитель воздуха,Дом и быт,36,210161.52,5837.82,0.00,78.95,false
2024-07-03,Набор посуды,Дом и быт,32,198640.64,6207.52,0.00,118.79,false
2024-07-03,Фен,Красота,46,199939.92,4346.52,0.00,163.30,false
2024-07-04,Робот-пылесос,Электроника,35,875072.10,25002.06,0.00,108.20,false
2024-07-04,Электрический чайник,Кухня,86,251676.42,3658.08,20.00,130.67,true
2024-07-04,Кофеварка,Кухня,29,224478.85,8413.75,8.00,75.22,false
2024-07-04,Увлажнитель воздуха,Дом и быт,34,203232.28,5977.42,0.00,95.08,false
2024-07-04,Набор посуды,Дом и быт,35,223212.85,6377.51,0.00,123.13,false
2024-07-04,Фен,Красота,75,271385.25,4020.52,10.00,141.47,false
2024-07-05,Робот-пылесос,Электроника,33,884512.20,26803.40,0.00,111.98,true
2024-07-05,Электрический чайник,Кухня,65,216713.25,3509.53,5.00,145.03,true
2024-07-05,Кофеварка,Кухня,24,199399.20,8308.30,0.00,77.11,false
2024-07-05,Увлажнитель воздуха,Дом и быт,39,190228.74,5301.80,8.00,100.96,false
2024-07-05,Набор посуды,Дом и быт,36,223144.56,6737.46,8.00,95.45,false
2024-07-05,Фен,Красота,72,294783.84,4094.22,0.00,154.10,false
2024-07-06,Робот-пылесос,Электроника,29,764646.19,26367.11,0.00,126.15,false
2024-07-06,Электрический чайник,Кухня,46,149732.76,3255.06,0.00,145.80,false
2024-07-06,Кофеварка,Кухня,18,173800.26,9655.57,0.00,85.60,false
2024-07-06,Увлажнитель воздуха,Дом и быт,42,247218.30,5886.15,0.00,100.99,false
2024-07-06,Набор посуды,Дом и быт,92,500894.92,6805.64,20.00,114.57,true
2024-07-06,Фен,Красота,69,280752.72,4068.88,0.00,139.53,false
2024-07-07,Робот-пылесос,Электроника,27,772788.60,28621.80,0.00,125.78,false
2024-07-07,Электрический чайник,Кухня,66,212754.96,3684.06,12.50,112.26,false
2024-07-07,Кофеварка,Кухня,38,293341.00,8822.29,12.50,85.30,false
2024-07-07,Увлажнитель воздуха,Дом и быт,62,308660.80,6223.00,20.00,87.47,false
2024-07-07,Набор посуды,Дом и быт,48,323654.88,6742.81,0.00,115.94,false
2024-07-07,Фен,Красота,55,231087.45,4201.59,0.00,153.07,false
2024-07-08,Робот-пылесос,Электроника,30,832181.10,27739.37,0.00,103.74,true
2024-07-08,Электрический чайник,Кухня,67,235478.20,3514.60,0.00,112.03,false
2024-07-08,Кофеварка,Кухня,31,271361.60,8753.60,0.00,98.63,false
2024-07-08,Увлажнитель воздуха,Дом и быт,42,252366.66,6008.73,0.00,92.35,false
2024-07-08,Набор посуды,Дом и быт,44,283598.48,6445.42,0.00,127.07,false
2024-07-08,Фен,Красота,62,250477.52,4039.96,0.00,174.67,false
2024-07-09,Робот-пылесос,Электроника,37,838001.90,26645.53,15.00,103.08,false
2024-07-09,Электрический чайник,Кухня,52,170944.80,3287.40,0.00,108.91,false
2024-07-09,Кофеварка,Кухня,27,251929.71,9330.73,0.00,78.80,false
2024-07-09,Увлажнитель воздуха,Дом и быт,40,224246.80,5606.17,0.00,93.28,false
2024-07-09,Набор посуды,Дом и быт,39,241779.33,7085.11,12.50,122.11,false
2024-07-09,Фен,Красота,53,236343.43,4459.31,0.00,177.27,false
2024-07-10,Робот-пылесос,Электроника,34,784884.22,25092.20,8.00,109.05,false
2024-07-10,Электрический чайник,Кухня,63,234646.02,3724.54,0.00,128.54,false
2024-07-10,Кофеварка,Кухня,29,276911.14,9548.66,0.00,81.67,false
2024-07-10,Увлажнитель воздуха,Дом и быт,44,243344.64,5530.56,0.00,112.19,false
2024-07-10,Набор посуды,Дом и быт,39,234246.48,6528.61,8.00,100.95,false
2024-07-10,Фен,Красота,55,243927.75,4435.05,0.00,156.10,false
2024-07-11,Робот-пылесос,Электроника,33,820497.48,28415.50,12.50,119.55,false
2024-07-11,Электрический чайник,Кухня,76,209186.96,3440.57,20.00,97.96,false
2024-07-11,Кофеварка,Кухня,27,242415.99,8978.37,0.00,79.91,false
2024-07-11,Увлажнитель воздуха,Дом и быт,37,197655.48,5342.04,0.00,100.59,false
2024-07-11,Набор посуды,Дом и быт,41,215961.35,6584.19,20.00,107.58,false
2024-07-11,Фен,Красота,70,289574.60,4596.42,10.00,180.11,true
2024-07-12,Робот-пылесос,Электроника,26,620572.94,27277.94,12.50,122.21,false
2024-07-12,Электрический чайник,Кухня,44,151033.52,3432.58,0.00,151.03,false
2024-07-12,Кофеварка,Кухня,31,252909.47,9323.85,12.50,93.82,false
2024-07-12,Увлажнитель воздуха,Дом и быт,31,170872.62,5512.02,0.00,103.68,false
2024-07-12,Набор посуды,Дом и быт,44,273082.48,6896.02,10.00,124.99,true
2024-07-12,Фен,Красота,75,280338.00,4397.46,15.00,153.41,false
2024-07-13,Робот-пылесос,Электроника,24,594636.24,24776.51,0.00,103.56,false
2024-07-13,Электрический чайник,Кухня,58,188244.80,3245.60,0.00,148.13,false
2024-07-13,Кофеварка,Кухня,28,238857.08,8530.61,0.00,71.03,false
2024-07-13,Увлажнитель воздуха,Дом и быт,46,286921.78,6237.43,0.00,101.89,false
2024-07-13,Набор посуды,Дом и быт,43,279328.86,6496.02,0.00,132.69,false
2024-07-13,Фен,Красота,94,388609.16,4134.14,0.00,168.96,false
2024-07-14,Робот-пылесос,Электроника,33,779265.30,25667.50,8.00,105.76,false
2024-07-14,Электрический чайник,Кухня,67,213514.93,3186.79,0.00,99.72,false
2024-07-14,Кофеварка,Кухня,39,298909.26,8759.24,12.50,81.05,true
2024-07-14,Увлажнитель воздуха,Дом и быт,49,302979.74,6183.26,0.00,120.93,false
2024-07-14,Набор посуды,Дом и быт,43,261672.20,6085.40,0.00,128.16,false
2024-07-14,Фен,Красота,67,278283.16,4746.83,12.50,176.33,false
2024-07-15,Робот-пылесос,Электроника,24,686621.04,28609.21,0.00,110.41,false
2024-07-15,Электрический чайник,Кухня,39,145276.95,3725.05,0.00,114.41,false
2024-07-15,Кофеварка,Кухня,33,316053.54,9577.38,0.00,97.01,true
2024-07-15,Увлажнитель воздуха,Дом и быт,45,279725.40,6216.12,0.00,110.17,false
2024-07-15,Набор посуды,Дом и быт,47,268384.10,6344.78,10.00,129.84,false
2024-07-15,Фен,Красота,79,322110.65,4077.35,0.00,162.45,true
2024-07-16,Робот-пылесос,Электроника,22,630754.74,28670.67,0.00,98.65,false
2024-07-16,Электрический чайник,Кухня,63,198991.17,3158.59,0.00,137.44,false
2024-07-16,Кофеварка,Кухня,34,317850.36,9348.54,0.00,73.30,false
2024-07-16,Увлажнитель воздуха,Дом и быт,32,192515.52,6016.11,0.00,100.35,false
2024-07-16,Набор посуды,Дом и быт,49,290253.95,6581.72,10.00,112.78,false
2024-07-16,Фен,Красота,51,217555.80,4739.78,10.00,141.06,false
2024-07-17,Робот-пылесос,Электроника,32,817400.00,25543.75,0.00,102.51,false
2024-07-17,Электрический чайник,Кухня,61,208811.54,3423.14,0.00,144.08,false
2024-07-17,Кофеварка,Кухня,30,281446.20,9381.54,0.00,68.41,true
2024-07-17,Увлажнитель воздуха,Дом и быт,41,228776.72,5579.92,0.00,84.55,false
2024-07-17,Набор посуды,Дом и быт,35,243475.05,6956.43,0.00,116.43,false
2024-07-17,Фен,Красота,42,190425.90,4533.95,0.00,172.60,false
2024-07-18,Робот-пылесос,Электроника,26,661914.24,25458.24,0.00,96.81,false
2024-07-18,Электрический чайник,Кухня,55,178644.40,3608.98,10.00,110.10,false
2024-07-18,Кофеварка,Кухня,27,259664.40,9617.20,0.00,88.20,true
2024-07-18,Увлажнитель воздуха,Дом и быт,33,163161.57,5374.23,8.00,122.05,false
2024-07-18,Набор посуды,Дом и быт,26,185810.30,7146.55,0.00,117.14,false
2024-07-18,Фен,Красота,60,284928.00,4748.80,0.00,138.40,false
2024-07-19,Робот-пылесос,Электроника,34,841151.84,24739.76,0.00,97.18,true
2024-07-19,Электрический чайник,Кухня,40,139895.60,3497.39,0.00,98.77,false
2024-07-19,Кофеварка,Кухня,26,213298.28,8635.56,5.00,74.30,false
2024-07-19,Увлажнитель воздуха,Дом и быт,42,242688.60,5778.30,0.00,90.07,true
2024-07-19,Набор посуды,Дом и быт,44,257137.76,6352.22,8.00,104.56,false
2024-07-19,Фен,Красота,77,324611.21,4215.73,0.00,178.24,true
2024-07-20,Робот-пылесос,Электроника,31,660440.43,26630.67,20.00,105.59,false
2024-07-20,Электрический чайник,Кухня,43,148561.99,3454.93,0.00,139.14,false
2024-07-20,Кофеварка,Кухня,24,210901.92,8787.58,0.00,97.03,false
2024-07-20,Увлажнитель воздуха,Дом и быт,54,303580.44,5621.86,0.00,100.89,false
2024-07-20,Набор посуды,Дом и быт,79,427989.61,6771.98,20.00,113.87,true
2024-07-20,Фен,Красота,71,324318.77,4567.87,0.00,167.59,false
2024-07-21,Робот-пылесос,Электроника,34,931063.14,27384.21,0.00,109.91,true
2024-07-21,Электрический чайник,Кухня,63,194528.25,3356.25,8.00,136.39,false
2024-07-21,Кофеварка,Кухня,26,238244.50,9163.25,0.00,74.56,false
2024-07-21,Увлажнитель воздуха,Дом и быт,49,288406.16,5885.84,0.00,91.00,false
2024-07-21,Набор посуды,Дом и быт,53,330744.91,6568.92,5.00,136.92,false
2024-07-21,Фен,Красота,94,365895.00,4097.37,5.00,167.96,true
2024-07-22,Робот-пылесос,Электроника,22,614508.62,27932.21,0.00,108.90,false
2024-07-22,Электрический чайник,Кухня,49,165750.83,3382.67,0.00,107.22,false
2024-07-22,Кофеварка,Кухня,33,254886.39,8827.24,12.50,87.25,false
2024-07-22,Увлажнитель воздуха,Дом и быт,37,212438.83,5741.59,0.00,91.94,false
2024-07-22,Набор посуды,Дом и быт,45,279011.25,6200.25,0.00,111.38,false
2024-07-22,Фен,Красота,66,298339.80,4520.30,0.00,186.16,false
2024-07-23,Робот-пылесос,Электроника,19,535744.14,28197.06,0.00,114.13,false
2024-07-23,Электрический чайник,Кухня,51,173834.01,3408.51,0.00,137.52,false
2024-07-23,Кофеварка,Кухня,38,308588.88,8120.76,0.00,79.95,false
2024-07-23,Увлажнитель воздуха,Дом и быт,27,162941.22,6034.86,0.00,96.23,false
2024-07-23,Набор посуды,Дом и быт,33,225137.22,6822.34,0.00,128.79,false
2024-07-23,Фен,Красота,45,190984.05,4244.09,0.00,187.99,false
2024-07-24,Робот-пылесос,Электроника,29,840357.07,28977.83,0.00,90.89,true
2024-07-24,Электрический чайник,Кухня,71,205006.11,3396.96,15.00,106.14,false
2024-07-24,Кофеварка,Кухня,23,222855.74,9689.38,0.00,83.08,false
2024-07-24,Увлажнитель воздуха,Дом и быт,28,169487.36,6053.12,0.00,116.40,false
2024-07-24,Набор посуды,Дом и быт,35,228566.10,6530.46,0.00,117.55,false
2024-07-24,Фен,Красота,60,258654.60,4310.91,0.00,174.76,false
2024-07-25,Робот-пылесос,Электроника,38,990268.22,26059.69,0.00,94.66,true
2024-07-25,Электрический чайник,Кухня,58,181987.18,3137.71,0.00,115.56,false
2024-07-25,Кофеварка,Кухня,29,236308.82,9312.66,12.50,79.66,false
2024-07-25,Увлажнитель воздуха,Дом и быт,38,210733.94,5545.63,0.00,104.31,false
2024-07-25,Набор посуды,Дом и быт,34,214835.80,6318.70,0.00,126.19,false
2024-07-25,Фен,Красота,60,247002.00,4116.70,0.00,185.49,false
2024-07-26,Робот-пылесос,Электроника,30,679480.50,25884.97,12.50,94.26,false
2024-07-26,Электрический чайник,Кухня,56,175572.88,3135.23,0.00,101.78,false
2024-07-26,Кофеварка,Кухня,29,222495.25,9026.18,15.00,90.93,false
2024-07-26,Увлажнитель воздуха,Дом и быт,26,156682.50,6026.25,0.00,95.30,false
2024-07-26,Набор посуды,Дом и быт,39,277249.83,7108.97,0.00,138.41,false
2024-07-26,Фен,Красота,62,288502.12,4653.26,0.00,183.79,false
2024-07-27,Робот-пылесос,Электроника,26,649868.44,27168.42,8.00,98.33,false
2024-07-27,Электрический чайник,Кухня,47,162543.86,3458.38,0.00,93.15,false
2024-07-27,Кофеварка,Кухня,23,202330.31,8796.97,0.00,84.10,false
2024-07-27,Увлажнитель воздуха,Дом и быт,66,304650.06,5769.88,20.00,106.30,false
2024-07-27,Набор посуды,Дом и быт,59,368456.18,6788.06,8.00,120.48,false
2024-07-27,Фен,Красота,55,251956.10,4581.02,0.00,168.40,false
2024-07-28,Робот-пылесос,Электроника,24,635448.00,26477.00,0.00,102.49,false
2024-07-28,Электрический чайник,Кухня,61,206247.10,3675.11,8.00,128.23,false
2024-07-28,Кофеварка,Кухня,30,283232.40,9441.08,0.00,92.94,true
2024-07-28,Увлажнитель воздуха,Дом и быт,57,311983.80,5473.40,0.00,92.48,false
2024-07-28,Набор посуды,Дом и быт,55,373027.60,6782.32,0.00,125.40,false
2024-07-28,Фен,Красота,61,266866.46,4755.28,8.00,178.85,false
2024-07-29,Робот-пылесос,Электроника,26,719593.94,27676.69,0.00,92.60,false
2024-07-29,Электрический чайник,Кухня,56,201894.56,3605.26,0.00,103.92,false
2024-07-29,Кофеварка,Кухня,32,306968.96,9592.78,0.00,92.30,false
2024-07-29,Увлажнитель воздуха,Дом и быт,57,320585.67,5624.31,0.00,119.59,false
2024-07-29,Набор посуды,Дом и быт,36,241755.84,6715.44,0.00,143.96,false
2024-07-29,Фен,Красота,61,251094.91,4116.31,0.00,168.08,false
2024-07-30,Робот-пылесос,Электроника,28,710933.72,25390.49,0.00,89.84,false
2024-07-30,Электрический чайник,Кухня,87,229633.89,3299.34,20.00,108.56,false
2024-07-30,Кофеварка,Кухня,36,276695.28,8783.98,12.50,93.38,true
2024-07-30,Увлажнитель воздуха,Дом и быт,47,257444.85,5477.55,0.00,103.12,false
2024-07-30,Набор посуды,Дом и быт,42,289845.78,6901.09,0.00,137.24,false
2024-07-30,Фен,Красота,45,216694.35,4815.43,0.00,182.33,false
2024-07-31,Робот-пылесос,Электроника,41,854246.07,24512.08,15.00,99.49,true
2024-07-31,Электрический чайник,Кухня,64,215808.00,3372.00,0.00,130.52,false
2024-07-31,Кофеварка,Кухня,32,288232.64,9007.27,0.00,95.78,false
2024-07-31,Увлажнитель воздуха,Дом и быт,29,163351.49,5632.81,0.00,129.64,false
2024-07-31,Набор посуды,Дом и быт,33,230666.04,6989.88,0.00,115.07,false
2024-07-31,Фен,Красота,43,206737.12,4807.84,0.00,184.53,false
2024-08-01,Робот-пылесос,Электроника,31,809394.50,26109.50,0.00,87.61,false
2024-08-01,Электрический чайник,Кухня,48,153302.40,3471.52,8.00,141.64,false
2024-08-01,Кофеварка,Кухня,24,219456.24,9144.01,0.00,85.11,false
2024-08-01,Увлажнитель воздуха,Дом и быт,34,188146.82,5533.73,0.00,101.81,true
2024-08-01,Набор посуды,Дом и быт,28,193107.60,6896.70,0.00,142.94,false
2024-08-01,Фен,Красота,61,273164.71,4478.11,0.00,154.13,false
2024-08-02,Робот-пылесос,Электроника,23,642611.49,27939.63,0.00,90.98,false
2024-08-02,Электрический чайник,Кухня,37,133900.04,3618.92,0.00,99.34,false
2024-08-02,Кофеварка,Кухня,21,200588.01,9551.81,0.00,75.21,false
2024-08-02,Увлажнитель воздуха,Дом и быт,45,216210.60,5652.56,15.00,111.18,false
2024-08-02,Набор посуды,Дом и быт,36,258867.00,7190.75,0.00,118.55,false
2024-08-02,Фен,Красота,79,331568.53,4197.07,0.00,151.71,false
2024-08-03,Робот-пылесос,Электроника,20,578151.20,28907.56,0.00,91.19,false
2024-08-03,Электрический чайник,Кухня,60,202267.80,3745.70,10.00,103.71,false
2024-08-03,Кофеварка,Кухня,23,205443.13,8932.31,0.00,72.24,false
2024-08-03,Увлажнитель воздуха,Дом и быт,49,292340.37,6280.14,5.00,113.92,false
2024-08-03,Набор посуды,Дом и быт,47,299578.94,6374.02,0.00,133.93,false
2024-08-03,Фен,Красота,121,412758.83,4264.03,20.00,193.74,true
2024-08-04,Робот-пылесос,Электроника,26,717271.88,27587.38,0.00,88.16,false
2024-08-04,Электрический чайник,Кухня,63,200594.52,3184.04,0.00,109.47,false
2024-08-04,Кофеварка,Кухня,27,218373.57,8791.21,8.00,71.31,false
2024-08-04,Увлажнитель воздуха,Дом и быт,46,291270.62,6331.97,0.00,99.27,false
2024-08-04,Набор посуды,Дом и быт,42,262484.88,6249.64,0.00,137.97,false
2024-08-04,Фен,Красота,80,329196.80,4472.78,8.00,183.57,false
2024-08-05,Робот-пылесос,Электроника,25,669839.00,26793.56,0.00,97.78,false
2024-08-05,Электрический чайник,Кухня,69,238010.67,3449.43,0.00,134.99,false
2024-08-05,Кофеварка,Кухня,33,322615.59,9776.23,0.00,95.14,false
2024-08-05,Увлажнитель воздуха,Дом и быт,48,286503.36,5968.82,0.00,106.39,false
2024-08-05,Набор посуды,Дом и быт,31,215353.28,6946.88,0.00,120.23,false
2024-08-05,Фен,Красота,72,294973.20,4096.85,0.00,153.49,true
2024-08-06,Робот-пылесос,Электроника,28,746252.64,28969.44,8.00,97.08,false
2024-08-06,Электрический чайник,Кухня,58,200167.86,3451.17,0.00,138.61,false
2024-08-06,Кофеварка,Кухня,33,300625.71,9109.87,0.00,72.01,true
2024-08-06,Увлажнитель воздуха,Дом и быт,43,218992.98,6366.07,20.00,119.08,false
2024-08-06,Набор посуды,Дом и быт,38,238760.08,6283.16,0.00,150.95,false
2024-08-06,Фен,Красота,55,219264.65,4556.15,12.50,197.11,false
2024-08-07,Робот-пылесос,Электроника,30,764560.50,25485.35,0.00,98.77,false
2024-08-07,Электрический чайник,Кухня,45,168660.00,3748.00,0.00,133.37,false
2024-08-07,Кофеварка,Кухня,29,241764.01,8336.69,0.00,94.37,false
2024-08-07,Увлажнитель воздуха,Дом и быт,36,221589.00,6155.25,0.00,120.86,false
2024-08-07,Набор посуды,Дом и быт,36,250325.28,6953.48,0.00,127.51,false
2024-08-07,Фен,Красота,59,247517.98,4195.22,0.00,186.88,false
2024-08-08,Робот-пылесос,Электроника,24,670722.72,27946.78,0.00,95.12,true
2024-08-08,Электрический чайник,Кухня,49,181632.71,3706.79,0.00,121.47,false
2024-08-08,Кофеварка,Кухня,26,251568.46,9675.71,0.00,82.27,false
2024-08-08,Увлажнитель воздуха,Дом и быт,41,229683.64,6089.18,8.00,99.33,false
2024-08-08,Набор посуды,Дом и быт,34,218076.00,6414.00,0.00,135.40,false
2024-08-08,Фен,Красота,43,196213.30,4563.10,0.00,169.73,false
2024-08-09,Робот-пылесос,Электроника,24,673849.20,28077.05,0.00,94.54,false
2024-08-09,Электрический чайник,Кухня,44,141722.68,3220.97,0.00,95.07,false
2024-08-09,Кофеварка,Кухня,23,223785.40,9729.80,0.00,83.23,false
2024-08-09,Увлажнитель воздуха,Дом и быт,38,209432.82,5511.39,0.00,125.51,false
2024-08-09,Набор посуды,Дом и быт,39,266495.97,7192.87,5.00,126.24,false
2024-08-09,Фен,Красота,75,266581.50,4062.19,12.50,161.46,false
2024-08-10,Робот-пылесос,Электроника,23,545000.41,25756.16,8.00,90.42,false
2024-08-10,Электрический чайник,Кухня,69,191388.75,3467.19,20.00,100.35,false
2024-08-10,Кофеварка,Кухня,22,211822.16,9628.28,0.00,89.32,false
2024-08-10,Увлажнитель воздуха,Дом и быт,45,237775.05,6216.34,15.00,98.31,false
2024-08-10,Набор посуды,Дом и быт,48,337515.84,7031.58,0.00,136.41,false
2024-08-10,Фен,Красота,94,353891.20,4429.17,15.00,197.51,false
2024-08-11,Робот-пылесос,Электроника,23,668660.83,29072.21,0.00,96.12,false
2024-08-11,Электрический чайник,Кухня,50,184739.00,3694.78,0.00,129.60,false
2024-08-11,Кофеварка,Кухня,31,264875.78,9287.37,8.00,98.51,false
2024-08-11,Увлажнитель воздуха,Дом и быт,54,319285.80,5912.70,0.00,117.88,false
2024-08-11,Набор посуды,Дом и быт,59,419983.24,7118.36,0.00,136.84,false
2024-08-11,Фен,Красота,72,305543.52,4243.66,0.00,194.66,false
2024-08-12,Робот-пылесос,Электроника,24,667627.68,27817.82,0.00,97.63,false
2024-08-12,Электрический чайник,Кухня,45,156753.00,3483.40,0.00,127.69,false
2024-08-12,Кофеварка,Кухня,32,274304.32,9023.17,5.00,102.07,false
2024-08-12,Увлажнитель воздуха,Дом и быт,46,276839.50,6335.00,5.00,102.08,false
2024-08-12,Набор посуды,Дом и быт,40,229442.00,7170.06,20.00,142.02,false
2024-08-12,Фен,Красота,80,309179.20,4546.75,15.00,162.97,false
2024-08-13,Робот-пылесос,Электроника,20,567996.80,28399.84,0.00,84.49,false
2024-08-13,Электрический чайник,Кухня,76,252809.44,3501.51,5.00,138.97,false
2024-08-13,Кофеварка,Кухня,44,365254.56,8738.15,5.00,84.49,false
2024-08-13,Увлажнитель воздуха,Дом и быт,43,252795.71,5878.97,0.00,112.30,false
2024-08-13,Набор посуды,Дом и быт,35,253303.40,7237.24,0.00,134.62,false
2024-08-13,Фен,Красота,51,216100.77,4460.29,5.00,176.85,false
2024-08-14,Робот-пылесос,Электроника,33,781612.26,24931.81,5.00,80.88,false
2024-08-14,Электрический чайник,Кухня,48,156232.32,3254.84,0.00,114.51,false
2024-08-14,Кофеварка,Кухня,35,253498.70,8520.97,15.00,102.94,false
2024-08-14,Увлажнитель воздуха,Дом и быт,43,242817.13,5646.91,0.00,136.77,false
2024-08-14,Набор посуды,Дом и быт,42,265695.78,6326.09,0.00,148.34,false
2024-08-14,Фен,Красота,49,201605.60,4114.40,0.00,188.28,false
2024-08-15,Робот-пылесос,Электроника,29,663750.84,28609.94,20.00,81.99,false
2024-08-15,Электрический чайник,Кухня,48,168594.72,3512.39,0.00,129.65,false
2024-08-15,Кофеварка,Кухня,27,222243.21,9683.80,15.00,84.31,true
2024-08-15,Увлажнитель воздуха,Дом и быт,40,217592.80,6216.94,12.50,124.18,false
2024-08-15,Набор посуды,Дом и быт,38,233843.26,6153.77,0.00,149.43,false
2024-08-15,Фен,Красота,72,303639.84,4217.22,0.00,181.87,false
2024-08-16,Робот-пылесос,Электроника,28,714661.92,28359.60,10.00,80.43,false
2024-08-16,Электрический чайник,Кухня,39,134110.86,3438.74,0.00,115.58,false
2024-08-16,Кофеварка,Кухня,33,254921.04,8583.20,10.00,86.48,false
2024-08-16,Увлажнитель воздуха,Дом и быт,35,210688.10,6019.66,0.00,112.73,false
2024-08-16,Набор посуды,Дом и быт,38,272628.72,7174.44,0.00,150.08,false
2024-08-16,Фен,Красота,64,253768.96,4309.93,8.00,178.98,false
2024-08-17,Робот-пылесос,Электроника,23,551298.96,26053.83,8.00,87.68,false
2024-08-17,Электрический чайник,Кухня,37,133553.35,3609.55,0.00,108.32,false
2024-08-17,Кофеварка,Кухня,33,255918.30,8429.46,8.00,88.59,false
2024-08-17,Увлажнитель воздуха,Дом и быт,37,217666.56,5882.88,0.00,105.30,false
2024-08-17,Набор посуды,Дом и быт,50,362139.00,7242.78,0.00,154.15,false
2024-08-17,Фен,Красота,92,381593.92,4147.76,0.00,182.48,false
2024-08-18,Робот-пылесос,Электроника,20,546244.20,27312.21,0.00,97.15,false
2024-08-18,Электрический чайник,Кухня,49,164174.99,3526.86,5.00,109.09,false
2024-08-18,Кофеварка,Кухня,32,291262.08,9580.99,5.00,88.07,false
2024-08-18,Увлажнитель воздуха,Дом и быт,45,276646.50,6147.70,0.00,134.79,false
2024-08-18,Набор посуды,Дом и быт,53,378621.93,7143.81,0.00,135.57,false
2024-08-18,Фен,Красота,80,370646.40,4633.08,0.00,190.51,false
2024-08-19,Робот-пылесос,Электроника,26,652093.78,27867.26,10.00,89.59,false
2024-08-19,Электрический чайник,Кухня,64,216440.96,3381.89,0.00,121.00,false
2024-08-19,Кофеварка,Кухня,31,292453.69,9433.99,0.00,88.18,false
2024-08-19,Увлажнитель воздуха,Дом и быт,53,293167.91,5531.47,0.00,136.63,false
2024-08-19,Набор посуды,Дом и быт,54,336609.00,6233.50,0.00,148.74,false
2024-08-19,Фен,Красота,57,271688.79,4766.47,0.00,202.23,false
2024-08-20,Робот-пылесос,Электроника,21,550517.52,26215.12,0.00,75.37,false
2024-08-20,Электрический чайник,Кухня,61,217793.18,3570.38,0.00,113.42,false
2024-08-20,Кофеварка,Кухня,27,244350.81,9526.34,5.00,89.07,false
2024-08-20,Увлажнитель воздуха,Дом и быт,47,296115.51,6300.33,0.00,107.16,false
2024-08-20,Набор посуды,Дом и быт,40,247217.60,6180.44,0.00,159.04,false
2024-08-20,Фен,Красота,49,199580.92,4073.08,0.00,180.24,false
2024-08-21,Робот-пылесос,Электроника,25,663160.50,28833.07,8.00,92.75,false
2024-08-21,Электрический чайник,Кухня,51,173469.87,3401.37,0.00,118.77,false
2024-08-21,Кофеварка,Кухня,42,393153.60,9360.80,0.00,83.41,true
2024-08-21,Увлажнитель воздуха,Дом и быт,44,262484.20,5965.55,0.00,123.15,false
2024-08-21,Набор посуды,Дом и быт,37,238172.33,6775.88,5.00,149.66,false
2024-08-21,Фен,Красота,46,218453.08,4748.98,0.00,186.20,false
2024-08-22,Робот-пылесос,Электроника,36,806769.00,28012.81,20.00,86.87,false
2024-08-22,Электрический чайник,Кухня,46,168485.12,3662.72,0.00,130.97,false
2024-08-22,Кофеварка,Кухня,26,239026.58,9193.33,0.00,86.08,false
2024-08-22,Увлажнитель воздуха,Дом и быт,62,277099.08,5586.68,20.00,120.42,false
2024-08-22,Набор посуды,Дом и быт,41,245267.33,7037.80,15.00,130.57,false
2024-08-22,Фен,Красота,89,300075.96,4214.55,20.00,196.97,false
2024-08-23,Робот-пылесос,Электроника,23,665471.42,28933.54,0.00,85.63,false
2024-08-23,Электрический чайник,Кухня,48,163511.04,3406.48,0.00,98.85,false
2024-08-23,Кофеварка,Кухня,23,214575.05,9329.35,0.00,106.53,false
2024-08-23,Увлажнитель воздуха,Дом и быт,40,219988.00,5789.15,5.00,125.18,false
2024-08-23,Набор посуды,Дом и быт,45,264063.15,6176.91,5.00,141.59,false
2024-08-23,Фен,Красота,70,299228.30,4749.65,10.00,182.39,false
2024-08-24,Робот-пылесос,Электроника,21,606692.52,28890.12,0.00,96.26,false
2024-08-24,Электрический чайник,Кухня,49,160058.99,3266.51,0.00,104.83,false
2024-08-24,Кофеварка,Кухня,21,183521.31,8739.11,0.00,95.29,false
2024-08-24,Увлажнитель воздуха,Дом и быт,44,282075.64,6410.81,0.00,109.56,false
2024-08-24,Набор посуды,Дом и быт,64,434141.44,7140.49,5.00,162.80,false
2024-08-24,Фен,Красота,77,351430.31,4564.03,0.00,190.88,false
2024-08-25,Робот-пылесос,Электроника,21,558151.86,26578.66,0.00,89.34,false
2024-08-25,Электрический чайник,Кухня,43,154856.33,3601.31,0.00,97.41,false
2024-08-25,Кофеварка,Кухня,26,254192.64,9776.64,0.00,87.68,false
2024-08-25,Увлажнитель воздуха,Дом и быт,93,491412.93,5871.12,10.00,144.46,true
2024-08-25,Набор посуды,Дом и быт,56,389697.28,6958.88,0.00,163.04,false
2024-08-25,Фен,Красота,78,352404.78,4518.01,0.00,183.51,false
2024-08-26,Робот-пылесос,Электроника,17,486512.12,28618.36,0.00,86.19,false
2024-08-26,Электрический чайник,Кухня,71,233276.89,3285.59,0.00,99.90,false
2024-08-26,Кофеварка,Кухня,30,279646.80,9812.17,5.00,79.30,false
2024-08-26,Увлажнитель воздуха,Дом и быт,44,283716.84,6448.11,0.00,117.54,false
2024-08-26,Набор посуды,Дом и быт,50,287025.00,6378.33,10.00,150.14,false
2024-08-26,Фен,Красота,72,293870.88,4296.36,5.00,174.40,false
2024-08-27,Робот-пылесос,Электроника,20,543869.40,27193.47,0.00,80.08,false
2024-08-27,Электрический чайник,Кухня,50,170495.50,3409.91,0.00,92.28,false
2024-08-27,Кофеварка,Кухня,29,262084.31,9037.39,0.00,107.74,false
2024-08-27,Увлажнитель воздуха,Дом и быт,42,233770.74,5565.97,0.00,123.68,false
2024-08-27,Набор посуды,Дом и быт,35,249520.95,7129.17,0.00,135.49,false
2024-08-27,Фен,Красота,83,298370.06,4108.37,12.50,178.79,false
2024-08-28,Робот-пылесос,Электроника,19,506287.49,26646.71,0.00,92.71,false
2024-08-28,Электрический чайник,Кухня,64,225409.92,3828.30,8.00,91.53,false
2024-08-28,Кофеварка,Кухня,28,249859.40,8923.55,0.00,92.50,false
2024-08-28,Увлажнитель воздуха,Дом и быт,41,229802.13,6405.64,12.50,146.18,false
2024-08-28,Набор посуды,Дом и быт,38,262583.04,6910.08,0.00,165.98,false
2024-08-28,Фен,Красота,85,293884.10,4321.83,20.00,187.18,false
2024-08-29,Робот-пылесос,Электроника,21,560838.60,26706.60,0.00,76.61,false
2024-08-29,Электрический чайник,Кухня,61,209423.37,3433.17,0.00,139.73,true
2024-08-29,Кофеварка,Кухня,22,221832.16,10083.28,0.00,82.56,false
2024-08-29,Увлажнитель воздуха,Дом и быт,47,265313.59,5644.97,0.00,144.51,false
2024-08-29,Набор посуды,Дом и быт,34,245945.12,7233.68,0.00,133.85,false
2024-08-29,Фен,Красота,94,324091.32,4309.72,20.00,194.90,false
2024-08-30,Робот-пылесос,Электроника,19,541245.21,28486.59,0.00,74.27,false
2024-08-30,Электрический чайник,Кухня,53,196768.33,3712.61,0.00,120.56,true
2024-08-30,Кофеварка,Кухня,25,238941.75,9557.67,0.00,91.73,false
2024-08-30,Увлажнитель воздуха,Дом и быт,38,224446.24,6420.09,8.00,146.02,false
2024-08-30,Набор посуды,Дом и быт,41,283460.06,6913.66,0.00,135.31,false
2024-08-30,Фен,Красота,82,345667.72,4215.46,0.00,194.42,false
2024-08-31,Робот-пылесос,Электроника,29,653327.37,28160.67,20.00,77.54,false
2024-08-31,Электрический чайник,Кухня,55,200494.80,3645.36,0.00,122.26,false
2024-08-31,Кофеварка,Кухня,26,251079.40,9656.90,0.00,100.50,false
2024-08-31,Увлажнитель воздуха,Дом и быт,79,389077.37,5472.26,10.00,133.53,true
2024-08-31,Набор посуды,Дом и быт,41,264984.64,6463.04,0.00,139.89,false
2024-08-31,Фен,Красота,75,350832.00,4677.76,0.00,206.34,false
2024-09-01,Робот-пылесос,Электроника,27,651526.20,26228.92,8.00,83.07,false
2024-09-01,Электрический чайник,Кухня,52,188210.36,3619.43,0.00,88.73,true
2024-09-01,Кофеварка,Кухня,27,249411.69,9237.47,0.00,103.53,false
2024-09-01,Увлажнитель воздуха,Дом и быт,61,373993.44,6131.04,0.00,129.77,false
2024-09-01,Набор посуды,Дом и быт,57,374223.24,6565.32,0.00,160.84,false
2024-09-01,Фен,Красота,64,277222.40,4331.60,0.00,192.01,false
2024-09-02,Робот-пылесос,Электроника,22,575509.44,28434.26,8.00,89.37,false
2024-09-02,Электрический чайник,Кухня,64,210859.52,3294.68,0.00,127.79,false
2024-09-02,Кофеварка,Кухня,35,324409.05,9268.83,0.00,86.81,true
2024-09-02,Увлажнитель воздуха,Дом и быт,44,256130.16,5821.14,0.00,117.97,false
2024-09-02,Набор посуды,Дом и быт,43,293307.73,6821.11,0.00,159.92,false
2024-09-02,Фен,Красота,53,231120.81,4360.77,0.00,199.65,false
2024-09-03,Робот-пылесос,Электроника,35,771558.55,25934.74,15.00,77.32,false
2024-09-03,Электрический чайник,Кухня,44,168909.84,3838.86,0.00,131.82,false
2024-09-03,Кофеварка,Кухня,35,336130.20,10109.17,5.00,93.39,true
2024-09-03,Увлажнитель воздуха,Дом и быт,47,288146.66,6130.78,0.00,138.89,false
2024-09-03,Набор посуды,Дом и быт,50,307096.00,7019.33,12.50,167.69,false
2024-09-03,Фен,Красота,56,243899.60,4355.35,0.00,190.05,false
2024-09-04,Робот-пылесос,Электроника,22,636449.22,28929.51,0.00,85.16,false
2024-09-04,Электрический чайник,Кухня,58,190219.12,3279.64,0.00,120.90,false
2024-09-04,Кофеварка,Кухня,35,254762.55,9098.66,20.00,92.82,false
2024-09-04,Увлажнитель воздуха,Дом и быт,40,252814.00,6320.35,0.00,118.56,false
2024-09-04,Набор посуды,Дом и быт,33,208756.68,6325.96,0.00,165.56,false
2024-09-04,Фен,Красота,60,244509.00,4075.15,0.00,197.80,false
2024-09-05,Робот-пылесос,Электроника,21,531315.54,25300.74,0.00,68.47,false
2024-09-05,Электрический чайник,Кухня,79,215410.09,3408.39,20.00,102.09,true
2024-09-05,Кофеварка,Кухня,29,251774.23,8681.87,0.00,89.78,false
2024-09-05,Увлажнитель воздуха,Дом и быт,45,265035.15,6199.65,5.00,145.43,false
2024-09-05,Набор посуды,Дом и быт,35,231046.55,6601.33,0.00,167.74,false
2024-09-05,Фен,Красота,61,270478.88,4434.08,0.00,185.00,false
2024-09-06,Робот-пылесос,Электроника,27,592357.86,27423.97,20.00,75.42,true
2024-09-06,Электрический чайник,Кухня,41,144981.74,3536.14,0.00,127.92,false
2024-09-06,Кофеварка,Кухня,33,272674.38,9721.01,15.00,101.23,false
2024-09-06,Увлажнитель воздуха,Дом и быт,59,321709.89,5452.71,0.00,123.84,true
2024-09-06,Набор посуды,Дом и быт,42,279976.62,6666.11,0.00,170.81,true
2024-09-06,Фен,Красота,89,369487.06,4151.54,0.00,186.55,false
2024-09-07,Робот-пылесос,Электроника,19,497900.32,26205.28,0.00,67.97,false
2024-09-07,Электрический чайник,Кухня,47,170090.18,3618.94,0.00,126.34,false
2024-09-07,Кофеварка,Кухня,41,327156.63,9974.29,20.00,92.01,true
2024-09-07,Увлажнитель воздуха,Дом и быт,47,268977.24,5722.92,0.00,147.18,false
2024-09-07,Набор посуды,Дом и быт,72,490349.52,6810.41,0.00,164.25,true
2024-09-07,Фен,Красота,102,408720.12,4007.06,0.00,204.98,true
2024-09-08,Робот-пылесос,Электроника,27,723706.65,26803.95,0.00,68.06,false
2024-09-08,Электрический чайник,Кухня,79,255813.06,3408.57,5.00,98.09,true
2024-09-08,Кофеварка,Кухня,26,262607.02,10100.27,0.00,88.60,false
2024-09-08,Увлажнитель воздуха,Дом и быт,72,430369.20,5977.35,0.00,129.23,false
2024-09-08,Набор посуды,Дом и быт,55,366833.50,7020.74,5.00,157.91,false
2024-09-08,Фен,Красота,60,248234.40,4137.24,0.00,209.19,false
2024-09-09,Робот-пылесос,Электроника,21,553370.37,26350.97,0.00,77.79,false
2024-09-09,Электрический чайник,Кухня,67,223985.02,3343.06,0.00,138.40,true
2024-09-09,Кофеварка,Кухня,40,319145.20,9118.43,12.50,93.60,false
2024-09-09,Увлажнитель воздуха,Дом и быт,38,236436.00,6222.00,0.00,132.66,false
2024-09-09,Набор посуды,Дом и быт,44,306214.92,6959.43,0.00,163.11,false
2024-09-09,Фен,Красота,60,253835.40,4230.59,0.00,198.98,false
2024-09-10,Робот-пылесос,Электроника,21,534582.93,29092.95,12.50,88.51,false
2024-09-10,Электрический чайник,Кухня,65,181886.25,3497.82,20.00,138.02,false
2024-09-10,Кофеварка,Кухня,28,257296.48,9189.16,0.00,105.77,false
2024-09-10,Увлажнитель воздуха,Дом и быт,48,289606.08,6033.46,0.00,152.38,false
2024-09-10,Набор посуды,Дом и быт,49,302571.08,6174.92,0.00,152.41,false
2024-09-10,Фен,Красота,58,249085.06,4294.57,0.00,207.67,false
2024-09-11,Робот-пылесос,Электроника,23,614339.43,26710.41,0.00,79.09,false
2024-09-11,Электрический чайник,Кухня,55,183339.75,3333.45,0.00,106.74,false
2024-09-11,Кофеварка,Кухня,40,308300.00,9634.37,20.00,105.53,false
2024-09-11,Увлажнитель воздуха,Дом и быт,48,259211.04,5869.82,8.00,141.88,false
2024-09-11,Набор посуды,Дом и быт,42,278402.46,6977.51,5.00,150.60,false
2024-09-11,Фен,Красота,51,207080.40,4060.40,0.00,196.01,false
2024-09-12,Робот-пылесос,Электроника,17,447543.70,26326.10,0.00,68.20,false
2024-09-12,Электрический чайник,Кухня,57,196831.83,3453.19,0.00,87.75,false
2024-09-12,Кофеварка,Кухня,20,190701.00,9535.05,0.00,116.36,false
2024-09-12,Увлажнитель воздуха,Дом и быт,38,237763.34,6256.93,0.00,135.33,false
2024-09-12,Набор посуды,Дом и быт,36,235038.60,6528.85,0.00,163.37,false
2024-09-12,Фен,Красота,67,266008.76,3970.28,0.00,169.66,false
2024-09-13,Робот-пылесос,Электроника,23,602723.28,27584.59,5.00,77.24,false
2024-09-13,Электрический чайник,Кухня,48,167709.12,3493.94,0.00,130.20,false
2024-09-13,Кофеварка,Кухня,26,233412.66,9758.06,8.00,102.05,false
2024-09-13,Увлажнитель воздуха,Дом и быт,30,191890.80,6396.36,0.00,126.01,false
2024-09-13,Набор посуды,Дом и быт,39,247778.70,6353.30,0.00,175.07,false
2024-09-13,Фен,Красота,57,261611.76,4589.68,0.00,206.81,false
2024-09-14,Робот-пылесос,Электроника,22,578743.22,27691.06,5.00,78.50,false
2024-09-14,Электрический чайник,Кухня,48,184076.64,3834.93,0.00,135.64,false
2024-09-14,Кофеварка,Кухня,30,266001.90,8866.73,0.00,115.60,true
2024-09-14,Увлажнитель воздуха,Дом и быт,85,395395.35,5472.60,15.00,126.26,false
2024-09-14,Набор посуды,Дом и быт,63,410334.75,6513.25,0.00,157.21,false
2024-09-14,Фен,Красота,68,293821.88,4320.91,0.00,182.99,false
2024-09-15,Робот-пылесос,Электроника,19,485207.18,29185.40,12.50,66.29,false
2024-09-15,Электрический чайник,Кухня,44,154555.28,3512.62,0.00,134.83,false
2024-09-15,Кофеварка,Кухня,34,307541.22,9045.33,0.00,90.13,false
2024-09-15,Увлажнитель воздуха,Дом и быт,70,408783.20,5839.76,0.00,126.34,false
2024-09-15,Набор посуды,Дом и быт,48,336871.20,7018.15,0.00,147.19,false
2024-09-15,Фен,Красота,74,292709.22,3955.53,0.00,203.22,false
2024-09-16,Робот-пылесос,Электроника,19,492008.04,25895.16,0.00,78.19,false
2024-09-16,Электрический чайник,Кухня,68,237913.64,3498.73,0.00,102.28,false
2024-09-16,Кофеварка,Кухня,37,323507.65,8743.45,0.00,104.57,false
2024-09-16,Увлажнитель воздуха,Дом и быт,72,349147.44,6061.59,20.00,145.28,false
2024-09-16,Набор посуды,Дом и быт,41,275580.27,6721.47,0.00,172.34,false
2024-09-16,Фен,Красота,66,300802.92,4557.62,0.00,210.63,false
2024-09-17,Робот-пылесос,Электроника,17,496315.68,29195.04,0.00,85.47,false
2024-09-17,Электрический чайник,Кухня,53,189112.48,3878.43,8.00,128.58,false
2024-09-17,Кофеварка,Кухня,43,327027.47,8947.40,15.00,107.75,false
2024-09-17,Увлажнитель воздуха,Дом и быт,41,254478.39,6206.79,0.00,137.79,false
2024-09-17,Набор посуды,Дом и быт,44,308040.92,7000.93,0.00,165.64,false
2024-09-17,Фен,Красота,52,207147.20,3983.60,0.00,164.17,false
2024-09-18,Робот-пылесос,Электроника,21,539420.07,25686.67,0.00,81.62,false
2024-09-18,Электрический чайник,Кухня,54,205404.12,3803.78,0.00,125.35,false
2024-09-18,Кофеварка,Кухня,39,313500.72,9457.03,15.00,103.25,false
2024-09-18,Увлажнитель воздуха,Дом и быт,68,377572.04,6345.75,12.50,148.99,true
2024-09-18,Набор посуды,Дом и быт,37,258952.27,6998.71,0.00,167.12,false
2024-09-18,Фен,Красота,57,248079.96,4352.28,0.00,189.16,false
2024-09-19,Робот-пылесос,Электроника,27,693909.45,27053.00,5.00,72.55,false
2024-09-19,Электрический чайник,Кухня,58,169793.84,3444.10,15.00,118.36,false
2024-09-19,Кофеварка,Кухня,55,379937.80,8634.95,20.00,117.58,true
2024-09-19,Увлажнитель воздуха,Дом и быт,53,287848.30,5431.10,0.00,151.30,false
2024-09-19,Набор посуды,Дом и быт,36,244485.72,6791.27,0.00,159.29,false
2024-09-19,Фен,Красота,86,316412.92,3999.16,8.00,186.82,false
2024-09-20,Робот-пылесос,Электроника,17,462318.57,30216.90,10.00,65.01,false
2024-09-20,Электрический чайник,Кухня,52,158680.60,3814.44,20.00,94.38,false
2024-09-20,Кофеварка,Кухня,23,224943.91,9780.17,0.00,108.13,false
2024-09-20,Увлажнитель воздуха,Дом и быт,46,275683.52,5993.12,0.00,157.55,false
2024-09-20,Набор посуды,Дом и быт,55,350379.15,6370.53,0.00,175.81,true
2024-09-20,Фен,Красота,71,325370.28,4582.68,0.00,177.48,false
2024-09-21,Робот-пылесос,Электроника,21,586229.07,27915.67,0.00,81.53,false
2024-09-21,Электрический чайник,Кухня,41,158208.34,3858.74,0.00,92.00,false
2024-09-21,Кофеварка,Кухня,26,225112.94,8658.19,0.00,101.40,false
2024-09-21,Увлажнитель воздуха,Дом и быт,49,262416.56,5821.13,8.00,132.91,false
2024-09-21,Набор посуды,Дом и быт,65,426843.95,6912.45,5.00,171.83,false
2024-09-21,Фен,Красота,109,446758.30,4554.11,10.00,204.74,false
2024-09-22,Робот-пылесос,Электроника,23,667171.35,29007.45,0.00,71.61,true
2024-09-22,Электрический чайник,Кухня,53,174726.16,3296.72,0.00,115.18,false
2024-09-22,Кофеварка,Кухня,36,295898.76,8652.01,5.00,100.26,false
2024-09-22,Увлажнитель воздуха,Дом и быт,66,368875.32,5589.02,0.00,159.02,false
2024-09-22,Набор посуды,Дом и быт,58,344985.74,5948.03,0.00,163.41,false
2024-09-22,Фен,Красота,108,461917.08,4277.01,0.00,203.70,false
2024-09-23,Робот-пылесос,Электроника,15,436627.20,29108.48,0.00,83.05,false
2024-09-23,Электрический чайник,Кухня,53,185065.40,3491.80,0.00,90.89,false
2024-09-23,Кофеварка,Кухня,35,313881.05,8968.03,0.00,98.39,false
2024-09-23,Увлажнитель воздуха,Дом и быт,49,288395.87,5885.63,0.00,166.12,false
2024-09-23,Набор посуды,Дом и быт,46,303928.44,6607.14,0.00,146.87,false
2024-09-23,Фен,Красота,70,309946.70,4427.81,0.00,188.25,false
2024-09-24,Робот-пылесос,Электроника,21,579940.41,29069.70,5.00,70.01,false
2024-09-24,Электрический чайник,Кухня,57,195071.10,3719.89,8.00,101.76,false
2024-09-24,Кофеварка,Кухня,36,331529.40,9693.84,5.00,116.88,false
2024-09-24,Увлажнитель воздуха,Дом и быт,49,275295.23,5618.27,0.00,137.69,false
2024-09-24,Набор посуды,Дом и быт,64,326174.72,6370.60,20.00,171.18,false
2024-09-24,Фен,Красота,52,218958.48,4210.74,0.00,187.48,false
2024-09-25,Робот-пылесос,Электроника,21,565630.38,28352.40,5.00,67.36,false
2024-09-25,Электрический чайник,Кухня,71,228785.43,3790.97,15.00,127.37,false
2024-09-25,Кофеварка,Кухня,26,230839.18,8878.43,0.00,105.25,false
2024-09-25,Увлажнитель воздуха,Дом и быт,59,369483.37,6262.43,0.00,136.81,true
2024-09-25,Набор посуды,Дом и быт,25,174848.25,6993.93,0.00,168.84,false
2024-09-25,Фен,Красота,61,255089.19,4181.79,0.00,175.25,false
2024-09-26,Робот-пылесос,Электроника,22,561998.14,25545.37,0.00,70.66,false
2024-09-26,Электрический чайник,Кухня,66,228815.40,3466.90,0.00,110.72,true
2024-09-26,Кофеварка,Кухня,30,267454.20,8915.14,0.00,115.65,false
2024-09-26,Увлажнитель воздуха,Дом и быт,53,296142.27,6208.43,10.00,135.36,true
2024-09-26,Набор посуды,Дом и быт,52,331397.04,6373.02,0.00,176.59,true
2024-09-26,Фен,Красота,65,252686.20,3887.48,0.00,207.51,false
2024-09-27,Робот-пылесос,Электроника,18,490872.06,29642.04,8.00,64.63,false
2024-09-27,Электрический чайник,Кухня,47,167904.21,3883.07,8.00,93.86,false
2024-09-27,Кофеварка,Кухня,20,195841.40,9792.07,0.00,99.28,false
2024-09-27,Увлажнитель воздуха,Дом и быт,53,267280.59,5763.47,12.50,145.22,false
2024-09-27,Набор посуды,Дом и быт,65,394280.25,6739.83,10.00,179.56,true
2024-09-27,Фен,Красота,63,285164.46,4526.42,0.00,166.86,false
2024-09-28,Робот-пылесос,Электроника,22,580813.64,30172.14,12.50,74.64,false
2024-09-28,Электрический чайник,Кухня,48,152745.60,3535.78,10.00,130.46,false
2024-09-28,Кофеварка,Кухня,23,214129.77,9309.99,0.00,119.34,false
2024-09-28,Увлажнитель воздуха,Дом и быт,56,302599.36,5403.56,0.00,137.27,false
2024-09-28,Набор посуды,Дом и быт,70,428123.50,6116.05,0.00,179.65,false
2024-09-28,Фен,Красота,75,279771.75,4144.77,10.00,191.92,false
2024-09-29,Робот-пылесос,Электроника,19,490281.32,25804.28,0.00,77.78,false
2024-09-29,Электрический чайник,Кухня,64,212446.08,3905.25,15.00,110.35,false
2024-09-29,Кофеварка,Кухня,42,401225.16,9552.98,0.00,120.36,true
2024-09-29,Увлажнитель воздуха,Дом и быт,62,303972.36,5767.97,15.00,137.26,false
2024-09-29,Набор посуды,Дом и быт,60,406736.40,6778.94,0.00,170.20,false
2024-09-29,Фен,Красота,90,362132.10,4023.69,0.00,190.69,false
2024-09-30,Робот-пылесос,Электроника,21,623538.93,29692.33,0.00,69.50,false
2024-09-30,Электрический чайник,Кухня,73,195545.83,3348.39,20.00,93.79,false
2024-09-30,Кофеварка,Кухня,39,369072.21,9463.39,0.00,125.93,false
2024-09-30,Увлажнитель воздуха,Дом и быт,66,347110.50,5843.61,10.00,161.04,false
2024-09-30,Набор посуды,Дом и быт,51,342148.29,6708.79,0.00,152.34,false
2024-09-30,Фен,Красота,64,281390.08,4396.72,0.00,198.63,false
2024-10-01,Робот-пылесос,Электроника,23,602157.48,29920.87,12.50,78.56,false
2024-10-01,Электрический чайник,Кухня,64,221157.12,3756.07,8.00,118.30,false
2024-10-01,Кофеварка,Кухня,36,342002.88,9500.08,0.00,123.03,false
2024-10-01,Увлажнитель воздуха,Дом и быт,56,351686.72,6280.12,0.00,162.77,false
2024-10-01,Набор посуды,Дом и быт,39,250528.98,6423.82,0.00,155.61,false
2024-10-01,Фен,Красота,67,270773.13,4254.10,5.00,176.91,false
2024-10-02,Робот-пылесос,Электроника,24,663326.88,27638.62,0.00,77.87,false
2024-10-02,Электрический чайник,Кухня,60,206271.00,3437.85,0.00,97.37,false
2024-10-02,Кофеварка,Кухня,35,339407.95,9697.37,0.00,126.08,false
2024-10-02,Увлажнитель воздуха,Дом и быт,46,257786.30,5604.05,0.00,144.29,false
2024-10-02,Набор посуды,Дом и быт,57,381792.27,6698.11,0.00,183.96,true
2024-10-02,Фен,Красота,68,272579.36,4219.50,5.00,180.07,false
2024-10-03,Робот-пылесос,Электроника,23,612829.48,28047.11,5.00,85.31,false
2024-10-03,Электрический чайник,Кухня,49,190433.60,3886.40,0.00,106.47,false
2024-10-03,Кофеварка,Кухня,28,251994.40,8999.80,0.00,114.49,false
2024-10-03,Увлажнитель воздуха,Дом и быт,46,260158.06,5655.61,0.00,150.80,false
2024-10-03,Набор посуды,Дом и быт,42,260103.06,6192.93,0.00,168.83,false
2024-10-03,Фен,Красота,67,262237.33,4348.88,10.00,166.23,false
2024-10-04,Робот-пылесос,Электроника,25,596420.25,28066.84,15.00,76.35,false
2024-10-04,Электрический чайник,Кухня,49,162906.87,3799.58,12.50,109.06,false
2024-10-04,Кофеварка,Кухня,34,284269.92,8360.88,0.00,103.81,false
2024-10-04,Увлажнитель воздуха,Дом и быт,36,217374.12,6038.17,0.00,146.22,false
2024-10-04,Набор посуды,Дом и быт,67,402475.03,6865.24,12.50,165.25,true
2024-10-04,Фен,Красота,67,286622.65,4277.95,0.00,206.94,false
2024-10-05,Робот-пылесос,Электроника,19,538053.97,28318.63,0.00,70.29,false
2024-10-05,Электрический чайник,Кухня,55,168993.00,3339.79,8.00,110.84,false
2024-10-05,Кофеварка,Кухня,26,244950.68,9421.18,0.00,125.21,false
2024-10-05,Увлажнитель воздуха,Дом и быт,51,311354.49,6104.99,0.00,162.59,false
2024-10-05,Набор посуды,Дом и быт,57,383561.55,6729.15,0.00,168.76,false
2024-10-05,Фен,Красота,70,290478.30,4149.69,0.00,180.37,false
2024-10-06,Робот-пылесос,Электроника,14,422582.16,30184.44,0.00,71.96,false
2024-10-06,Электрический чайник,Кухня,57,203806.92,3763.75,5.00,122.54,false
2024-10-06,Кофеварка,Кухня,33,292564.14,8865.58,0.00,113.51,false
2024-10-06,Увлажнитель воздуха,Дом и быт,70,379620.50,5423.15,0.00,172.96,false
2024-10-06,Набор посуды,Дом и быт,56,332478.16,5937.11,0.00,183.74,false
2024-10-06,Фен,Красота,68,272518.84,4007.63,0.00,165.43,false
2024-10-07,Робот-пылесос,Электроника,20,576347.00,28817.35,0.00,66.22,false
2024-10-07,Электрический чайник,Кухня,69,202709.58,3264.25,10.00,125.30,false
2024-10-07,Кофеварка,Кухня,47,357816.17,8275.12,8.00,125.82,false
2024-10-07,Увлажнитель воздуха,Дом и быт,51,292827.21,5741.71,0.00,138.53,false
2024-10-07,Набор посуды,Дом и быт,51,322598.46,6325.46,0.00,170.65,false
2024-10-07,Фен,Красота,60,260616.00,4343.60,0.00,208.46,false
2024-10-08,Робот-пылесос,Электроника,19,497615.89,26190.31,0.00,69.72,false
2024-10-08,Электрический чайник,Кухня,74,254301.74,3436.51,0.00,104.12,false
2024-10-08,Кофеварка,Кухня,31,292950.31,9450.01,0.00,115.87,false
2024-10-08,Увлажнитель воздуха,Дом и быт,68,304229.28,5263.49,15.00,160.12,false
2024-10-08,Набор посуды,Дом и быт,50,292088.00,6349.74,8.00,184.77,false
2024-10-08,Фен,Красота,59,225980.03,4255.75,10.00,194.41,false
2024-10-09,Робот-пылесос,Электроника,27,658681.74,27880.71,12.50,85.02,false
2024-10-09,Электрический чайник,Кухня,51,190182.57,3729.07,0.00,111.80,false
2024-10-09,Кофеварка,Кухня,29,283399.02,9772.38,0.00,129.33,false
2024-10-09,Увлажнитель воздуха,Дом и быт,46,241593.84,5252.04,0.00,165.01,false
2024-10-09,Набор посуды,Дом и быт,55,328289.50,5968.90,0.00,175.91,false
2024-10-09,Фен,Красота,72,313092.00,4348.50,0.00,164.76,false
2024-10-10,Робот-пылесос,Электроника,22,636780.32,28944.56,0.00,84.45,false
2024-10-10,Электрический чайник,Кухня,62,204340.22,3295.81,0.00,122.97,false
2024-10-10,Кофеварка,Кухня,33,309999.03,9393.91,0.00,110.97,false
2024-10-10,Увлажнитель воздуха,Дом и быт,56,292822.88,5809.98,10.00,173.81,false
2024-10-10,Набор посуды,Дом и быт,40,256545.20,6413.63,0.00,176.88,false
2024-10-10,Фен,Красота,55,248241.40,4513.48,0.00,200.53,false
2024-10-11,Робот-пылесос,Электроника,18,471221.10,26178.95,0.00,82.67,false
2024-10-11,Электрический чайник,Кухня,91,248530.10,3413.87,20.00,119.33,true
2024-10-11,Кофеварка,Кухня,35,309099.00,8831.40,0.00,124.19,false
2024-10-11,Увлажнитель воздуха,Дом и быт,56,303278.64,6017.44,10.00,177.83,false
2024-10-11,Набор посуды,Дом и быт,47,306810.83,6527.89,0.00,178.37,false
2024-10-11,Фен,Красота,61,266876.22,4375.02,0.00,190.16,false
2024-10-12,Робот-пылесос,Электроника,23,611380.48,26581.76,0.00,82.51,false
2024-10-12,Электрический чайник,Кухня,56,203576.24,3635.29,0.00,101.52,false
2024-10-12,Кофеварка,Кухня,37,343903.90,9294.70,0.00,116.56,true
2024-10-12,Увлажнитель воздуха,Дом и быт,64,377267.84,5894.81,0.00,146.00,false
2024-10-12,Набор посуды,Дом и быт,85,531591.70,6254.02,0.00,187.36,false
2024-10-12,Фен,Красота,87,387703.32,4456.36,0.00,206.49,false
2024-10-13,Робот-пылесос,Электроника,25,687480.75,27499.23,0.00,84.44,false
2024-10-13,Электрический чайник,Кухня,59,194301.16,3293.24,0.00,113.09,false
2024-10-13,Кофеварка,Кухня,53,367744.21,8673.22,20.00,124.87,false
2024-10-13,Увлажнитель воздуха,Дом и быт,86,458005.04,5917.38,10.00,146.80,false
2024-10-13,Набор посуды,Дом и быт,68,448229.48,6591.61,0.00,180.21,false
2024-10-13,Фен,Красота,70,306908.70,4384.41,0.00,184.19,false
2024-10-14,Робот-пылесос,Электроника,23,641156.28,27876.36,0.00,85.94,false
2024-10-14,Электрический чайник,Кухня,52,174599.88,3357.69,0.00,102.04,false
2024-10-14,Кофеварка,Кухня,37,303308.61,8197.53,0.00,110.65,false
2024-10-14,Увлажнитель воздуха,Дом и быт,46,285988.44,6217.14,0.00,155.91,false
2024-10-14,Набор посуды,Дом и быт,81,426951.00,6588.75,20.00,176.11,false
2024-10-14,Фен,Красота,69,272032.50,3942.50,0.00,190.17,false
2024-10-15,Робот-пылесос,Электроника,31,803066.47,25905.37,0.00,69.72,true
2024-10-15,Электрический чайник,Кухня,57,190566.39,3343.27,0.00,128.86,false
2024-10-15,Кофеварка,Кухня,39,327424.50,8395.50,0.00,121.93,false
2024-10-15,Увлажнитель воздуха,Дом и быт,80,374834.40,5206.03,10.00,169.21,false
2024-10-15,Набор посуды,Дом и быт,51,316746.21,6210.71,0.00,164.72,false
2024-10-15,Фен,Красота,87,313673.28,3918.95,8.00,191.01,false
2024-10-16,Робот-пылесос,Электроника,29,743677.45,25644.05,0.00,67.27,false
2024-10-16,Электрический чайник,Кухня,57,211752.15,3714.95,0.00,154.41,false
2024-10-16,Кофеварка,Кухня,44,317939.60,9032.37,20.00,122.77,false
2024-10-16,Увлажнитель воздуха,Дом и быт,66,323301.00,5598.28,12.50,161.49,false
2024-10-16,Набор посуды,Дом и быт,60,323104.20,6731.34,20.00,172.85,false
2024-10-16,Фен,Красота,80,315416.80,4505.95,12.50,163.50,true
2024-10-17,Робот-пылесос,Электроника,19,543358.96,28597.84,0.00,72.66,false
2024-10-17,Электрический чайник,Кухня,65,194626.25,3742.81,20.00,105.47,false
2024-10-17,Кофеварка,Кухня,40,371938.40,9298.46,0.00,115.13,true
2024-10-17,Увлажнитель воздуха,Дом и быт,42,256180.26,6099.53,0.00,167.08,false
2024-10-17,Набор посуды,Дом и быт,40,248420.80,6210.52,0.00,177.44,false
2024-10-17,Фен,Красота,58,245614.92,4234.74,0.00,187.06,false
2024-10-18,Робот-пылесос,Электроника,17,421057.70,26921.85,8.00,72.68,false
2024-10-18,Электрический чайник,Кухня,56,188031.76,3649.68,8.00,151.11,false
2024-10-18,Кофеварка,Кухня,34,300089.10,8826.15,0.00,123.93,false
2024-10-18,Увлажнитель воздуха,Дом и быт,52,298890.28,5747.89,0.00,178.95,false
2024-10-18,Набор посуды,Дом и быт,61,402242.54,6594.14,0.00,170.87,true
2024-10-18,Фен,Красота,57,264840.81,4646.33,0.00,201.74,false
2024-10-19,Робот-пылесос,Электроника,19,553995.73,29157.67,0.00,67.46,false
2024-10-19,Электрический чайник,Кухня,49,180783.05,3689.45,0.00,123.22,false
2024-10-19,Кофеварка,Кухня,36,299644.92,8323.47,0.00,128.99,false
2024-10-19,Увлажнитель воздуха,Дом и быт,64,384378.88,6005.92,0.00,149.98,false
2024-10-19,Набор посуды,Дом и быт,58,364092.68,6277.46,0.00,166.90,false
2024-10-19,Фен,Красота,93,396921.21,4267.97,0.00,197.37,false
2024-10-20,Робот-пылесос,Электроника,24,619789.44,25824.56,0.00,79.55,false
2024-10-20,Электрический чайник,Кухня,92,252074.48,3424.92,20.00,142.12,false
2024-10-20,Кофеварка,Кухня,44,368573.92,8376.68,0.00,129.54,false
2024-10-20,Увлажнитель воздуха,Дом и быт,65,339790.75,5227.55,0.00,181.58,false
2024-10-20,Набор посуды,Дом и быт,57,351899.19,6498.60,5.00,155.34,false
2024-10-20,Фен,Красота,88,381799.44,4566.98,5.00,186.87,false
2024-10-21,Робот-пылесос,Электроника,37,933906.64,25240.72,0.00,89.17,true
2024-10-21,Электрический чайник,Кухня,56,179786.88,3210.48,0.00,150.59,false
2024-10-21,Кофеварка,Кухня,43,379237.21,8819.47,0.00,131.88,false
2024-10-21,Увлажнитель воздуха,Дом и быт,63,362808.81,5758.87,0.00,154.79,false
2024-10-21,Набор посуды,Дом и быт,54,343846.08,6367.52,0.00,182.74,false
2024-10-21,Фен,Красота,57,231084.84,4054.12,0.00,170.89,false
2024-10-22,Робот-пылесос,Электроника,20,561195.40,28059.77,0.00,83.96,false
2024-10-22,Электрический чайник,Кухня,64,205976.96,3218.39,0.00,109.39,false
2024-10-22,Кофеварка,Кухня,28,242205.60,8650.20,0.00,144.01,false
2024-10-22,Увлажнитель воздуха,Дом и быт,63,315549.99,5565.26,10.00,169.30,false
2024-10-22,Набор посуды,Дом и быт,51,305126.88,6837.57,12.50,171.74,false
2024-10-22,Фен,Красота,46,210105.46,4567.51,0.00,173.52,false
2024-10-23,Робот-пылесос,Электроника,26,700957.14,29955.44,10.00,69.42,true
2024-10-23,Электрический чайник,Кухня,69,259822.26,3765.54,0.00,133.85,false
2024-10-23,Кофеварка,Кухня,27,259628.76,9615.88,0.00,144.71,false
2024-10-23,Увлажнитель воздуха,Дом и быт,43,250218.29,5819.03,0.00,157.45,false
2024-10-23,Набор посуды,Дом и быт,41,252139.34,6833.05,10.00,179.79,false
2024-10-23,Фен,Красота,50,229407.50,4588.15,0.00,174.24,false
2024-10-24,Робот-пылесос,Электроника,20,516924.20,25846.21,0.00,83.96,false
2024-10-24,Электрический чайник,Кухня,55,190048.65,3455.43,0.00,149.28,false
2024-10-24,Кофеварка,Кухня,32,295011.52,9219.11,0.00,117.77,false
2024-10-24,Увлажнитель воздуха,Дом и быт,42,256667.46,6111.13,0.00,161.97,false
2024-10-24,Набор посуды,Дом и быт,56,375755.52,6709.92,0.00,171.79,true
2024-10-24,Фен,Красота,63,266942.97,4237.19,0.00,159.75,false
2024-10-25,Робот-пылесос,Электроника,20,586138.60,29306.93,0.00,74.80,false
2024-10-25,Электрический чайник,Кухня,39,147005.82,3769.38,0.00,117.96,false
2024-10-25,Кофеварка,Кухня,34,275303.78,8097.17,0.00,143.34,false
2024-10-25,Увлажнитель воздуха,Дом и быт,51,285825.93,5604.43,0.00,170.17,false
2024-10-25,Набор посуды,Дом и быт,45,302121.45,6713.81,0.00,187.35,false
2024-10-25,Фен,Красота,63,271346.04,4307.08,0.00,194.96,false
2024-10-26,Робот-пылесос,Электроника,23,565909.71,28119.74,12.50,83.91,false
2024-10-26,Электрический чайник,Кухня,49,167822.55,3424.95,0.00,147.35,false
2024-10-26,Кофеварка,Кухня,36,297355.32,8259.87,0.00,132.47,false
2024-10-26,Увлажнитель воздуха,Дом и быт,74,413978.94,5594.31,0.00,151.70,false
2024-10-26,Набор посуды,Дом и быт,64,376589.44,5884.21,0.00,176.63,false
2024-10-26,Фен,Красота,75,300666.75,4008.89,0.00,191.60,false
2024-10-27,Робот-пылесос,Электроника,30,720577.20,26688.05,10.00,73.56,true
2024-10-27,Электрический чайник,Кухня,53,190700.36,3598.12,0.00,139.84,false
2024-10-27,Кофеварка,Кухня,30,271137.30,9037.91,0.00,141.23,false
2024-10-27,Увлажнитель воздуха,Дом и быт,70,435005.20,6214.36,0.00,185.82,false
2024-10-27,Набор посуды,Дом и быт,77,465069.99,6039.87,0.00,156.53,false
2024-10-27,Фен,Красота,55,216814.40,3942.08,0.00,193.48,false
2024-10-28,Робот-пылесос,Электроника,18,517209.30,28733.85,0.00,77.17,false
2024-10-28,Электрический чайник,Кухня,96,271845.12,3539.65,20.00,128.14,false
2024-10-28,Кофеварка,Кухня,37,354609.11,9584.03,0.00,129.29,false
2024-10-28,Увлажнитель воздуха,Дом и быт,75,392753.25,5512.32,5.00,163.12,false
2024-10-28,Набор посуды,Дом и быт,52,357253.00,6870.25,0.00,156.53,false
2024-10-28,Фен,Красота,79,328530.98,4158.62,0.00,201.07,false
2024-10-29,Робот-пылесос,Электроника,26,623331.02,27399.16,12.50,85.21,false
2024-10-29,Электрический чайник,Кухня,100,292665.00,3344.74,12.50,163.14,false
2024-10-29,Кофеварка,Кухня,39,338940.42,8690.78,0.00,142.97,false
2024-10-29,Увлажнитель воздуха,Дом и быт,61,331069.57,5427.37,0.00,152.34,false
2024-10-29,Набор посуды,Дом и быт,46,292194.30,6352.05,0.00,160.85,false
2024-10-29,Фен,Красота,64,286482.56,4476.29,0.00,185.19,false
2024-10-30,Робот-пылесос,Электроника,26,734845.54,28263.29,0.00,82.89,false
2024-10-30,Электрический чайник,Кухня,73,247239.32,3386.84,0.00,160.81,false
2024-10-30,Кофеварка,Кухня,32,307071.36,9595.98,0.00,133.55,false
2024-10-30,Увлажнитель воздуха,Дом и быт,80,365310.40,5707.98,20.00,155.12,false
2024-10-30,Набор посуды,Дом и быт,44,306084.68,6956.47,0.00,177.05,false
2024-10-30,Фен,Красота,68,273912.16,4028.12,0.00,181.26,false
2024-10-31,Робот-пылесос,Электроника,24,614887.20,25620.30,0.00,81.96,false
2024-10-31,Электрический чайник,Кухня,68,221042.84,3250.63,0.00,121.59,false
2024-10-31,Кофеварка,Кухня,28,264659.64,9452.13,0.00,136.84,false
2024-10-31,Увлажнитель воздуха,Дом и быт,47,246475.52,5993.32,12.50,167.64,false
2024-10-31,Набор посуды,Дом и быт,65,358692.75,6897.94,20.00,176.36,true
2024-10-31,Фен,Красота,68,299085.76,4398.32,0.00,162.24,false
2024-11-01,Робот-пылесос,Электроника,21,522040.26,24859.06,0.00,70.99,false
2024-11-01,Электрический чайник,Кухня,54,193119.12,3576.28,0.00,150.18,false
2024-11-01,Кофеварка,Кухня,34,319828.14,9406.71,0.00,143.33,false
2024-11-01,Увлажнитель воздуха,Дом и быт,52,287000.48,5519.24,0.00,186.60,false
2024-11-01,Набор посуды,Дом и быт,53,341415.40,6441.80,0.00,177.28,false
2024-11-01,Фен,Красота,72,285869.52,3970.41,0.00,183.71,false
2024-11-02,Робот-пылесос,Электроника,26,645264.88,29197.50,15.00,71.34,false
2024-11-02,Электрический чайник,Кухня,67,243743.32,3637.96,0.00,113.60,true
2024-11-02,Кофеварка,Кухня,33,275790.90,8797.16,5.00,144.61,false
2024-11-02,Увлажнитель воздуха,Дом и быт,53,278938.47,5262.99,0.00,151.95,false
2024-11-02,Набор посуды,Дом и быт,73,470555.81,6445.97,0.00,172.65,false
2024-11-02,Фен,Красота,86,391690.44,4554.54,0.00,196.99,false
2024-11-03,Робот-пылесос,Электроника,23,580853.96,26583.71,5.00,84.29,false
2024-11-03,Электрический чайник,Кухня,61,199512.09,3270.69,0.00,138.97,false
2024-11-03,Кофеварка,Кухня,49,316845.27,8082.78,20.00,124.02,false
2024-11-03,Увлажнитель воздуха,Дом и быт,85,385990.10,5342.42,15.00,180.68,false
2024-11-03,Набор посуды,Дом и быт,67,418926.21,6252.63,0.00,156.01,false
2024-11-03,Фен,Красота,78,323960.52,4514.50,8.00,158.22,false
2024-11-04,Робот-пылесос,Электроника,17,480825.11,28283.83,0.00,81.01,false
2024-11-04,Электрический чайник,Кухня,66,213921.84,3411.83,5.00,164.20,false
2024-11-04,Кофеварка,Кухня,53,395840.57,8118.14,8.00,141.78,false
2024-11-04,Увлажнитель воздуха,Дом и быт,68,373638.92,5494.69,0.00,172.27,false
2024-11-04,Набор посуды,Дом и быт,49,308900.41,6304.09,0.00,190.65,false
2024-11-04,Фен,Красота,63,297065.16,4715.32,0.00,198.03,true
2024-11-05,Робот-пылесос,Электроника,26,720464.94,27710.19,0.00,80.17,false
2024-11-05,Электрический чайник,Кухня,55,181403.20,3298.24,0.00,115.25,false
2024-11-05,Кофеварка,Кухня,44,357782.48,9566.38,15.00,128.78,false
2024-11-05,Увлажнитель воздуха,Дом и быт,61,332614.09,5452.69,0.00,181.25,false
2024-11-05,Набор посуды,Дом и быт,62,373125.92,6018.16,0.00,179.61,false
2024-11-05,Фен,Красота,53,225858.97,4485.78,5.00,188.58,false
2024-11-06,Робот-пылесос,Электроника,29,813613.85,28055.65,0.00,72.68,false
2024-11-06,Электрический чайник,Кухня,40,145198.40,3629.96,0.00,152.94,false
2024-11-06,Кофеварка,Кухня,33,296623.14,8988.58,0.00,130.34,false
2024-11-06,Увлажнитель воздуха,Дом и быт,46,256656.08,5579.48,0.00,186.31,false
2024-11-06,Набор посуды,Дом и быт,52,327904.20,6305.85,0.00,160.83,false
2024-11-06,Фен,Красота,45,205047.45,4556.61,0.00,174.96,false
2024-11-07,Робот-пылесос,Электроника,38,829924.94,25694.27,15.00,84.00,false
2024-11-07,Электрический чайник,Кухня,57,192745.50,3381.50,0.00,119.17,false
2024-11-07,Кофеварка,Кухня,40,353236.00,8830.90,0.00,155.35,false
2024-11-07,Увлажнитель воздуха,Дом и быт,63,333916.38,5300.26,0.00,160.15,true
2024-11-07,Набор посуды,Дом и быт,45,314593.65,6990.97,0.00,182.97,false
2024-11-07,Фен,Красота,77,303778.86,4152.82,5.00,192.69,false
2024-11-08,Робот-пылесос,Электроника,22,594686.18,27031.19,0.00,85.18,false
2024-11-08,Электрический чайник,Кухня,60,192895.80,3384.14,5.00,158.52,false
2024-11-08,Кофеварка,Кухня,35,309125.60,8832.16,0.00,154.86,false
2024-11-08,Увлажнитель воздуха,Дом и быт,45,273195.00,6071.00,0.00,192.91,false
2024-11-08,Набор посуды,Дом и быт,49,346918.04,7079.96,0.00,177.97,false
2024-11-08,Фен,Красота,82,311744.32,4472.65,15.00,175.41,false
2024-11-09,Робот-пылесос,Электроника,20,551894.40,27594.72,0.00,77.55,false
2024-11-09,Электрический чайник,Кухня,51,169248.09,3318.59,0.00,130.76,false
2024-11-09,Кофеварка,Кухня,38,299641.02,9011.77,12.50,151.51,false
2024-11-09,Увлажнитель воздуха,Дом и быт,69,369101.70,5349.30,0.00,184.98,false
2024-11-09,Набор посуды,Дом и быт,55,367596.35,6683.57,0.00,178.42,false
2024-11-09,Фен,Красота,115,504634.95,4388.13,0.00,170.26,true
2024-11-10,Робот-пылесос,Электроника,18,485754.66,26986.37,0.00,96.45,false
2024-11-10,Электрический чайник,Кухня,75,236216.25,3149.55,0.00,160.98,false
2024-11-10,Кофеварка,Кухня,42,385281.54,9173.37,0.00,139.69,false
2024-11-10,Увлажнитель воздуха,Дом и быт,82,463100.74,5647.57,0.00,159.21,false
2024-11-10,Набор посуды,Дом и быт,48,316637.28,6596.61,0.00,157.82,false
2024-11-10,Фен,Красота,63,290936.52,4618.04,0.00,185.28,false
2024-11-11,Робот-пылесос,Электроника,26,717923.44,27612.44,0.00,84.52,false
2024-11-11,Электрический чайник,Кухня,73,219164.25,3532.06,15.00,156.13,false
2024-11-11,Кофеварка,Кухня,50,410003.50,8200.07,0.00,136.77,false
2024-11-11,Увлажнитель воздуха,Дом и быт,69,411721.62,5966.98,0.00,169.78,false
2024-11-11,Набор посуды,Дом и быт,57,387412.47,6796.71,0.00,185.34,false
2024-11-11,Фен,Красота,60,285076.80,4751.28,0.00,185.42,true
2024-11-12,Робот-пылесос,Электроника,38,1040954.90,27393.55,0.00,86.93,true
2024-11-12,Электрический чайник,Кухня,75,246683.25,3575.12,8.00,125.35,false
2024-11-12,Кофеварка,Кухня,57,459477.00,9483.53,15.00,158.49,false
2024-11-12,Увлажнитель воздуха,Дом и быт,66,399037.98,6046.03,0.00,191.15,false
2024-11-12,Набор посуды,Дом и быт,47,287408.29,6115.07,0.00,187.89,false
2024-11-12,Фен,Красота,95,347200.30,4299.70,15.00,153.70,true
2024-11-13,Робот-пылесос,Электроника,29,811317.63,27976.47,0.00,80.93,true
2024-11-13,Электрический чайник,Кухня,63,228145.68,3621.36,0.00,129.45,false
2024-11-13,Кофеварка,Кухня,33,299977.26,9090.22,0.00,156.29,false
2024-11-13,Увлажнитель воздуха,Дом и быт,38,221840.20,5837.90,0.00,168.32,false
2024-11-13,Набор посуды,Дом и быт,37,255048.40,6893.20,0.00,185.38,false
2024-11-13,Фен,Красота,54,236107.98,4372.37,0.00,177.95,false
2024-11-14,Робот-пылесос,Электроника,21,589253.28,28059.68,0.00,95.72,false
2024-11-14,Электрический чайник,Кухня,62,200031.22,3226.31,0.00,153.82,false
2024-11-14,Кофеварка,Кухня,28,260757.56,9312.77,0.00,139.51,false
2024-11-14,Увлажнитель воздуха,Дом и быт,45,280422.45,6231.61,0.00,192.13,false
2024-11-14,Набор посуды,Дом и быт,34,235523.78,6927.17,0.00,180.00,false
2024-11-14,Фен,Красота,61,242983.74,4552.39,12.50,160.34,false
2024-11-15,Робот-пылесос,Электроника,27,671267.52,24861.76,0.00,88.16,false
2024-11-15,Электрический чайник,Кухня,65,197130.05,3192.39,5.00,145.29,false
2024-11-15,Кофеварка,Кухня,44,364298.88,8279.52,0.00,132.10,false
2024-11-15,Увлажнитель воздуха,Дом и быт,50,274484.00,5489.68,0.00,174.11,false
2024-11-15,Набор посуды,Дом и быт,54,378598.86,7011.09,0.00,164.81,false
2024-11-15,Фен,Красота,62,292075.18,4710.89,0.00,162.41,false
2024-11-16,Робот-пылесос,Электроника,25,598875.75,28182.39,15.00,94.40,false
2024-11-16,Электрический чайник,Кухня,65,223692.95,3441.43,0.00,169.43,false
2024-11-16,Кофеварка,Кухня,30,286764.00,9558.80,0.00,154.42,false
2024-11-16,Увлажнитель воздуха,Дом и быт,61,326239.59,5348.19,0.00,175.30,false
2024-11-16,Набор посуды,Дом и быт,55,346472.50,6299.50,0.00,159.18,false
2024-11-16,Фен,Красота,78,350429.04,4492.68,0.00,193.24,false
2024-11-17,Робот-пылесос,Электроника,24,683810.16,28492.09,0.00,93.45,false
2024-11-17,Электрический чайник,Кухня,107,302647.36,3535.60,20.00,166.75,true
2024-11-17,Кофеварка,Кухня,36,341494.56,9485.96,0.00,136.28,false
2024-11-17,Увлажнитель воздуха,Дом и быт,85,436933.15,5874.74,12.50,161.50,false
2024-11-17,Набор посуды,Дом и быт,62,395004.48,6371.04,0.00,166.66,false
2024-11-17,Фен,Красота,66,298607.76,4524.36,0.00,193.98,false
2024-11-18,Робот-пылесос,Электроника,29,722424.80,24911.20,0.00,100.70,false
2024-11-18,Электрический чайник,Кухня,70,238438.90,3406.27,0.00,145.63,false
2024-11-18,Кофеварка,Кухня,46,379744.72,9172.58,10.00,161.65,false
2024-11-18,Увлажнитель воздуха,Дом и быт,93,452874.66,5728.97,15.00,185.36,false
2024-11-18,Набор посуды,Дом и быт,57,371730.63,6521.59,0.00,185.51,false
2024-11-18,Фен,Красота,67,284070.62,4239.86,0.00,181.33,false
2024-11-19,Робот-пылесос,Электроника,25,715713.50,28628.54,0.00,89.25,false
2024-11-19,Электрический чайник,Кухня,99,258235.56,3260.55,20.00,135.24,false
2024-11-19,Кофеварка,Кухня,58,397009.42,8556.24,20.00,141.44,false
2024-11-19,Увлажнитель воздуха,Дом и быт,75,407919.75,6043.25,10.00,159.29,false
2024-11-19,Набор посуды,Дом и быт,47,294241.62,7154.81,12.50,179.01,false
2024-11-19,Фен,Красота,59,244453.52,4735.18,12.50,177.90,false
2024-11-20,Робот-пылесос,Электроника,26,703951.56,27075.06,0.00,96.19,false
2024-11-20,Электрический чайник,Кухня,76,243048.76,3476.10,8.00,136.34,false
2024-11-20,Кофеварка,Кухня,33,284513.46,8621.62,0.00,161.62,false
2024-11-20,Увлажнитель воздуха,Дом и быт,41,249983.15,6097.15,0.00,165.69,false
2024-11-20,Набор посуды,Дом и быт,39,274626.69,7041.71,0.00,173.16,false
2024-11-20,Фен,Красота,54,248550.66,4602.79,0.00,154.20,true
2024-11-21,Робот-пылесос,Электроника,26,698896.90,28295.42,5.00,92.92,false
2024-11-21,Электрический чайник,Кухня,57,213757.98,3750.14,0.00,176.55,false
2024-11-21,Кофеварка,Кухня,39,338140.53,8670.27,0.00,155.37,false
2024-11-21,Увлажнитель воздуха,Дом и быт,55,264667.70,5499.58,12.50,168.48,false
2024-11-21,Набор посуды,Дом и быт,63,357855.12,6311.38,10.00,160.76,true
2024-11-21,Фен,Красота,57,273699.18,4801.74,0.00,176.40,false
2024-11-22,Робот-пылесос,Электроника,22,550976.80,25044.40,0.00,84.99,false
2024-11-22,Электрический чайник,Кухня,74,221849.78,3426.25,12.50,130.46,false
2024-11-22,Кофеварка,Кухня,31,290407.69,9367.99,0.00,152.98,false
2024-11-22,Увлажнитель воздуха,Дом и быт,64,374688.00,6162.63,5.00,197.21,true
2024-11-22,Набор посуды,Дом и быт,61,402814.11,6603.51,0.00,185.29,false
2024-11-22,Фен,Красота,73,304631.92,4173.04,0.00,172.88,false
2024-11-23,Робот-пылесос,Электроника,27,759221.37,28119.31,0.00,96.29,true
2024-11-23,Электрический чайник,Кухня,72,246528.72,3424.01,0.00,155.75,false
2024-11-23,Кофеварка,Кухня,37,328271.03,8872.19,0.00,159.78,false
2024-11-23,Увлажнитель воздуха,Дом и быт,73,401743.82,5503.34,0.00,173.29,false
2024-11-23,Набор посуды,Дом и быт,57,390698.52,6854.36,0.00,161.94,false
2024-11-23,Фен,Красота,84,374909.64,4463.21,0.00,177.05,false
2024-11-24,Робот-пылесос,Электроника,37,843848.64,28508.41,20.00,87.88,true
2024-11-24,Электрический чайник,Кухня,50,167922.00,3358.44,0.00,129.80,false
2024-11-24,Кофеварка,Кухня,51,402325.74,9015.71,12.50,136.89,false
2024-11-24,Увлажнитель воздуха,Дом и быт,87,449846.55,5442.79,5.00,177.37,false
2024-11-24,Набор посуды,Дом и быт,65,459349.15,7066.91,0.00,177.04,false
2024-11-24,Фен,Красота,69,316518.18,4587.22,0.00,189.88,false
2024-11-25,Робот-пылесос,Электроника,40,877353.20,27417.29,20.00,87.57,true
2024-11-25,Электрический чайник,Кухня,73,231099.02,3165.74,0.00,143.20,false
2024-11-25,Кофеварка,Кухня,49,448370.09,9150.41,0.00,137.97,false
2024-11-25,Увлажнитель воздуха,Дом и быт,45,283440.60,6298.68,0.00,158.99,false
2024-11-25,Набор посуды,Дом и быт,59,380085.08,6442.12,0.00,170.24,false
2024-11-25,Фен,Красота,58,249122.18,4295.21,0.00,178.76,false
2024-11-26,Робот-пылесос,Электроника,28,728575.12,26020.54,0.00,85.83,false
2024-11-26,Электрический чайник,Кухня,82,257161.02,3136.11,0.00,179.87,false
2024-11-26,Кофеварка,Кухня,93,617157.30,8295.12,20.00,162.59,true
2024-11-26,Увлажнитель воздуха,Дом и быт,68,376580.60,6019.51,8.00,190.68,false
2024-11-26,Набор посуды,Дом и быт,35,235062.10,6716.06,0.00,162.14,false
2024-11-26,Фен,Красота,53,253471.97,4782.49,0.00,154.00,false
2024-11-27,Робот-пылесос,Электроника,27,746306.73,27640.99,0.00,88.85,false
2024-11-27,Электрический чайник,Кухня,66,210656.16,3191.76,0.00,175.29,false
2024-11-27,Кофеварка,Кухня,34,287691.00,8461.50,0.00,160.55,false
2024-11-27,Увлажнитель воздуха,Дом и быт,77,439695.41,5710.33,0.00,186.70,true
2024-11-27,Набор посуды,Дом и быт,51,332216.55,6514.05,0.00,172.92,false
2024-11-27,Фен,Красота,57,234042.57,4106.01,0.00,146.44,false
2024-11-28,Робот-пылесос,Электроника,25,640547.75,25621.91,0.00,94.66,false
2024-11-28,Электрический чайник,Кухня,64,202526.72,3164.48,0.00,139.55,false
2024-11-28,Кофеварка,Кухня,34,283363.14,8334.21,0.00,147.12,false
2024-11-28,Увлажнитель воздуха,Дом и быт,61,374910.27,6146.07,0.00,179.97,false
2024-11-28,Набор посуды,Дом и быт,39,272064.39,6976.01,0.00,164.87,false
2024-11-28,Фен,Красота,60,256339.80,4272.33,0.00,188.24,false
2024-11-29,Робот-пылесос,Электроника,35,730170.35,24543.54,15.00,91.87,false
2024-11-29,Электрический чайник,Кухня,56,196883.12,3515.77,0.00,171.01,false
2024-11-29,Кофеварка,Кухня,35,266701.40,8964.75,15.00,168.29,false
2024-11-29,Увлажнитель воздуха,Дом и быт,71,409669.29,5769.99,0.00,187.33,true
2024-11-29,Набор посуды,Дом и быт,43,311291.19,7239.33,0.00,154.34,false
2024-11-29,Фен,Красота,90,315804.60,4386.17,20.00,178.23,false
2024-11-30,Робот-пылесос,Электроника,22,565048.66,25684.03,0.00,100.71,false
2024-11-30,Электрический чайник,Кухня,55,178418.35,3243.97,0.00,143.74,false
2024-11-30,Кофеварка,Кухня,34,317349.54,9333.81,0.00,152.46,false
2024-11-30,Увлажнитель воздуха,Дом и быт,71,452724.40,6376.40,0.00,179.37,false
2024-11-30,Набор посуды,Дом и быт,97,540354.99,6963.34,20.00,154.24,true
2024-11-30,Фен,Красота,62,293481.34,4733.57,0.00,166.64,false
2024-12-01,Робот-пылесос,Электроника,27,749322.36,27752.68,0.00,86.16,false
2024-12-01,Электрический чайник,Кухня,85,287620.45,3759.75,10.00,135.30,false
2024-12-01,Кофеварка,Кухня,35,333286.10,9522.46,0.00,161.74,false
2024-12-01,Увлажнитель воздуха,Дом и быт,74,467171.62,6313.13,0.00,196.20,false
2024-12-01,Набор посуды,Дом и быт,74,464690.40,6279.60,0.00,178.61,false
2024-12-01,Фен,Красота,56,267835.68,4782.78,0.00,174.92,false
2024-12-02,Робот-пылесос,Электроника,27,714032.82,26445.66,0.00,96.22,false
2024-12-02,Электрический чайник,Кухня,66,220760.10,3344.85,0.00,136.24,false
2024-12-02,Кофеварка,Кухня,53,469794.12,8864.04,0.00,144.81,true
2024-12-02,Увлажнитель воздуха,Дом и быт,58,372587.94,6423.93,0.00,169.06,false
2024-12-02,Набор посуды,Дом и быт,50,337221.50,6744.43,0.00,151.77,false
2024-12-02,Фен,Красота,61,244774.09,4720.81,15.00,179.39,false
2024-12-03,Робот-пылесос,Электроника,35,955841.25,27309.75,0.00,99.01,true
2024-12-03,Электрический чайник,Кухня,74,254131.54,3434.21,0.00,152.73,false
2024-12-03,Кофеварка,Кухня,63,468579.51,8500.31,12.50,156.33,false
2024-12-03,Увлажнитель воздуха,Дом и быт,68,434152.12,6384.59,0.00,192.97,true
2024-12-03,Набор посуды,Дом и быт,39,251042.61,6436.99,0.00,182.40,false
2024-12-03,Фен,Красота,54,228059.82,4223.33,0.00,164.44,false
2024-12-04,Робот-пылесос,Электроника,47,949277.80,25246.75,20.00,94.70,false
2024-12-04,Электрический чайник,Кухня,101,331501.19,3751.08,12.50,151.98,true
2024-12-04,Кофеварка,Кухня,43,359014.31,8349.17,0.00,168.33,false
2024-12-04,Увлажнитель воздуха,Дом и быт,52,319971.08,6153.29,0.00,172.46,false
2024-12-04,Набор посуды,Дом и быт,56,366446.08,6543.68,0.00,177.29,false
2024-12-04,Фен,Красота,64,235441.28,4087.52,10.00,141.40,false
2024-12-05,Робот-пылесос,Электроника,25,667445.25,26697.81,0.00,90.34,false
2024-12-05,Электрический чайник,Кухня,83,243341.06,3350.65,12.50,147.57,false
2024-12-05,Кофеварка,Кухня,35,319399.50,9125.70,0.00,148.41,false
2024-12-05,Увлажнитель воздуха,Дом и быт,49,300036.31,6123.19,0.00,168.90,false
2024-12-05,Набор посуды,Дом и быт,49,353525.20,7214.80,0.00,174.98,true
2024-12-05,Фен,Красота,56,237422.64,4239.69,0.00,173.30,false
2024-12-06,Робот-пылесос,Электроника,23,622145.40,27049.80,0.00,106.52,false
2024-12-06,Электрический чайник,Кухня,55,199526.25,3627.75,0.00,158.10,false
2024-12-06,Кофеварка,Кухня,32,315549.44,9860.92,0.00,142.60,false
2024-12-06,Увлажнитель воздуха,Дом и быт,53,322426.56,6083.52,0.00,185.75,false
2024-12-06,Набор посуды,Дом и быт,56,306661.04,6258.39,12.50,164.95,false
2024-12-06,Фен,Красота,69,327970.80,4753.20,0.00,161.39,false
2024-12-07,Робот-пылесос,Электроника,20,492501.80,24625.09,0.00,102.44,false
2024-12-07,Электрический чайник,Кухня,132,367818.00,3483.13,20.00,144.29,true
2024-12-07,Кофеварка,Кухня,32,305876.48,9558.64,0.00,169.12,false
2024-12-07,Увлажнитель воздуха,Дом и быт,73,408718.24,6085.74,8.00,170.80,false
2024-12-07,Набор посуды,Дом и быт,59,423466.01,7177.39,0.00,179.03,false
2024-12-07,Фен,Красота,88,316675.04,4112.66,12.50,163.55,false
2024-12-08,Робот-пылесос,Электроника,32,669405.76,24610.50,15.00,101.16,false
2024-12-08,Электрический чайник,Кухня,92,289098.04,3491.53,10.00,149.58,false
2024-12-08,Кофеварка,Кухня,46,394443.56,8574.86,0.00,156.20,false
2024-12-08,Увлажнитель воздуха,Дом и быт,56,362150.32,6466.97,0.00,169.33,false
2024-12-08,Набор посуды,Дом и быт,67,445853.51,6654.53,0.00,165.45,true
2024-12-08,Фен,Красота,72,296030.16,4111.53,0.00,166.82,false
2024-12-09,Робот-пылесос,Электроника,23,664069.34,28872.58,0.00,93.51,false
2024-12-09,Электрический чайник,Кухня,72,252917.28,3512.74,0.00,148.24,false
2024-12-09,Кофеварка,Кухня,50,416908.00,9264.63,10.00,147.74,false
2024-12-09,Увлажнитель воздуха,Дом и быт,61,390382.92,6399.72,0.00,182.26,false
2024-12-09,Набор посуды,Дом и быт,50,308242.50,6164.85,0.00,181.30,false
2024-12-09,Фен,Красота,61,253648.37,4158.17,0.00,168.66,false
2024-12-10,Робот-пылесос,Электроника,28,731883.32,26138.69,0.00,110.70,false
2024-12-10,Электрический чайник,Кухня,80,270269.60,3378.37,0.00,174.78,false
2024-12-10,Кофеварка,Кухня,56,449697.36,9447.42,15.00,162.08,false
2024-12-10,Увлажнитель воздуха,Дом и быт,63,368269.65,5845.55,0.00,168.30,false
2024-12-10,Набор посуды,Дом и быт,55,338556.90,6839.53,10.00,181.23,false
2024-12-10,Фен,Красота,48,208563.84,4345.08,0.00,171.96,false
2024-12-11,Робот-пылесос,Электроника,42,1028866.86,24496.83,0.00,94.59,true
2024-12-11,Электрический чайник,Кухня,95,288876.00,3378.67,10.00,146.71,false
2024-12-11,Кофеварка,Кухня,35,338917.25,9683.35,0.00,167.40,false
2024-12-11,Увлажнитель воздуха,Дом и быт,49,274956.64,5611.36,0.00,173.41,false
2024-12-11,Набор посуды,Дом и быт,39,249407.73,6395.07,0.00,146.54,false
2024-12-11,Фен,Красота,67,277357.89,4139.67,0.00,175.68,true
2024-12-12,Робот-пылесос,Электроника,24,697640.40,29068.35,0.00,93.29,false
2024-12-12,Электрический чайник,Кухня,70,224463.40,3664.71,12.50,189.84,false
2024-12-12,Кофеварка,Кухня,30,291880.20,9729.34,0.00,153.33,false
2024-12-12,Увлажнитель воздуха,Дом и быт,46,251633.34,5470.29,0.00,186.01,false
2024-12-12,Набор посуды,Дом и быт,45,284875.20,6330.56,0.00,166.97,false
2024-12-12,Фен,Красота,56,246672.72,4404.87,0.00,158.63,false
2024-12-13,Робот-пылесос,Электроника,34,808727.40,26429.00,10.00,104.50,false
2024-12-13,Электрический чайник,Кухня,57,190832.58,3347.94,0.00,187.58,false
2024-12-13,Кофеварка,Кухня,50,358158.00,8427.24,15.00,173.84,false
2024-12-13,Увлажнитель воздуха,Дом и быт,48,268316.16,5589.92,0.00,171.75,false
2024-12-13,Набор посуды,Дом и быт,50,363183.00,7263.66,0.00,171.43,false
2024-12-13,Фен,Красота,58,251562.24,4714.43,8.00,139.28,false
2024-12-14,Робот-пылесос,Электроника,25,635563.25,27633.19,8.00,107.13,false
2024-12-14,Электрический чайник,Кухня,104,303874.48,3246.52,10.00,168.57,true
2024-12-14,Кофеварка,Кухня,29,285289.82,9837.58,0.00,173.94,false
2024-12-14,Увлажнитель воздуха,Дом и быт,59,368428.45,6244.55,0.00,160.23,false
2024-12-14,Набор посуды,Дом и быт,71,438716.10,6179.10,0.00,164.31,false
2024-12-14,Фен,Красота,58,241722.54,4167.63,0.00,175.11,false
2024-12-15,Робот-пылесос,Электроника,24,647562.96,26981.79,0.00,111.53,false
2024-12-15,Электрический чайник,Кухня,65,234249.60,3793.52,5.00,176.05,false
2024-12-15,Кофеварка,Кухня,43,362019.15,8419.05,0.00,157.45,false
2024-12-15,Увлажнитель воздуха,Дом и быт,52,292443.32,5623.91,0.00,175.58,false
2024-12-15,Набор посуды,Дом и быт,51,344281.62,6750.62,0.00,152.58,false
2024-12-15,Фен,Красота,53,248812.21,4694.57,0.00,137.57,false
2024-12-16,Робот-пылесос,Электроника,27,709360.47,26272.61,0.00,95.72,false
2024-12-16,Электрический чайник,Кухня,82,285079.56,3476.58,0.00,149.92,false
2024-12-16,Кофеварка,Кухня,84,581652.96,8655.55,20.00,155.56,true
2024-12-16,Увлажнитель воздуха,Дом и быт,60,385596.60,6426.61,0.00,176.26,false
2024-12-16,Набор посуды,Дом и быт,43,290073.27,6745.89,0.00,145.57,false
2024-12-16,Фен,Красота,54,240453.90,4452.85,0.00,143.93,false
2024-12-17,Робот-пылесос,Электроника,31,797720.21,25732.91,0.00,116.15,false
2024-12-17,Электрический чайник,Кухня,76,284147.28,3738.78,0.00,150.26,false
2024-12-17,Кофеварка,Кухня,41,376969.58,9194.38,0.00,153.42,false
2024-12-17,Увлажнитель воздуха,Дом и быт,68,415855.36,6115.52,0.00,187.38,false
2024-12-17,Набор посуды,Дом и быт,49,339300.99,6924.51,0.00,178.03,false
2024-12-17,Фен,Красота,55,232945.90,4458.30,5.00,132.48,false
2024-12-18,Робот-пылесос,Электроника,37,850867.54,27054.61,15.00,115.87,true
2024-12-18,Электрический чайник,Кухня,93,275760.81,3223.01,8.00,178.18,false
2024-12-18,Кофеварка,Кухня,40,358480.40,8962.01,0.00,159.22,false
2024-12-18,Увлажнитель воздуха,Дом и быт,47,266705.73,5674.59,0.00,195.95,false
2024-12-18,Набор посуды,Дом и быт,47,335826.28,7145.24,0.00,144.64,true
2024-12-18,Фен,Красота,55,229660.20,4175.64,0.00,127.58,true
2024-12-19,Робот-пылесос,Электроника,33,847769.34,25689.98,0.00,101.03,false
2024-12-19,Электрический чайник,Кухня,64,214529.28,3352.02,0.00,198.41,false
2024-12-19,Кофеварка,Кухня,37,301537.05,8578.57,5.00,157.35,false
2024-12-19,Увлажнитель воздуха,Дом и быт,38,229323.54,6034.83,0.00,180.81,false
2024-12-19,Набор посуды,Дом и быт,47,310056.18,6596.94,0.00,156.35,false
2024-12-19,Фен,Красота,107,348424.10,4070.37,20.00,163.22,true
2024-12-20,Робот-пылесос,Электроника,29,730732.43,25197.67,0.00,118.00,false
2024-12-20,Электрический чайник,Кухня,65,207818.00,3552.45,10.00,192.43,false
2024-12-20,Кофеварка,Кухня,42,364308.42,9637.79,10.00,165.41,false
2024-12-20,Увлажнитель воздуха,Дом и быт,55,331980.55,6036.01,0.00,165.18,false
2024-12-20,Набор посуды,Дом и быт,42,280395.36,6676.08,0.00,161.91,false
2024-12-20,Фен,Красота,57,238881.87,4190.91,0.00,129.41,false
2024-12-21,Робот-пылесос,Электроника,20,555944.00,27797.20,0.00,117.48,false
2024-12-21,Электрический чайник,Кухня,62,205878.44,3320.62,0.00,186.84,false
2024-12-21,Кофеварка,Кухня,32,320041.92,10001.31,0.00,156.15,false
2024-12-21,Увлажнитель воздуха,Дом и быт,63,372328.11,5909.97,0.00,176.93,false
2024-12-21,Набор посуды,Дом и быт,70,373123.10,6662.91,20.00,150.66,false
2024-12-21,Фен,Красота,66,279333.78,4232.33,0.00,135.18,false
2024-12-22,Робот-пылесос,Электроника,26,675906.14,25996.39,0.00,108.51,false
2024-12-22,Электрический чайник,Кухня,67,257321.54,3840.62,0.00,176.25,false
2024-12-22,Кофеварка,Кухня,43,385277.42,8959.94,0.00,173.62,false
2024-12-22,Увлажнитель воздуха,Дом и быт,70,416254.30,5946.49,0.00,179.47,false
2024-12-22,Набор посуды,Дом и быт,103,537824.80,6143.06,15.00,170.26,true
2024-12-22,Фен,Красота,54,244313.28,4524.32,0.00,154.32,false
2024-12-23,Робот-пылесос,Электроника,27,793223.55,29378.65,0.00,100.75,false
2024-12-23,Электрический чайник,Кухня,60,212068.20,3534.47,0.00,160.77,false
2024-12-23,Кофеварка,Кухня,53,448946.04,8470.68,0.00,178.47,false
2024-12-23,Увлажнитель воздуха,Дом и быт,79,414171.72,5991.64,12.50,165.44,false
2024-12-23,Набор посуды,Дом и быт,47,320074.23,6810.09,0.00,175.16,false
2024-12-23,Фен,Красота,47,206949.93,4634.93,5.00,155.01,false
2024-12-24,Робот-пылесос,Электроника,36,906109.92,25169.72,0.00,104.97,true
2024-12-24,Электрический чайник,Кухня,104,343076.24,3665.34,10.00,178.40,true
2024-12-24,Кофеварка,Кухня,41,392589.76,9575.36,0.00,158.23,false
2024-12-24,Увлажнитель воздуха,Дом и быт,56,344832.88,6157.73,0.00,194.24,false
2024-12-24,Набор посуды,Дом и быт,68,343968.48,6322.95,20.00,152.03,false
2024-12-24,Фен,Красота,42,167750.52,3994.06,0.00,129.19,false
2024-12-25,Робот-пылесос,Электроника,29,813501.04,28051.76,0.00,118.93,false
2024-12-25,Электрический чайник,Кухня,85,280629.20,3301.52,0.00,191.34,false
2024-12-25,Кофеварка,Кухня,43,393907.95,9160.65,0.00,154.41,false
2024-12-25,Увлажнитель воздуха,Дом и быт,72,374733.36,5478.56,5.00,162.27,false
2024-12-25,Набор посуды,Дом и быт,46,251883.58,6442.04,15.00,160.46,false
2024-12-25,Фен,Красота,35,164713.50,4706.10,0.00,161.82,false
2024-12-26,Робот-пылесос,Электроника,28,769988.80,27499.60,0.00,108.19,false
2024-12-26,Электрический чайник,Кухня,58,213734.64,3685.08,0.00,192.92,false
2024-12-26,Кофеварка,Кухня,31,292746.02,9443.42,0.00,167.01,false
2024-12-26,Увлажнитель воздуха,Дом и быт,54,341323.20,6320.80,0.00,158.16,false
2024-12-26,Набор посуды,Дом и быт,37,232266.02,6277.46,0.00,173.05,false
2024-12-26,Фен,Красота,53,231595.16,4369.72,0.00,164.98,false
2024-12-27,Робот-пылесос,Электроника,38,932011.56,25817.49,5.00,110.76,true
2024-12-27,Электрический чайник,Кухня,50,163677.50,3273.55,0.00,185.09,false
2024-12-27,Кофеварка,Кухня,35,311129.00,8889.40,0.00,173.08,false
2024-12-27,Увлажнитель воздуха,Дом и быт,54,305203.14,5651.91,0.00,170.57,true
2024-12-27,Набор посуды,Дом и быт,37,246354.14,6658.22,0.00,149.14,false
2024-12-27,Фен,Красота,56,223885.76,3997.96,0.00,130.98,false
2024-12-28,Робот-пылесос,Электроника,26,673772.06,25914.31,0.00,127.53,false
2024-12-28,Электрический чайник,Кухня,68,226767.08,3334.81,0.00,203.20,false
2024-12-28,Кофеварка,Кухня,43,399945.58,9301.06,0.00,161.30,false
2024-12-28,Увлажнитель воздуха,Дом и быт,84,475975.92,5666.38,0.00,195.48,false
2024-12-28,Набор посуды,Дом и быт,63,394210.53,6801.42,8.00,152.89,false
2024-12-28,Фен,Красота,75,296871.00,3958.28,0.00,158.68,false
2024-12-29,Робот-пылесос,Электроника,42,1084834.38,25829.39,0.00,126.65,true
2024-12-29,Электрический чайник,Кухня,94,279495.84,3398.12,12.50,196.66,false
2024-12-29,Кофеварка,Кухня,56,479590.72,9014.87,5.00,177.41,false
2024-12-29,Увлажнитель воздуха,Дом и быт,83,461885.87,5564.89,0.00,186.52,false
2024-12-29,Набор посуды,Дом и быт,95,473831.50,6234.62,20.00,162.18,false
2024-12-29,Фен,Красота,45,176704.20,4133.43,5.00,149.71,false
2024-12-30,Робот-пылесос,Электроника,31,808551.30,27455.06,5.00,112.14,false
2024-12-30,Электрический чайник,Кухня,104,334369.36,3384.30,5.00,186.98,false
2024-12-30,Кофеварка,Кухня,59,516858.29,9221.38,5.00,168.16,false
2024-12-30,Увлажнитель воздуха,Дом и быт,65,388462.10,5976.34,0.00,174.20,false
2024-12-30,Набор посуды,Дом и быт,47,330455.59,7030.97,0.00,156.88,false
2024-12-30,Фен,Красота,78,276886.74,4437.29,20.00,163.37,false
